Date,AAPL,ABBV,ABNB,ABT,ADBE,ADI,ADP,ADSK,AEP,AFL,AJG,ALNY,AMAT,AMD,AMGN,AMT,AMZN,ANET,AON,APD,APH,APO,AVGO,AXP,AZO,BA,BAC,BK,BKNG,BLK,BMY,BSX,BX,C,CAT,CDNS,CEG,CI,CL,CMCSA,CME,CMI,COF,COP,COR,COST,CPNG,CRM,CRWD,CSCO,CSX,CTAS,CVS,CVX,DASH,DE,DELL,DHR,DIS,DLR,DUK,ECL,ELV,EMR,EOG,EPD,EQIX,ET,FI,FTNT,GD,GE,GEV,GILD,GLW,GM,GOOG,GOOGL,GS,HCA,HD,HLT,HON,HWM,IBKR,IBM,ICE,INTC,INTU,ISRG,ITW,JNJ,JPM,KKR,KLAC,KMI,KO,LIN,LLY,LMT,LOW,LRCX,MA,MAR,MCD,MCK,MCO,MDLZ,MDT,META,MMC,MMM,MNST,MO,MPC,MRK,MS,MSFT,MSI,MU,NEE,NEM,NET,NFLX,NKE,NOC,NOW,NSC,NVDA,ORCL,ORLY,PANW,PEP,PFE,PG,PGR,PH,PLD,PM,PNC,PWR,PYPL,QCOM,RBLX,RCL,REGN,RSG,RTX,SBUX,SCCO,SCHW,SE,SHW,SNOW,SNPS,SO,SPG,SPGI,SRE,SYK,T,TBB,TDG,TFC,TJX,TMO,TMUS,TRI,TRV,TSLA,TXN,UBER,UNH,UNP,UPS,URI,USB,V,VRTX,VZ,WDAY,WELL,WFC,WM,WMB,WMT,XOM,ZTS
2025-01-03,-0.001960189139734503,0.009101746775966646,0.03188583798984723,0.0029876043968402044,-0.02267469888387197,0.01776276650843478,0.006922304431231652,0.00192792424141075,0.0004158348853140481,0.007703942774317518,0.016448565506360424,-0.0009664174055119545,0.03647144135228242,0.03560795609217582,0.007377430779962779,0.007870394096872069,0.017481522650192538,0.028049394877339928,-0.002504929242697962,0.002544845964023601,0.011847855425140885,0.01973717847625789,-0.0006338762625093253,0.017115164419001516,0.004498461353751537,-0.013620230567123137,0.010743172283036007,-0.007974130231403365,-0.005606704892915815,0.0022189976023154756,0.00856202561551056,0.014293645688519874,0.011793358781126528,0.01308426437508281,0.009540736490984969,0.019003973779038397,0.03799021601909924,0.022405347088173322,-0.004085877032987462,0.00710818799662194,-0.0018092393532649353,0.018179679158318862,0.0083165299010588,0.010277686950030507,0.01837243967663138,0.007494121559509459,0.003617901695049053,0.008365437776603812,0.03164666344225786,0.0017444896781366737,0.004936728635920318,0.01989491726299608,0.032933287526780486,0.007516672475688324,0.022543345780087876,0.00909098213976467,0.026811365837931866,0.022363425150900618,0.002207520059765322,0.02592838826302568,-0.0010407309710007695,0.003579831079722595,0.01739508301459125,0.009224689345045611,0.01520003093539124,0.0025734581723066974,0.01743055681889505,-0.0031017906262786887,0.015873277451643908,0.02941857920096691,0.007409407634829002,0.01697435697948535,0.039245592175367605,-0.006156605320040143,0.014261606499805346,0.00667333171457507,0.01180518491994853,0.011106495514457748,0.00709911405034358,-0.005132652114587799,0.0016248603365349723,0.0049836477498832465,0.004132288553651442,0.014661406362044715,0.004670507110895894,0.011490335444014121,0.002526412018785784,0.01559135469436912,0.01047683564872326,0.022423413179566865,0.008732734950459786,0.00020200359031363746,0.012205130623125449,0.018596762832815195,0.029325876903902426,0.005574329398317701,-0.001838224344457906,-0.0021469013303176965,0.005758423302589577,-0.0009218589394741628,0.005908762256124689,0.033611159856973494,-0.002531357283860558,0.0030309320311463495,0.007467371603741668,0.01856763867986544,0.012833416576421008,0.005574673723766743,0.008611325053429653,0.007639100158933765,0.00031716675859883026,0.0007333810297760479,1.0320808800479142e-05,0.010363201639758568,0.007202109456351025,0.0004905105715558022,0.00794183561008932,0.00954624330385112,0.005528827899349054,0.026017437532585674,0.00485345284821026,-0.01062393843707099,0.015532778305296091,-0.008457858020141984,-0.005172996487786463,-0.0018191826789717425,0.018507321250306852,0.004241346831964421,0.04102124678865415,-0.0019347433692811222,0.012602445646812122,0.013375734077040846,-0.0035835967365409616,-0.0006421209544340556,-0.00474533835624058,0.006823907252036854,0.011803688770813281,0.01313093903768614,0.00597823177218082,0.0213367080881941,0.03207034497115746,0.0171559687576206,0.026890414139769447,0.021905576923455516,-0.0031462796765113765,0.005582092366499758,0.004309433769424942,-0.00299471611498614,0.005331473549047949,-0.002560319946006473,0.0066495077064550046,0.010889340622018295,0.0099753062567558,0.02745449294444402,0.02149015507120655,0.0022992075717338523,0.014289426844732667,0.0077549534261196484,0.005728595875980069,0.007601436172393505,-0.008284251009017307,0.0012458820493654876,0.01632912964430311,0.01724536250467379,-0.004246923794527291,0.01900671051690761,-0.0019571676030576413,0.006009799359791401,0.005056096595168924,0.07847092235467112,0.018348707726173252,0.02006975374002895,0.02072074046226824,0.010694303875743216,0.0012769296568162503,0.005796365021437211,0.020239612424230113,0.001342524037815096,0.0042205511178528,0.0006054492489107055,0.004636494574436156,0.007435794140961072,0.015056780629440603,0.005294033067309023,0.012405261341027707,0.008092344695021403,0.004852173944655647,0.004929602604205385
2025-01-06,0.006767635054251819,-0.00696850189182463,-0.003544915803464832,-0.007409027264978718,0.0026759373341658232,0.011058479097445506,-0.01585238024528035,-0.005876639749820889,-0.019752637927933137,-0.013450499476993727,-0.014061865896291437,-0.008622529525058376,0.04210031812292314,0.029864099394054655,-0.010196321317665458,-0.013224440310282581,0.01475438057799483,0.030287510781633387,-0.015372371546892083,-0.0020040765308255715,0.01076301778979083,0.0008642132994864937,0.013374334052238979,-0.004661481693058356,0.006258458581513082,0.003074303935762579,0.012151477932027976,0.01103284874366306,-3.3666528130638085e-05,-0.009103019574238758,0.0034085759399347104,0.0063375723106808834,-0.0069491537523633795,0.022253796322586616,-0.00044482476421414674,0.012376112699389985,0.04438325081804795,-0.0036786207891612577,-0.029037722424923196,-0.004340268823575855,-0.030015470591302496,0.00945016591552239,0.0157188959569039,-0.010704557719134478,-0.002675416890613569,0.006746284378408518,-0.010708044543680906,-0.005530795107595132,0.018811063484901247,-0.002507695682572475,-0.01121363454986879,-0.0045877308864596955,-0.0004265373470353495,-0.004222313020187052,-0.0020565665989957793,-0.010568675919977899,0.03706704766834257,0.014917933675021366,-0.001845928745986214,-0.012343837553328463,-0.013838153414942767,-0.003115388310774847,0.023393019899276446,-0.012031986119017901,-0.0010275814880662537,0.00319364719023163,-0.02012388241890406,-0.0005629060493337334,-0.010818708363567353,0.0059261926192357706,-0.022230917477426893,2.7542181174844416e-05,0.04336965869676224,-0.0029992972346279956,0.015019772677142385,0.0323482055754698,0.023477339338405123,0.024867661455047596,0.003768463524099097,-0.0008589626112840421,0.0002611568920363183,-0.012832377355587177,-0.02161977395691128,-0.005538939520035591,0.03198746812696118,-0.0006660479838798139,-0.022812503274796114,-0.03522019609490368,-0.009475690048452279,0.014303589909721026,-0.00794483119528877,-0.004660100081376406,-0.00625631334195198,-0.00878188549859793,0.047226675245876315,-0.015788039921451613,-0.01572147040594274,-0.0019555075889288176,-0.021076827391567576,-0.033414732064992236,0.004911893315590277,0.03491491522140766,-0.018791272159421446,-0.009698753057050702,-0.009122369507921668,0.0040928285132135755,-0.013045551286999135,-0.028237065136650585,-0.014254716302703585,0.040105231060778124,-0.012645595928142406,0.002652319549764748,-0.011492971324543966,-0.021520037705207606,-0.017197567267576375,0.006626491288823644,0.01990044992418838,0.008788244289769764,-0.011877529393514052,0.0967256379989978,-0.010911690050957823,-0.012256903826679544,-0.010210935187211945,-0.0011922482486088626,-0.018305115272782224,-0.028891616834464173,0.0032965009616257035,0.0033683536070014952,0.031203070085419782,-0.007474932127941258,0.003974062300978964,-0.021092174661706764,-0.02269341595160057,0.011329026581854418,-0.02742735047020961,-0.010596171575712354,0.004117478784721129,0.009780198187098854,-0.009984541728840668,-0.0007796259843155795,0.002443347765899162,0.022605908631761373,0.012701424940711803,0.018437406183599236,-0.005114514733724818,-0.0011832619337726058,-0.0008749265533092299,-0.017180808225135458,0.006816309621656913,0.015774304837896658,-0.0011745852736471107,0.017085464561168884,0.0036774570536159956,0.0032774032277069765,0.013818359964885119,-0.017401535994615358,-0.009714438157053529,-0.011253104843580886,-0.03715972194311501,-0.0006164707009643777,-0.004343795586382981,-0.0032629175718192904,-0.01981656651745478,-0.00036911439142306435,0.00046733611795080066,0.010755619488460155,-0.031238887099454438,-0.009261517682970677,-0.002432435870693972,0.0010009477464603123,0.008212807473403139,0.024120821533991865,0.005337621393984193,-0.006096815131584776,0.005310064387252567,-0.018516051833462832,-0.003103702990991053,-0.006234220985851913,-0.010514111869215803,-0.016914186641922235,0.005802012896420017,-0.015512953648721961,0.009272382674740065,0.0003194293144721527,-0.014452993034395956,0.0065976564818317485,-0.0013734453317955087,0.01636906326438048
2025-01-07,-0.011401755404719438,-0.003939098510893579,-0.029126326503075894,0.0027351472041141633,-0.01876826873579418,-0.010897913197324804,0.004317580040165581,-0.006386050647288144,0.0008794718149225389,0.010181161676123374,0.012280032549212727,0.00815035757288296,0.0013076879640747663,-0.02021821873391172,0.013252646023491188,-0.017836274199782842,-0.024846225922734,-0.03350294620963723,0.00022991049020859577,0.011209005477453182,0.0008052492347738749,-0.03949247763871533,-0.0365068495958365,-0.00023095393106586926,-0.01150248923185515,0.007987127989253828,0.013937708492096856,-0.0012406288825843603,-0.024672286327614756,-0.03323365305948922,0.009548989335055769,0.007382023745608812,-0.020497073947105093,0.010882187653276532,-0.004871491271093653,-0.02283166267074499,-0.03488898929931672,0.0009985490334658564,-0.0013735635178901973,-0.007853608944754065,0.00439231431831999,0.0044944311766830225,-0.01018345317956193,0.016898524696962625,0.021870167605496427,-0.001372778099799632,0.020925107132339527,-0.01547362166965982,-0.019134155225246197,0.0017413178424794395,0.0052752485407849825,0.018824270365591644,-0.002391598933151773,0.015474791269721067,-0.031501269844409485,-0.011904039107344389,-0.02935201528690623,0.004483049348763757,0.002201046248991645,0.0010589409827215235,0.0034581891597627035,-0.00048201554147286885,0.004746827843464807,-0.012651217904795509,0.00961013777361508,5.6927829947373e-05,0.0009728584983745847,-0.006192041066756637,-0.0054635917614795915,-0.01962053690015253,0.004821980376049417,-0.003630003513596769,-0.01188228316834472,-0.0076266192690619405,-0.012698237401793211,-0.03046633753938277,-0.0075584872916794055,-0.008309394100024292,-0.0074563057266061605,0.03571856440837706,-0.013515643765980911,-0.009661343184433235,-0.005310533625269009,-0.0101916556916537,0.0037786457092070513,0.005020779987754409,-0.0017718085008562312,0.005937180950650767,-0.017085149547886758,-0.018366718576772634,-0.0073605542255563705,0.01675366249030663,0.00821729426207618,-0.027972920778363886,-0.0036500638936347585,-0.0008203463267060229,0.00011143646185640677,0.00440052109030642,0.01139332047510333,-0.004417108970366179,-0.012920666522999724,-0.0085003925544882,-0.001574290424809277,-0.010460810382005192,-0.010030681039229883,0.007180843432762707,-0.019929975650981646,0.0007441060951345335,-7.162344244093788e-05,-0.02104217312388368,0.00781760750423377,0.018279460889361943,-0.0077061894338905645,-0.013731298508827816,0.006415355652857002,0.013745439615641786,-0.015087613145816192,-0.014676056090225487,-0.0029906285404939226,0.02369472643640158,-0.011874141083440648,0.005918543779665608,-0.006551279542989619,-0.004984701882504439,0.000975004925296119,-0.007473530742380774,-0.021244603853786792,0.0021704829429447514,-0.0667391845798182,-0.026016982263616484,-0.010123089924648276,-0.022895259710312033,-0.005814343909887221,0.008995475058512614,0.004737899293017378,0.011486020150043963,-0.010117757367383184,-0.0006740292051885532,0.0017102486718849619,-0.004776430905737428,-0.027731481644934775,-0.0167648413828676,0.004166772222252035,-0.015644808603633376,-0.01637312857945261,0.020863928158413536,0.009969049536542762,0.004329143461185403,-0.0022257071288782626,0.0014173635179410837,-0.03183749084080478,-0.021830477885421473,-0.010294088250685896,-0.028353545755406273,-0.028148652129099894,0.0008621358121372324,-0.0016187588427145627,-0.006188777923521904,-0.0037686166351384998,-0.017423727413811818,-0.019108774153973496,-0.005335960608436885,1.715651320299827e-05,-0.0033213174088793096,-0.006914808942645401,0.016710473115174374,-0.00023066955731199101,-0.003463974662964553,-0.0015660598271285409,-0.04193479455116034,-0.00035858035841762614,-0.004576078616898016,0.005160998685658669,0.0026619080859537902,0.008103084142448758,-5.693226118275163e-05,-0.0010551788675190465,-0.004664500584067532,0.015280014866595693,-0.018210702147067437,-0.01703164310478744,0.00018518224373220704,-0.006901170975344151,0.00782061339642759,-0.005066741666177599,-0.007341224658786949,0.009070632640074017,-0.013999123074865949
2025-01-08,0.0020722515541145015,-0.0065227125081941395,-0.003518854728463694,0.007023067936158256,-0.005982677112851498,0.019870059950501506,0.011932800831105261,0.018312405569013812,0.018812714794536056,0.00699216527409785,0.020508059275634594,0.01552052500380885,-0.005284914990792089,-0.04700692157045694,0.008093679553615729,0.010791355540574088,-0.0002952819685377861,-9.178381301122585e-05,0.011758802261343071,-0.0034202234730509318,0.001341073798070802,-0.002269792247365565,-0.0001618405574905779,0.002049934655653729,0.011974196081542487,-0.00644892701633637,0.0018879622889715897,-0.001882362922975389,0.01454340343833671,0.004283387564594676,-0.004325968295445293,0.04189077246608797,0.01467131552049672,-0.00767440567847455,-0.006902250658186837,0.0018964670448120557,-0.048829710649674674,-0.002147928229185858,0.0011421783847431755,0.008553132093557902,0.009173732390988398,-0.0015484087344557196,-0.010929837402527731,-0.00025534912780855734,0.0139316501988338,0.006571431992563603,-0.023073030399630934,0.007658393020657073,-0.004794690887310438,0.0035936855442502136,-0.0003340387716264104,0.020066589480626895,0.003493103996855318,0.004511354090424469,0.01924694826748663,-0.008467628317965215,-0.018075674984124213,-0.003521382938230566,-0.015597251060976092,0.0049895254830696345,0.012537409056889715,0.012692159337868603,0.008371974744261657,-0.004188884942642801,0.007426420295842284,0.015903114942666274,0.012500056701576945,0.012694746514728461,0.010271575270095923,0.002261791165230953,0.00539323552143145,0.0005424216224714229,-0.00986403778548528,-0.01760527003168555,-0.005020746128635345,-0.020116560495608837,-0.007957239509324587,-0.009183853927713592,-0.0020074965770566777,0.008215076145134503,0.0074730798942006516,0.007211193722281628,-0.002379173505432597,0.02694455355458647,-0.0034579358834876395,-0.004244834689589361,7.125340655012025e-05,-0.007601881303981539,0.015710404203443495,0.023731926232669842,-0.0042155335182476605,-0.028431694091739956,-0.0015334774920079397,0.01072805184694925,-0.0067077551454906015,0.017011242888882006,0.013816647947386684,0.011592588542701066,0.018599346592287347,0.01045472552492388,0.0011506612837060004,-0.008795112894453894,0.009191267348368726,0.013815584210319365,-0.0087317817206376,0.007469117358060551,0.01688306647582216,-0.0004575147916519029,0.034129938362984724,-0.01298735568562659,0.007151499836633768,0.012592281120440418,-0.0005483700724799867,-0.000980279202382306,0.003124865570328872,-0.010856373133920627,0.006382534302382226,0.0033866712131125354,0.016378397020054614,-0.027490139491362697,0.0028215231766033355,0.02127688917517867,0.013961039608136439,-0.006808902354455526,-0.01143352938552411,0.020061622376758237,-0.004574729569322145,-0.004781236909331632,-0.0027670785487741156,0.0031473065207912043,0.0038027661264461443,-0.01580356885763745,0.007961334310651935,-0.009892016673740844,0.005336362501323855,0.005713460723526076,0.008746746213216916,-0.01010859155385102,0.0021918668926401708,-0.0010372593280987275,-0.026345190304311927,0.000472024046383801,-0.009027287354521185,0.006740749636803489,0.005555903582042276,0.005946762984567755,0.01864614474107462,0.007921617218416444,-0.0016952862749368691,0.018289889510718638,0.008611137064634455,0.024317664330441247,0.009227370399392143,0.011683252457479476,0.0281045091241241,0.022779383290403743,0.002739424591421624,0.008711434893316827,-0.017331517331133917,0.024630101753976952,-0.002152494713863362,0.0016673711120382961,0.0231946548190205,-0.00082407403298701,0.011716174373014532,-0.00023569445812121614,0.014822776754622069,-0.005850176490835857,0.003761040535197324,0.0009855770366593575,-0.0033804248371200885,-0.02108347584638892,0.02380663439857944,0.005897104493012506,0.01606486398853768,-0.024855633176742664,-0.004142389747895603,0.002701134430886931,0.010138113585671071,-0.00012353355466965255,0.02054064243748499,0.0165236594592697,-0.0010531080384286184,0.015336683120676042,0.01461122656255398,0.010305891240555809,-0.017137451597569964,0.009949055500745985
2025-01-10,-0.02434785659091787,-0.019600713680810955,-0.00876493735004047,-0.017570662108872703,-0.03183780273343917,-0.038374654361754246,-0.01751349139339986,-0.03985157510416837,0.012677983665150272,-0.02530746470055334,0.005508871802278215,-0.014528912847824316,-0.03124214846695139,-0.051707155522160875,-0.007599203929044229,-0.03304538296358839,-0.014850429845330027,-0.012178898408463645,-0.00806063141967428,0.027438220159680782,-0.02677731784018622,-0.040907329264641135,-0.025133836998287862,-0.03273611478714589,-0.017139423754244376,-0.0006955194176123669,-0.02502149678466603,-0.03474889808212822,-0.028892647945848893,-0.032523023025429865,-0.015934972357352972,-0.011470850261806831,-0.05440861942776909,-0.027674587210511525,-0.029856839868682705,-0.014008921229429205,0.22281150047472487,-0.0011489362438465989,-0.012315559286389721,-0.021583214035786558,-0.0012997427047771737,-0.01453903143949642,-0.02855462599010128,0.003184206974226278,-0.008197841565010577,0.010347174838580386,-0.04530352373474411,-0.026460675902703734,-0.029356075850030194,-0.008778074650953371,-0.013773992895421472,-0.01808594231254368,0.04103233292268005,0.018495585002531456,-0.023340202385911724,-0.004017417443050952,-0.040576401528702455,-0.012053527907683659,-0.011020309113702886,-0.04302244232927688,-0.022716364310911175,-0.021634002769923555,-0.0036146883185574907,-0.0208478918272057,0.023100197569262626,-0.008300945294853257,-0.05445185486522064,-0.015380923856341155,-0.019889605222165763,-0.014414480756131276,-0.00961699260070148,-0.00978291442375312,-0.0026226043587067593,0.007239182023023538,-0.015372524952490085,-0.02389039950174343,-0.01265088121533875,-0.011171753230281745,-0.036961351011534305,-0.029058093678942853,0.00669625686840547,-0.011496977550958576,-0.009325825028693835,-0.02413372790586088,-0.032199079887706095,-0.016243849382908238,-0.02687397797175528,-0.038495343590336795,-0.003929833902645896,0.007485353981625309,-0.01127047667772807,-0.002454959657262279,-0.014868357014187872,-0.050829839219922235,-0.006786919611178277,-0.0047073449631827025,-0.010806955012906627,-0.014578160853687017,0.016724885921441057,-0.0017375678470825662,0.003936376871206626,-0.03409809285159948,-0.022042587715255912,-0.010167177350643541,-0.016391176657268858,-0.015611325809413934,-0.04214147123684686,-0.03608206308307871,-0.02518245271207764,0.0070656738272658615,-0.010006712126092943,-0.025564441741770416,-0.038229988121872616,-0.013677438670783193,-0.0020151486295292287,-0.0052338261468944935,-0.03641133895363424,-0.01508695211836475,-0.016413375751712422,-0.0033571678679891193,-0.047970564729798326,-0.004591909221055346,-0.030721334233554387,-0.04560759047537122,-0.0015374114394832716,-0.009057858732475665,-0.02339407091558776,-0.013815434947317407,-0.0329878649959392,-0.05563955066146953,-0.007976554608805309,0.0029918825602939236,-0.026822953193222254,-0.005116045696119453,-0.021691429066056145,-0.013922797072234872,-0.01910123958102261,-0.018193770838664136,-0.04100776053861743,-0.030079384051337144,0.0018296045107257797,-0.052673067352273506,-0.013304801640068753,-0.009133486809690172,-0.003985765610513781,-0.04988515090576673,-0.003669857815541633,-0.008799237443970043,-0.002893786777835139,-0.011340959556132013,-0.004733284799065096,-0.012583467949958127,-0.02222543810566613,0.006831143715659849,-0.01998363334281006,-0.021432063722840233,-0.021824938644157577,-0.02728226997906713,-0.051095017406982635,0.0041016196224390455,-0.010977854807908916,-0.0028723839134974227,-0.016516044257620877,-0.027351069744004253,-0.013930665284994426,-0.003734859530657886,-0.019816866487598617,-0.029455375341594703,-0.044264214993019024,-0.000990688436516507,-0.008424509472170882,0.01403804659294483,-0.0032964559598118726,-0.028567554841312237,-0.025914295250257346,-0.0007141069507614617,-0.024215266738792263,-0.016044909387151307,-0.005307817935446657,-0.01252065901297117,-0.019073275353704844,-0.014877346895191046,-0.023526027082672485,0.0030122072575746728,-0.01594556244732459,0.01245018864501457,-0.003914069485669636,-0.00972127658345201
2025-01-13,-0.010346757384173344,0.00815381136210025,-0.005815043086441207,0.007360413134399835,0.007596032646197237,0.00164819429303531,0.011515101681498052,-0.0010830694584544887,0.010174817547754955,0.014662409141284805,-0.003956116073669413,0.07803133763608106,-0.0052193107806717265,0.008036830230142122,0.029826363418817614,0.019317884513265327,-0.002580111300796162,-0.016977754238008735,0.014999733409667648,0.029478763587560408,-0.03067644405791814,-0.0031764050388165543,0.0012715297755079291,0.011908884376223838,-0.004868391482707679,-0.010440538863172755,-0.0020382808884877868,0.007353239344177531,0.0038801763266249623,-0.0018060160933366376,-0.0069879705537228,-0.0031062870491354033,0.005003479667546884,0.01704787398493668,0.030666944825271436,-0.023590045903498336,-0.09047386211653752,0.012359199819368172,0.008873772951843328,0.002921781155490244,0.00022670117791090405,0.016382816575513104,0.027084910028349896,0.022648286705503118,-0.001701856808864477,-0.013069327435569988,0.019129350893217545,0.005444946130229944,-0.02281012346651501,-0.0006371452970066471,0.0028106068138851192,0.006300018864119572,0.06904242679865158,0.014104496501992081,-0.012739561389762954,0.0503889030106377,-0.042687028515756786,0.02096718311921819,-0.0061159135893893435,-0.008724714340255346,0.0018774504755292298,0.015408352619860288,0.041311254131918496,0.0034486610428769993,0.023563275470675826,0.011492691296043578,0.0006982802462536242,0.0030272213820210503,0.008451736185851821,-0.006634101732140074,0.014812288833735643,-0.0035169139468811395,-0.005103333833458734,-0.00036076477537694274,-0.01403611225778656,0.0005203962334792145,-0.0057901430768616535,-0.006652919987814698,0.0034188470989464648,0.015945352100746213,-0.002049710300526364,0.002523902236547748,0.0038699238145758486,0.015595254371839395,-0.012576496433922557,-0.011507625709096025,0.006787880903380561,0.001523742780165982,-0.01791145062985322,-0.013037754146977498,0.01914466304496454,0.015844740576675065,0.016562437338812686,0.002007674472202403,0.009342356195818802,0.0126017195531265,0.00907067851887966,0.016897750405085787,-0.002284296522544693,0.03174298714616963,0.0029149104588634955,-0.0052666903400862,-6.311719843132835e-05,0.005646138222536123,0.004401731873514336,0.0046532193239192665,0.01071143257039342,-0.001880718182403207,0.013464663696090007,-0.013617494260778074,0.012012956269133568,0.024931898471458602,0.0034957295557425105,-0.0019563663919428542,0.02941015413365733,0.01807366875828542,0.003053002363586188,-0.005994801650596848,0.0031728034917719583,-0.04669282393408647,-0.006691660025784252,-0.0020360962516448033,-0.02084525323766151,0.0010672179948318927,0.012009551836884569,0.027996027300203785,-0.008409161435541712,0.01331342114797085,-0.022469047870806058,-0.007440872569596024,0.009214012516984837,-0.033240409128572956,0.013107141135008327,0.0030992795517943428,0.00215301213013408,0.0010423834956361233,0.011464064679501007,0.017113612193305094,0.0018185264009522584,0.01730438881183005,0.00012756282484360781,0.008342182981114554,0.0009392396181588936,-0.012725751993041712,-0.001563918274381848,0.02977505776945133,0.0040709597198693714,0.020803462399014983,0.014459319251768576,0.0005472330346858456,-0.003090311108008059,-0.01604221073362755,0.017772096533249737,-0.0021948040934356428,-0.011388224166791971,0.005998356298209551,0.010463365325504626,-0.0006947354810042938,-0.023448369221755527,-0.013055202333093874,-0.007262858080412826,1.7148705282910015e-05,0.01224111447515508,0.007547211723711644,-0.0021912011684426247,0.025151538943409157,0.01012834984370059,-0.0007976410176189219,0.003125806859218372,0.020994072157345833,0.004416501076341284,-0.006261546380127214,0.042555731738041835,0.007219076282641623,0.015858538843619208,0.024662936840282867,0.02065353554202476,-0.002848854818811475,0.010158700895380512,0.007528170764244724,-0.014295153353924839,0.006159665533794545,0.007340605785150167,0.0011242145228811395,0.008746749711185497,-0.01646970023593841,0.025224181770671983,0.018836429469823557
2025-01-14,-0.004738292612874062,-0.007524855416567888,-0.0095283767898513,-0.001947580184228137,0.01151347941339953,0.006872270069989916,0.005025218994840763,0.0065799995314588244,-0.0012029282809367103,0.011173404378388874,0.011713650798720998,-0.07503141150626114,0.01559100999194829,-0.013472964838436852,-0.0115793146608274,0.009911449480713763,-0.003594791092179861,0.017954150726228413,0.0225382541927992,0.02076284328485478,0.02402636015289783,0.02947088856684843,-0.005710381751140581,0.01048788036640147,-0.00491864727807112,-0.023124095928993782,0.014923143591448973,-0.003990079088188381,0.0018807694474549663,0.007361463340272323,0.008306714612094535,0.010675960756137748,0.020627387177958312,0.00802397691353196,0.023141636682578515,0.00415001954908778,0.032294273789094774,0.00912638560893253,0.0068643033242290485,-0.0014728075885255265,0.009024176469045742,0.00785916573455836,0.022790800054552918,0.006453205102294746,0.015355919185982003,-0.00803054307678952,0.005570589464247266,0.015526218396117564,0.017659637006835815,0.008676200623140673,0.007164169148998756,0.008231613598608689,-0.000548326884297623,0.009704060333545428,0.0032861454458448236,0.00504337766045726,-0.011907785349666078,-0.008754282202484198,-0.0004858993551417612,0.010894717548853627,0.005997431973319145,0.0011416144537292894,-0.006580515029504852,0.01004525572674897,0.00986802982694801,0.027638647584018017,-0.0008372431238736766,0.023807342479049254,0.017860605785110728,-0.013268374056769616,0.003892441443762884,0.02754919456238003,0.036944078599127295,0.010688509482110753,0.015573738218514155,0.01894337751230779,-0.007693520593889502,-0.008367830278723787,0.013290967183474223,-0.009385404305575662,0.008980778864808414,0.013678902854889152,-0.0030342317381917283,0.03499937285211363,-0.005381006963396828,0.0008528303728878583,0.008591140157060195,-0.0010838802834345351,0.015707469120372686,-0.0004493601062378616,0.012745139481761925,0.0009585682206481039,0.011891734645472773,0.016587854328391494,0.012552926280419818,0.020718164543298556,0.0059243045777108705,0.013281414599980224,-0.06744757929674972,0.002657235605524555,0.00997697750236437,0.005576125228905049,0.007568638643999925,0.015101155589895221,-0.007517035836049679,0.013604068345768994,0.00978910241070352,0.015963745905393623,0.04098555192155384,-0.024732832935647764,0.009451113416746537,0.018628740542586897,0.0006801413069044138,0.0084164781139755,0.01643707815862694,-0.012465213712406609,0.003756670086008107,-0.005435104744451635,0.008732606354048933,0.021254492545863535,0.01467924396048037,0.02113567991294163,0.00784463906840216,-0.016282751289598885,-0.012979597202836146,0.00517008649633155,0.015439510058860684,0.0066894347269634835,-0.013648079673772351,0.011728194994210739,-0.006015267493597598,0.015896343716747197,0.00326084251292702,-0.014549280257642128,0.006039016151231813,0.017060220023283,0.012963751103726828,0.025840158339436314,0.006205773329641673,0.016326419843618822,0.015590028837261016,0.038090363636667846,0.015142614830878642,0.008978119835900689,0.008145214351522156,-0.035532864929435526,-0.0014893964288882344,0.01279938966399996,-0.0038234627380653308,0.0052762912755364155,-0.005991559461157259,0.030016684055154563,0.016170610195251456,0.004005268050371491,0.005033903407850815,0.0014537509599126253,0.004204558659592905,0.0034626064152654124,0.014642286120614578,0.004855343977097526,0.009818950798793136,-0.0028808412857688204,0.01663937948984362,0.017785974126816484,-0.0062105458073578035,0.003727431716868068,0.003325069127103397,-0.004352266869011245,0.01457214138373697,-0.01786676193505965,0.012018165609775089,-0.015336552334479059,0.008825701923782958,0.011848136863456205,0.008540465270575837,0.055277729014188814,0.013311528002271977,0.006766944932172336,-0.0032462452556654142,0.0035511588825904994,0.0007955209643295547,0.007760456583175923,0.008540578441478708,-0.0019619498134861857,0.035192609602355596,-0.008654580690786062,0.0036666766937827333,-0.010916298576530536
2025-01-15,0.019536061047244146,-0.015598736478975361,0.038053499444711036,-0.012344666547944527,0.012272557213125701,0.01541587207569517,0.005647204808816753,0.013496226878702444,0.005759657643320537,0.010857238365444388,0.003962478806658787,0.03894356061829374,0.026267996430748397,0.02985918130943599,0.006787975490460951,0.007919398259846666,0.024961218826418552,0.00830442300057932,-0.003745839571281273,-0.0030892723429660762,0.00580715087861261,0.03468622958106593,0.011491594860171261,0.03835216489931881,-0.008024518569740735,-0.0070136018883966145,0.02749645316813032,0.07550948578615824,0.009336278748079962,0.04947258519719355,0.0045111158703763365,0.01262403034322368,0.033233505923617734,0.06092117619355708,0.007324301328894833,0.0203426387247454,0.03875813511572623,-0.001546715249360453,0.002506426189272659,0.00374270734417248,-0.017617096701832757,-0.01042602338944576,0.030493455156539007,0.0059410692074362,-0.011242335365255762,0.006893061618117535,0.014503614447896496,-0.005769433785950184,0.03795470189761918,0.009918589962278901,0.009262463473338478,0.01708619167437675,0.009474051498805647,0.00884923773120061,0.008525151181578039,-0.008489346162122047,-0.00022378653354682143,0.00218364769362811,-0.0003010540642289783,0.005349827104362603,-0.004420422301453897,0.010524697507559466,-0.00803852890684098,0.006698410955236156,0.009852170706071028,-0.0032369391050579566,0.0030339248089559234,0.005960134937542438,0.0023010442973481204,0.007259685002957816,0.0020603787429855913,0.01639011155225134,0.008088185635817702,0.014022754962807582,0.026170410454514403,0.013726113717919652,0.029342911725417586,0.029308175421945748,0.056595620539400926,-9.69429418482548e-05,0.03309817803297044,-0.005006940319541187,0.004456256212947096,0.019190173915833775,0.015430822153113866,0.009660420422135552,0.019560234551558864,0.025639115301137938,-0.005172949717636044,0.07488858341825733,0.0030101127025696783,0.0005409648579313142,0.018158634168951693,0.04632280943347933,0.018950192591733916,0.01082760513504466,-0.00474334485878547,0.001085746524890574,0.003199446342545542,-0.0010418335796709144,0.02163014672294139,0.01183351761276441,0.025312211004088425,-0.0013645767193519731,0.0022905071284951006,-0.01853759353833606,0.01835829825059676,-0.00854614228104289,0.0013105009102005738,0.03644796687887464,-0.0030140480901446054,0.0035692915708187556,-0.01842643634110841,-0.007813098492229553,0.01519686694703637,0.0051988181231390485,0.04517556546576795,0.023489924937434736,-0.001788785235680379,0.055503731163239145,0.01864805386302848,0.02585964606226243,0.018161222651502662,0.021659290562952016,-0.0016802790900856124,-0.008165616427828759,0.0221518486218919,0.003470669113965208,0.03088313631531925,0.009034138089281996,-0.001443386852216122,0.020526224056606424,-0.0010221226774902448,-0.007110559362522473,-0.00017468430930644985,0.011560730276199749,0.013211479057877895,-0.0024240443542273837,-0.0012524776447273567,0.03151477708790473,0.02709418701924715,0.028639763443946364,0.0301153536322305,0.01807327804565917,0.009102567937983252,0.01946866764224442,0.012818128441316468,-0.00497300824848157,0.00100054857815568,0.016227086226631826,0.016505321742553036,0.0005922946413194907,0.015246606558450004,0.011966870899098758,0.032786699711949474,0.0027856539253923174,-0.010782805983764021,0.02414281216129499,0.053260105844087136,0.01571372311785968,0.0037820162799251378,0.012787624499180694,-0.006180761210196728,0.03278065912065742,-0.0018650519224276962,-0.008875245531566378,5.122852894778873e-05,0.020282893385248357,0.01205197193887475,0.07683010961616876,0.019996858125975514,0.030908078150215346,0.0034437797091237954,0.006791747015230776,0.014792796692343124,0.013692745639979798,0.03637945752490612,0.022717149693624705,0.031047766814650046,-0.0032529637724456606,0.010944632862764259,-0.0035548475769209276,0.06394893245851829,0.0037724541014254598,-0.0012587335603093663,0.005502486521735683,0.015922355943581934,0.017282050028614826
2025-01-16,-0.04118769225952246,0.012852409098133677,-0.0025000234641980867,0.02453342022268945,0.024122839112142636,-0.01585191629607774,0.009605776952496647,-0.0035520754300106816,0.016934520496350025,0.01073895492554744,0.01934760603816077,-0.01118503259736503,0.04380152243794555,-0.015685266537381004,0.0017433655824561356,0.05211373053013091,-0.012502345818400151,0.01533560672732115,0.019321418191240447,0.017032175705092634,-0.01930560984508567,0.007097195330785233,0.003077086486439562,-0.0033876673892025977,-0.005041528927423045,0.01420064587655201,-0.010743547776624673,0.0008026601069337502,0.006050479297194045,-0.018529652154692045,0.009837247014300665,0.012867777039802242,0.008419168343854366,0.0011038154592322158,0.0134134833175521,-0.007681693629946196,0.0453775870008144,-0.012732928996264548,0.008276975160567801,-0.004769709846502934,0.018389981711290027,0.014301420950940447,-0.013078925666103025,0.001468100637938008,0.012178965838281819,-0.003988353190968574,-0.0030930075116222255,-0.0020044397911780365,0.002322417116276121,-0.003648616079481748,0.014944992715408834,0.01139271479035564,-0.00497652981800023,0.006386094814967436,-0.004387480138072775,0.02304904018713394,0.006242721308829857,0.01709159444353059,-0.016883074833585532,0.02874169500955759,0.023553225489322926,0.010190165458562106,-0.008552550486673027,0.020030303913352476,0.007592769682394085,0.0099060362604253,0.02274665957260069,0.01088044614546435,0.013170330497861649,0.011697940304038923,0.008652826970296346,-0.005873058712964507,0.0058922641214742555,-0.008961562796740985,0.0062611584876330895,0.001621179709533127,-0.014357005343352824,-0.014867334491943218,0.009765361573004228,0.00876236218974391,0.007719833746222093,0.010418405370394623,0.013954262223488278,0.0061852656638032855,0.0103606655625601,0.01112618716450875,0.012518812724743533,-0.003622558358507888,-0.024480473336654818,0.007984062141512815,0.008091827807919394,0.01815267446605251,0.006210621834112473,0.017781746734835124,0.04018361797076242,0.02073961900761212,0.007358932187713663,0.009954837816414042,0.015184167010549032,0.005923961663175881,0.007846139999341695,0.0369398014052873,0.0009727620940758186,-0.00016986989599399038,-0.009372824226977272,0.018849990957603424,0.015676406336128323,0.023270070868183446,0.019951963825575625,-0.01079114223564126,0.017903001555954923,0.009533535895442036,0.006368245279402718,0.000785094599196956,-0.003240311312088906,0.0068692675399928405,0.03818882818274805,-0.00585144516862357,0.00554012383362501,-0.008386763151477794,0.029137969964899924,0.002920663610050056,-0.0007745531148017903,-0.008999582508490533,0.000288472809096163,0.017234694306281106,0.0031167701219150246,0.02649603535763312,-0.022345475681287752,0.004059614460815375,-0.0006379531815445816,0.016546999948913843,0.012234552263771903,0.010354769965845279,0.005698898099911531,0.01290291955923184,0.002483633441690891,0.028234405452310263,0.009236197129040669,-0.020224081504890634,0.018080952322068633,-0.007251444979841537,-0.018307686369812615,0.018147069355027856,0.0006384663237222199,-0.013154730732928499,0.009817610514065933,0.00965115621409307,0.015292499932162862,0.0034922586371290976,0.023227439417564888,0.004439988860942101,0.020535349235182743,0.0095694664744439,0.015893577643689483,0.01790704043287672,0.005332216517949462,0.01682604866221027,0.018419816772190956,0.03495778406261163,0.0037568097941762524,-0.002852247852516143,0.021155816696432517,-0.009442995583494707,0.018104452090114798,0.01948320241639312,0.0071679734005511975,0.002246209527697829,0.009171066317192,-0.03469009390359101,-0.05321875264464726,0.020849627831578843,-0.058283070190531916,0.017666083955445444,0.02111486382475114,0.01914004304781347,-0.05847657154169994,0.0027838156629069744,-0.01645718063989232,0.0035446951177644515,0.009206049657438875,0.015418391508999818,-0.0007737751879988153,0.014141661261494853,0.01957116919462365,-0.0009748336717505524,-0.001965590187658961,0.013708498181163264
2025-01-17,0.00755818602349656,-0.013165674225600554,0.022370147605636603,-0.004226587097576839,0.008402128960686817,0.01799191432418823,-0.00026457173800675804,0.0041200982485429805,0.0036516393163941174,0.005191292131319081,-0.0030509721617555385,-0.015454313296555,0.02882537944341923,0.02224501495040876,0.009820755444681417,0.001136475493289879,0.023261073554551537,0.013291066712307398,-0.004968078466236037,0.01858543678517144,-0.010141576858497814,0.0070557006324056815,0.03131623761315705,0.0027667873752621475,0.009461736339723359,0.010613453211706592,-0.003290488933783031,0.010811057980481209,0.01137879669196451,0.008090443982482043,-0.00013158682748715123,0.004722415956253556,0.017550664111761982,0.016717831109104075,0.012700436518112923,0.020556889209912832,0.001935508701675026,0.010724556763145543,0.0018083767465411071,0.007858002839613132,0.0008569269457394668,-0.0008820721251030506,0.012074742133544092,0.0025063447698894237,0.00352566662487952,0.02524637655523332,-0.01391446510499783,0.015763498210375815,-0.019140636755979656,0.0058529361825332415,-0.007950716484366183,0.0007679609982504942,0.01110380223172136,0.012804363150490161,0.018624653745123787,0.035990474822451546,-0.0060589774755897,-0.014030537297985646,0.0043904110544401576,-0.009814859749472049,0.001162554912356839,-0.008001471461081877,0.0019314902811693457,0.008972167011975785,-0.0032220877941213644,-0.002917329565043758,-0.003787180822863334,0.002429224779152861,0.014562769198327885,0.003027821938766273,-0.004362940581742691,0.01433690481509231,0.021962814422358257,0.001042776956403202,0.009601772337522352,-0.018008087762798386,0.014798378276500657,0.014615884137934465,0.01907068497582376,0.0016586477515687648,-0.00010479403503271811,-0.0008737170462094213,-0.0007862102754438993,0.01572528397983053,0.008212868575444343,0.00876473975408576,-0.008299304568772925,0.08740918344070092,-0.006582921383111007,0.01571295634149994,0.0014913261982156811,-0.005998008837447166,0.017679854055249855,0.027604048418867322,0.011370290308316378,0.008180841505132097,0.006980635360132048,0.007555255282603035,-0.04224544265507291,0.0070518456074859515,0.008625734736649626,0.01095694166372052,0.002439170311127725,0.0042774113957175786,0.0040530715523612315,-0.005483623031680374,-0.007021049062709395,-0.0028742401515842175,0.010052423102849595,0.0010865491694520557,-0.004264499320495219,0.012628068780084156,-0.0061610750400289405,0.012026831277518912,0.004976802148137338,-0.027201816464992312,0.013742627102464766,0.008641412587504504,0.0045189631049593615,0.02758704066713058,-0.00902255897993065,-0.0033446361547602166,0.01643480051032231,0.016469498265966998,-0.00407838569628538,0.0010568561142330068,0.013701267088081615,-0.0083884973417101,0.02797131299612232,0.005616274788845743,0.008766477872822698,-0.0007547431858965226,0.011753176813520838,-0.007088597326287527,0.004306308083073418,-0.007282914133594609,0.01518875349483384,-0.013081118471560238,0.013240906693433807,0.009549448685447715,0.0015084962122120515,0.03279720061440994,0.01918776243815845,-0.0012912086981540227,0.03311594295333542,-0.015496241669463728,0.00807754923146664,0.0035943667334192853,0.008278610552634902,0.006228353912350215,0.010270922265954496,0.027595191296232002,-0.0006554674655259163,0.016605833120302727,0.019933467192183585,-0.0006231777320255816,0.008003997481849545,-0.006979460602678067,0.013618983909790217,0.0040865570010968355,0.010935802377484816,-0.0014824874994223691,0.012893564378058109,0.05729555498248917,0.0030904852717270614,-0.002589388122598457,0.014772290229679186,0.006391557749743093,-0.012567386615256027,0.029697129349219864,0.026080352346373736,-0.02040692806587785,0.002405515236668876,-0.0023253987471880677,0.0003055098110005261,0.015654233051535016,0.0064077534858801855,0.007164323132827555,0.012914084372154022,0.01077367004852503,-0.0035635332285215426,0.0033821119260366572,0.013995010247197293,0.003086176493583892,-0.0010733027724629807,0.006448344407772311,0.00868283327555286,-0.02012661171381147
2025-01-21,-0.03238487462195039,0.00533261692597975,-0.015067627041403853,0.028306306692887695,0.015965874544854763,0.009315579102075588,0.006533350083423706,0.01796886112540097,0.004961955930420814,-0.001020712471801133,0.00682618599743634,0.06947598960561407,0.0036543125841497215,0.0037950599731155776,0.009796448302593852,-0.0029648441319620744,0.02050670895261586,0.01084109151526036,0.005518491066875519,0.0065073205448324956,0.04261806097929011,0.014011563459138898,0.008926777178597689,0.016403309781297892,0.019981305614420464,0.02369926383949661,0.0018606710063111542,0.017745103633785675,-0.05126698043753386,0.0059230201386304415,0.014702005555669473,0.022292867927943938,0.008125045270936049,0.018827247373984335,0.03355503794269765,0.015808231980013687,0.021140198604746807,0.016101542352424225,0.0007948933066863617,0.011054679316820248,-0.002842143040637346,0.001353839081595254,0.010399389269763581,-0.01470693766757769,0.011121281699789876,0.004882438101799558,0.0036784405152849864,0.008614076761861433,0.02458986679477082,0.012217522735432418,0.015719341973070566,0.014073110350778961,0.008503559326533239,-0.020430197562524732,0.018135697783511873,0.01626329262604642,0.0154891571749598,0.024548663073264976,0.01472021853140415,0.02784644692446836,0.013055863448449223,0.014515409001422341,0.012001887717432602,0.03794467378797517,-0.0035660896105156326,0.015428111429857783,0.02080610737704891,0.030555344785269334,0.0052934456721596135,0.03214781451664983,0.016837176805378107,0.02229479395124745,0.03138891116130438,0.011093194431855302,0.031224390459655194,0.05462455103029029,0.009249908634551218,0.00912989125395125,0.012125607019828344,0.02390515074608679,0.02163882984456844,0.0028908033691621426,0.010832690618602925,0.011771575292264913,0.012319266802673479,-0.003116484633006955,0.0165364486358639,0.011861315986493537,0.007303270689973829,0.02034947749433158,0.01908741458407981,0.006610827754827575,0.013453325070543976,0.01947108265490094,0.010615259505965646,0.02947978454898914,-0.005016964011218761,0.01418001691188131,0.023402272631804166,0.032021540391627745,0.01237766774482374,0.012249521682350384,0.005844746940494083,0.0019575460976177794,0.005628036031895434,-0.012084568931403084,0.018107341687851886,-0.004961215468923363,0.0029526544490519058,0.004688286872959857,0.014444882194717401,0.04013501803806552,-0.005572911071432429,-0.00911172735455823,-0.013981693531048833,-0.016512688800206732,-0.005454307040884565,-0.003021264303961324,0.006251754879243343,0.031097585446473452,0.0008319521770649985,0.0123622104339276,0.01896032430703709,0.011372965960504189,0.032087418123766476,0.04332348746752146,0.02364799013194574,0.024988883748747526,0.019850376520957447,0.06553241036366941,0.01856322782865938,0.035082078250722404,0.0021731291037294653,0.012954783366927458,0.004043804288085262,-0.01069638822194019,0.012219627455936966,0.06881342609512764,0.01650325788504059,-0.00047434601837981205,0.05682385397099221,-0.02165726690196479,0.01631810548385726,0.0032407701279084655,0.003263971905555607,0.010536405413767547,0.0052181993627415935,0.035809386234331164,0.030412166671268892,0.004759650760677303,0.05589336593580718,0.023569557745476644,0.020958167054221377,0.013905755963318889,0.004814840894627359,0.009101571331835423,0.01015547192496502,0.01576212779890973,0.015043558754428865,0.03173047458026712,0.007681446511099033,0.005421574001920337,0.012705715294942799,0.004654976178312342,0.011055465975779555,0.024763417343095284,0.002329748513270502,0.01886257495083843,-0.00224296579378791,-0.00619793692768944,0.013983038271906167,0.0037621428212348818,0.03347167932277273,0.010848903283010358,0.02583885276602249,0.020961828222528567,0.01921725744586178,0.012189974100457412,0.014759917180784399,0.0055324260453639695,0.004990487997451609,0.03158415161290051,0.009166183169301512,0.0055200597180329325,0.024485250682690918,0.01178620386016238,-0.007856628378884345,0.013490127199534463
2025-01-22,0.0053819303824731435,-0.020722311381216052,-0.004072466444433154,0.007996383423574116,0.003457899431172251,0.010727125120590486,-0.006117660942979164,0.01458342310898253,-0.004056732203111757,-0.019921462304963278,-0.010845988991557753,0.002044755048162372,0.012988871454406414,0.009016470274095134,-0.005074661969985961,-0.025279197305298595,0.018081160756245218,0.06423646182142395,-0.001778059156867684,-0.008341959302894608,0.06421550252181785,-0.0013835377953546057,-0.0005943208564174185,0.01273898478751434,0.007278700730557475,-0.006430244875803126,-0.019750703857770446,-0.00884379044391892,-0.015687370716335636,-0.0068440668965505935,0.0023421107799865837,-0.006220266125769314,0.006300951484696782,-0.0017129020752824076,-0.0034557721168289035,0.031658821004660886,0.025307108515060683,0.0015914887848209602,-0.007395528047705824,0.004229056249203111,0.0003413945140522401,-0.004101018967078929,0.03791691676505948,-0.011531796662234584,0.006404185407322238,-0.003121568485712878,0.0005029167195833573,0.01914404827756755,0.029661091810146978,0.008805699867743932,-0.0015468931343547432,-0.0115871114860564,-0.00453326643788321,-0.011855859721195294,-0.004760515576722746,-0.007891707336022513,0.033718024537336966,0.0009984289716191697,0.00015561445555700715,-0.006619206969880054,-0.018430441752398607,0.0015790305713512254,0.005725751291788761,0.002511308372485921,-0.014564211839718233,-0.00848622494910467,-0.008535727290547968,0.0009340799868295946,0.005624081643374801,0.01175853487460543,-0.011916265179380936,0.001758316598493792,0.0220199089228732,-0.00016781336045124107,0.04410705478570032,-0.02227479955310363,0.0007776368626171148,0.0003393967575817669,-0.005006934355407999,0.0016602767474145352,-0.02033549039320981,0.0013066413721629644,-0.009128132157655955,-0.006508855927408241,0.08225826938353231,-0.005224948084762815,0.015203022388603493,0.003041734112162686,0.002319358583723563,0.011587353109750786,-0.008910748677069869,-0.02060878788834941,-0.0020915100277187904,0.004705210630834067,0.003868015541443448,-0.014295231036985712,-0.010687823296000154,-0.00021149089675809307,0.016290762627917843,-0.013852216692668229,-0.020100984639936925,0.018661287512554914,-0.002206350171011451,0.009650642419268607,-0.00473132659676434,-0.003976664748715386,-0.0006707540241395193,-0.02310789085877296,-0.006576210304964469,0.010039950495870364,-0.0033925417494895527,0.014490927047134505,-0.0017210508161982219,-0.014469145973866837,-0.02310701905072232,-0.005042538068138924,-0.01082515854149424,0.038691509058957685,0.008544723356242123,-0.004025019658254969,-0.034316096629661175,-0.01977185129841441,0.02293474659698891,0.09049608215895422,0.011545705791993655,-0.005465324796893434,0.025738178861451466,-0.0011998368910024482,0.040802255135961474,0.06164775937622835,-0.0010011976474499917,0.022159753521769687,-0.002949896418922293,-0.023823041832236047,0.018890946731168867,-0.007342780546688132,-0.006885007692397416,-0.018340689634645635,-0.009048504727416251,-0.012022335010839491,-0.0041352966002330405,0.0017039052809026956,0.017584075611559058,-0.006933900968895124,-0.03250030975954754,-0.009909337970895216,-0.011938186025177266,-0.012741615216208757,-0.0016616656853187806,-0.024826109913559158,-0.005663595101435881,-0.001151393403133305,-0.010629632897024344,0.02055377239741052,0.026870803063781423,-0.027171436078075928,-0.017785074389809807,0.0013571198218595981,-0.04428191658441438,-0.013806801517258549,-0.00883889413635286,0.00043150126923041654,-0.0035872707576931617,-0.018915507181732405,-0.006712313996684038,0.003751120812227171,-0.006028489996823261,0.010058657586598407,0.030382458980946936,-0.021839166367158214,0.008764355848327021,-0.0009799973383000093,-0.0060565945168349344,-0.0035759132593105036,-0.000488284173242981,-0.01035015878998724,-0.014528404092075675,-0.0004947708675677731,0.0011560519234734556,-0.0024328947298482007,0.011621706265460219,-0.02037776682065129,-0.004763625624129908,-0.007247986098811943,-0.02426538214279006,0.0010731909426500152,-0.017817222179477454,-0.004752368357601178
2025-01-23,-0.0007084669407486643,0.007881382668167625,0.005789657852076857,0.04470846224670133,0.0011687573507961346,0.01779728023101157,-0.001987224193788606,-0.0018199472720548115,-0.0009849214761477043,0.0015472409036556556,-0.018683525894044095,0.02942093082797559,-0.025516347184646015,-0.008687332385497015,0.01603004950517306,0.005373436628125283,0.0013577595289371303,-0.007404972739582405,-0.006897328138898651,0.022231993174796294,0.005256815285567207,0.005647534799885001,-0.005706478378584734,0.010476330459121108,0.012934782902837227,0.018854245897523825,0.012088972029646428,0.0029783400376413027,0.0409202016979382,0.010108125397797707,0.0367445888520157,0.01291521997488232,0.01437242535379557,0.0015860438111516828,0.020295132073504973,0.007769585869332296,0.038913824366932026,0.020409744247746886,0.00444484557827618,0.010103764996602482,0.002785290492538728,0.007010097514789315,0.01404849512334394,0.009219832241119441,0.0026820958984963283,-0.0026118652511630813,-0.01349688613460609,0.0077282614704561325,-0.0021683376191106163,0.008710915202230218,0.012208507454902318,-0.0066928814342661624,0.026652515625973816,-0.00278436754005007,0.027812742075468577,0.031518605208781025,-0.009630091075694125,0.0067546462955663245,0.01943133502220107,0.0053488357286877175,0.004097389809651908,0.00458334066247712,0.028695383964693733,0.008386191886722294,9.696664433089808e-05,-0.003796845595919862,0.01772474080399089,0.007125869588910483,-0.010855439159470848,-0.006958275725887475,-0.0026337958661608596,0.06113651039389989,0.02022543437573976,-0.0023188422343451975,-0.0030654481915775023,0.026213462620281458,-0.003476294397843027,-0.0032429311711910103,0.00880752380719585,0.016543537888908055,0.010179534132755741,0.007760567717785882,0.01116191362157437,0.0051321955294332255,-0.007872640059843228,0.011619120384261272,0.021695810978534347,-0.014438944699850964,-0.02351557262991033,-0.0017728460958892356,0.0026628341678165413,0.008408791570469809,0.010393745441305668,0.023176352809636036,-0.016500787971896358,-0.009895840395617306,-0.004436619486215321,-0.00453494361203699,0.017345135709344817,-0.00416369325186583,0.012639990007620838,-0.027147298011652055,0.012727193702164463,0.016493193714038235,0.010624409982481708,0.020578472861229713,0.0026466060156451476,0.01101953329454819,0.015476950222212515,0.019241712366021346,0.001062462887643001,0.002837933969319195,-0.02412458520116223,0.006278484755139591,0.042796313381434636,0.010673147232473035,0.011836877861489903,-0.0006428317152673557,0.008575032333933308,-0.04367318009394339,0.010307554374209715,0.002632378572281713,0.00306105654362554,0.029814514502256806,0.0030967364420995125,-0.006681692398218253,0.00823989212107179,0.01569074760672784,-0.0015337142600779785,0.00845983365806724,0.015010683316570628,-0.002442545741667246,0.003723965552963726,0.0165068044341683,0.008911253961658261,0.0017416646782866252,0.007193016608825431,0.02926487292062685,0.018867965271051723,0.006278562160306755,-0.009508392619244965,-0.0005233213002995285,0.02389694710269019,0.011258412016433184,0.005594272603207884,0.02270860956020293,-0.0014160090493184896,0.013452404569336274,0.0035499230299942397,0.007645997026833662,0.01661826976963887,-0.01902553101703308,0.009257462898153435,-0.016481268086130818,0.011519912301596769,-0.003898240675315634,0.011030586379217056,0.004611250178298221,-0.0003291342857583146,0.007504980994076149,0.008113464140504956,-0.007470256104009199,-0.003603482949112724,-0.005701415264672605,-0.0005295374973046663,0.0015370200315922844,-0.009898971685662339,0.003049067510617398,-0.022082152712772363,-0.0070823670713959785,0.01739044180639926,0.004892365378597496,0.023185391345640127,0.051006650408599974,0.00988825913645286,0.005572798554028147,-0.00456054245269133,0.01399080074537995,0.027936775378520018,0.005250385566032634,0.007828010742819913,0.0069314578393466775,-0.0021935781279545097,-0.0065833886279689224,0.004489480297845461,0.005664907073156478,0.005384424462472559,0.002612522029452613
2025-01-24,-0.003891041786286742,-0.002939221965101879,-0.04703633774889049,0.0141377633752926,-0.003094247923460358,-0.05035772950240602,0.004289402065280612,-0.0014223964682953394,0.006478193441843416,0.004121712957556589,0.005463307320896504,0.007830841384933507,-0.02153705004746076,-0.00456029157255422,-0.00896918795388224,-0.007598788433591075,-0.0028094493659738262,-0.0016110220587295387,0.012553295356320326,0.016462855922731556,-0.02128887151128822,0.01414400871397703,0.015140122338202389,-0.0146932220304965,-0.013503144900761654,-0.015855643695998012,0.0018691628710736374,0.010678708962173822,-0.012357730252709587,0.0015224380146907635,0.010387801467556024,0.00269071049914249,0.0059927724862358644,-0.008075525098894865,0.001450821133408553,-0.01413836665913859,0.0019066769167022102,-0.004553374969063384,2.2154161793963567e-07,0.004444646045499212,0.0046914465892893276,-0.00441231031563305,-0.0037154716693850176,-0.020753455187872305,0.000897274554099603,-0.002555145646935486,0.022938618718102433,-0.0007194469113667168,-0.008814842768693154,-0.0009775110171359458,-0.030182666498046462,-0.0026189523397315284,0.011954294621232986,-0.002533952449802257,-0.0013624395975533332,0.007971562260335574,-0.006080561822089159,0.001281558384182091,0.009180112529200812,-0.017037252827663885,0.004074988654508616,-0.004287691391008153,0.0008564942918924956,-0.005390277054432069,-0.015857302366186765,-0.002917329565044202,0.0008132678322407827,-1.8999715936995898e-05,0.01469396130820666,-0.0045440877032660865,-0.00955453420140362,-0.02319348681133171,-0.04444889494768223,0.0005848342078822455,0.0024795115645663834,-0.006817039357157828,0.010333213006423314,0.009925867730260052,-0.005909200473976917,-0.04010541601951889,3.8382604664377595e-05,-0.01027302545051434,-0.018853652096760598,-0.008537438583281265,0.04685518055336102,-0.006256758969302112,-0.002148718889068313,-0.03599307492615589,-0.001983770655237471,-0.040109412087241836,-0.00026554397863787216,0.0002490629823039825,-0.005551457046918173,0.0008880468095853189,-0.01693473596232309,-0.007014993177331785,0.005936564459121385,-0.004118360038856572,0.024986379378584722,-0.0006735951704417431,0.003215770001956386,-0.02185000042815055,-0.0019057988739508147,-0.0033621568678610103,0.0033516683898842103,-0.010476709033831355,0.006812165289873384,0.007585853120627206,0.010029667574658951,0.01588211234808501,0.00766045150430017,-0.0019140961244303867,0.00200948522183797,0.01470688537485465,-0.019245669142996746,-0.010446424159319179,-0.0011663982340985868,-0.007734978389884795,0.0064150955820672095,-0.018516145811052986,0.05025464345691333,-0.0016816143010704998,0.005816335584398757,-0.009440887249193786,-0.010013389479682111,-0.006930832268758458,-0.007915801137409417,-0.006955513179739192,-0.03429734023301201,-0.01919078166555188,-0.007260771427822554,0.0016104620951082893,0.003510038537165805,0.003180866141562433,-0.005825056921443306,-0.0025639781828123986,-0.0021786983414884276,0.00336101266715616,0.013051462367773325,0.00889165207075493,0.006941323702074342,-0.006120481767840857,-0.013004289023008653,-0.006016146925484911,-0.02852922041647865,-0.026059464550527878,-0.0025021381389240815,-0.009577351632271913,0.009226525948172082,-0.007953127646616487,-0.004628200969613694,0.008512970319605628,-0.0027808164502900468,-0.006708423090205251,-0.010706627247862421,0.01397968213136469,-0.0037363363120022086,-1.6691880788677338e-05,-0.0016582227443953101,0.0018825263502320055,0.007146647972547715,0.0033518717226579398,-0.006693069730532741,0.004750442884069006,0.00028567522624545205,0.001032502667055013,0.011600509453025154,-0.009628145209880756,0.0007092787295501779,-0.014648710847489532,-0.07871483813993496,0.0016391137392286481,0.00919107178651224,0.003298896263594031,-0.002427389619145792,-0.0008616973962292107,0.012688802892396822,0.005766619907939585,0.0006488228911916138,0.008509197050395656,0.01227850897280014,0.032190592090412196,-0.0021952943833429828,-0.0034200139019429088,0.0009467789164361307,0.009538938135102981,-0.01387949173977887,0.010468130042537105
2025-01-27,0.031336964567353576,0.037253822962206584,0.014827111466335197,0.03414180292295921,0.008628872988707847,-0.01009052000522015,0.010117678577239886,-0.006459299726832235,0.04354799225157535,0.030335063221769154,0.02240331539506979,-0.011096440903929583,-0.06805132128056979,-0.06879701021672613,0.026895992188538997,0.03636977590174517,0.0020387641230534825,-0.2549618340957487,0.020800312954063926,-0.007691623292977567,-0.1381138317038122,-0.027666169378100847,-0.19420986625162673,-0.016123650824521718,0.010754048017830087,-0.007216843967605691,0.011249141631937132,0.0050209902744562385,-0.02021267274514038,0.00811019280905434,0.016931589901983735,0.0029753472170899187,-0.023419233861081246,-0.007002514526853965,-0.03309592780020143,-0.10199851561513107,-0.23543183366669052,0.04034857036017758,0.037533688291330414,0.01653422980667907,0.00876275558608608,-0.05334582997869841,-0.006286175176953179,0.00864636168033961,0.024191509742759187,0.026928346266315017,0.003989224259260293,0.04044540648452699,-0.004552867412436434,-0.052922129244685756,0.02800191787296713,0.02531062754734581,0.02828074131653402,0.009876251922203316,-0.0069921744070056135,0.01065073721938159,-0.09275746380596939,0.020011691782562124,0.009609687392067912,-0.09186120492946248,0.024142806127225747,0.016217263732787757,0.02716886788127315,-0.013517011710351134,0.0014570490955474469,-0.0035240562705340928,-0.0433794737321076,-0.06025771299147076,0.023711522058577295,-0.0002267681501333385,0.011125850528588721,-0.014525230313689796,-0.24664103475990462,0.023174226065996173,-0.09353443135098916,0.017478304227691144,-0.04232468520489796,-0.04413652971643067,-0.007535285860399199,0.0571081506619473,0.024483257643090894,0.007289304126299356,0.018491160314884958,-0.04271031744422871,-0.07353567404506522,-0.0037406857744466393,0.020296908229600064,-0.02734993293380006,0.01299672801339291,-0.01709975776666628,0.01697638256182188,0.039533680230433355,0.0024371981998454473,-0.026767251256530677,-0.06708928149722304,-0.09752830034335025,0.030624785435994006,1.8364169058315838e-05,0.029312399908346443,0.013421722005422687,0.023299064140919867,-0.054749432699921385,0.025639483144026975,0.013783716416681635,0.02611491945150224,0.020416949317387356,0.012643255353317784,0.015266377813402343,0.024410093639032127,0.017639285202047716,0.02269076718043017,0.01331326389731391,0.020199925922566475,0.02497877505285473,0.00491517299815758,0.025498553149718717,-0.009837375078357802,-0.023410636449121114,-0.023169609270333957,-0.12715711640043814,0.01319832976155233,-0.015067686487208132,0.006991766170501457,-0.007879500841520226,0.026680237298529086,0.011004009214783395,0.014053147524978549,0.01858982378509122,-0.18849921694702054,-0.15207365181687926,0.0212936871530518,0.008072105179509848,0.03630603333160565,0.029195887437324153,0.03358751686836836,0.03363488844513984,-0.025769095298136868,0.019395863335075703,0.0228571538398068,0.016124255512996122,-0.20465343907477163,0.013414261262001403,-0.005434093154031316,-0.003930072764853243,0.017335274853107485,0.014564971989288189,0.01707446042550842,-0.003864091331823971,0.01306433558862441,-0.02569137660344012,0.0069403994195509355,-0.03353195348583782,0.010981474951385906,0.005998292443242015,-0.06808501527668387,0.03479488613358228,0.013720571559005634,0.013107862060592446,-0.0072434879522838,0.013903353689899589,0.059373413099037986,-0.004153016347039351,0.0011644074343273303,0.012526123474360773,0.016752346571743182,0.01631226219297588,0.012957965415940187,0.008002114409238814,0.03639500294122655,-0.023950774068222103,0.00759148300710244,0.0008980021559619189,0.024497284885936388,0.022777775096558095,0.025913062249521168,-0.027318290333379736,0.009093203281676843,0.01277949862976957,0.010542604118864318,0.02680266826604072,0.023335757401852675,0.011009547787031337,0.007212839829429107,0.019630270379448866,-0.08843146771619059,0.026941812362304418,0.013540700643170034,0.02651080396336969
2025-01-28,0.035943293210408456,-0.012653988273712002,0.016296870961731713,-0.016331333499074674,0.010880920098840008,-0.02884946881914363,-0.006244920919022512,0.035077050294881396,-0.02673990520782521,-0.008158125047874165,-0.008554794901292517,0.005062670494199395,-0.010507991222284296,-0.010263994163445922,-0.009486811644498161,-0.027515152121449837,0.011144213790025503,0.058356577266382104,-0.013903492281234442,0.001521423281627854,0.012197988352997235,0.012809378793869008,0.022457394618743187,0.0012629423870746948,-0.017475583710398368,0.012755086464571797,-0.006252305317674622,0.0033552512346082253,0.0007474074367426198,0.019285228340094385,-0.02936751565255502,0.0002322463790633833,0.016118342174402223,-0.01599440086462156,-0.013516314071524427,0.030402705120707196,0.012112628304748796,-0.009497582774372404,-0.014570259185395784,-0.017497584878882755,-0.011726186761536361,0.0031816645425832846,0.0017456831840299003,-0.012602454911617045,-0.0004546805611891358,-0.0067597374950478795,0.01743247507637191,0.037966032551510764,0.08791802467256282,0.004929093759588277,-0.029597361699342795,-0.011115083954194027,0.018389056909108525,-0.0067321369454811375,0.008555307305998738,-0.009153131268108794,-0.026644856258869254,-0.010322981145563404,-0.011499883069265415,-0.01640720216867031,-0.012369891710656944,0.01265368689464097,-0.012449079472778735,0.006841910552497055,-0.012647725006549315,0.007799533028956418,0.00832535331083939,0.027350003431821257,-0.0032600963454481047,0.03224753577752626,-0.02890320422443171,-0.0029722378069889643,0.06905014426479017,-0.016884633335546795,0.03123700403842511,-0.09413791923917758,0.01566301250767843,0.016756590364502166,0.005276758260770009,-0.01158956416078638,-0.014545074252834134,0.014942999799276713,-0.022738798155367057,0.03189023912544542,0.016860859275880102,0.0060472671634368425,-0.013266660019597865,-0.025530180075060027,-0.011272141116773327,0.0023140548260158766,-0.022096554369212207,-0.01753089226520288,0.003471658771042385,0.035386916377810884,-0.001901624776362354,-0.0001014490438997484,-0.024307532928034448,-0.009624954944429831,-0.0031967834319255317,-0.09632320896349,-0.015198268196630949,-0.017503617872950628,-0.0010499694455852193,0.0020576686786784038,-0.006904335946313012,-0.0035233419224534046,-0.00667133297811251,-0.02510298480985451,-0.005652522225626733,0.020346333707692565,-0.012663577973127005,-0.0013687274061195964,-0.01560109152307998,-0.017593665449798124,-0.014520994834845702,-0.00422242724477595,0.012424406097645502,0.02688685408399749,-0.006630016030550578,-0.034546676955535816,-0.0460242632972232,-0.009131170566503144,0.09775431857053718,-0.002093556118786921,-0.016144552628794884,-0.0349357635942118,0.026011567764257393,-0.03025996656437524,0.08294419967385558,0.03182090350850064,-0.004474913838476091,0.018630156236280726,-0.028453723390092556,-0.003993866014530223,-0.020275932150365605,-0.007240624855508138,0.0041315851275287585,-0.008538014547811557,-0.012924392569296117,-0.006358506745011816,0.003024312127086759,-0.02216603488429847,0.002143265882978085,0.013164718183237056,0.1105755984301533,0.003815085173880739,0.001843273422283076,0.024260104552818795,0.00478480671297099,-0.04014355825313132,-0.011685515494310295,0.04251082966805786,-0.0001187665267989857,0.06678530222107515,0.028729011390554504,-0.03556126242494262,-0.006372409467609863,-0.0010015540136087964,-0.005330926473416042,-0.012122781908272096,0.00946168601310804,-0.00040083419432335177,-0.011663565108456453,-0.007536101864527023,-0.005267893742604279,0.002197682191061645,-0.0013526706268525146,0.009133681510098413,-0.011070598029509604,0.0018799502517543587,-0.035665376699133056,-0.012391285223332993,0.0021172932006034983,-0.020531002471090964,-0.0042607130243723645,-0.0059681588069722125,-0.022893863480365706,-0.0004575718054393718,-0.006336251001826554,-0.006560277568667061,0.023980401526521256,-0.010779366183212069,-0.0015439885225303485,-0.00013224713631743157,0.011448096240702643,-0.0016669808551839083,-0.01978330556887542,-0.01456498344854218
2025-01-29,0.004657439906026184,0.0018019161824733843,0.011827546293083913,0.0032380930844126965,-0.0013626540516478158,0.0007804881656463536,0.007451505917567047,-0.01935134952955586,-0.02047231201507138,0.0030829735532291735,0.0025826910716011398,-0.02258853923281201,0.013354190511614128,0.024538915509038972,0.004834137514101222,-0.018357152295034318,-0.004930557169567251,0.010129895701584068,-0.01252588264443677,0.001306183794181237,0.007774352401589191,0.011144422050382907,-0.007970780599335647,-0.006356347557483488,-0.0026293608770568966,-0.02553931286901534,-0.002852595952634651,-0.005234642453391558,0.006660988509812782,0.00019386847661984064,0.006389185197075875,0.003547754060709174,-0.0016939037515495414,0.006636614539663022,0.00593336414158685,-0.03359045217277057,0.04427173679881857,0.001650285741603419,-0.0028910275582170186,-0.004623290930649393,-0.008959684450128513,0.009739744858344501,0.002619878221570282,0.002010361554495077,0.002009099154069105,0.0056457218880634485,-0.008697879005592046,-0.015054159255596389,-0.03024711621767473,0.0010396076980576652,0.00849345260401213,-0.009917667807910036,-0.0090470021904272,-0.0035582274368977096,0.004568450768433152,-0.00434352762610235,0.01593011399822508,-0.10163157075689089,0.008463895667702559,-0.0030308727244152678,-0.0068878737041728755,-0.011175457493100893,-0.010806448355186404,-0.009920606002496335,0.00024203762692831532,-0.0017243130592996536,0.002463063910274954,0.0092623369143503,0.007101949458649948,-0.0039053267382440637,-0.044865262077846246,0.020917199384543395,-0.009592792177311793,0.017342237941646133,-0.030820325705303464,-0.0062926415367576816,-0.0006660636986248747,-0.0007119864846538704,-0.0024939454918682102,-0.004891232867661799,-0.013228079261703662,0.000352264596965135,0.00129245942240086,-0.0033593944691805433,0.014714638886272446,0.012319675338628322,-0.011067346110196219,-0.0036122881044970967,-0.014250136926705181,-0.0013299871567751254,-0.009312592139263387,0.00412963890459217,-0.003467595285258973,-0.00476015409876851,0.011995899829139844,-0.005945066012507105,0.007126848363546934,0.005903684720387936,-0.0003852425975061635,-0.006807624794931577,-0.01033369199642653,0.005968915994411184,0.002088824950892132,0.003538662693070904,-0.0038415363309356465,-0.00069052664686442,-0.005874155158519301,0.0034008375360734533,-0.006663773084092384,0.0018824626528033406,-0.006484962314271314,0.00034777320277701307,0.007689346401360098,-0.00042310340460982587,0.003372891139107992,0.009274206629847015,-8.515473247694416e-05,-0.01273488346923557,-0.004079616812051157,0.005922329480645416,0.004510550089426246,0.0019627892607889663,-0.029354619920301417,0.004450404996581447,0.028740350168996898,-0.011948404210458285,-0.022883162287979708,0.016165944247195085,-0.04442869036657093,-0.015826401942167223,0.00638786254847723,-0.04017180191573111,0.0009498287400724337,-0.0047618156095317055,0.0006295516682612856,0.0058150931931457706,-0.0017059531297416441,-0.008612801102505507,0.003283171686063291,0.001702651824249557,0.010648316036664163,0.007255556930869211,0.000916390018258717,0.018406224110033342,0.011576119946565377,0.0028205515435457684,-0.017935885380479633,-0.02719490327724472,0.07911850996404812,0.008415080923698248,0.002819078428363042,0.016955144366523456,-0.010497385968402995,-0.02972817591191479,-0.026778094868844526,-0.009277709471905204,-0.011637597180014225,-0.006651065797687927,0.002359720276300159,-0.010552695368455822,-0.008242858475630666,-0.005012237366104788,0.006445420510064359,0.0032207156604164844,-0.0018202234329667277,-0.026786475388512088,0.06138541679709597,0.0033635931966946586,0.0036391672548798937,-0.023325828710289542,-0.002177554460929265,-0.02174259937834666,-0.004074301537226432,0.0019244200890611296,-0.01026129274427312,-0.013340042812417074,-0.016672851617123285,0.0038985802034749995,0.0028033661759163664,-0.0036119265543805845,-0.018101576634082406,-0.017664468835854485,0.005498411443877416,-0.019602608081026318,0.001955222863530004,0.0016191607756841364,0.0055540507073947865,-0.0005401071384891765
2025-01-30,-0.00737097049247204,0.0014537168939670053,-0.005756306186781579,0.00695804328408034,0.010993577903777307,0.010713185168886419,0.008814136883903423,0.01823252634368,-0.0009839106802314035,0.005755511016861448,0.01685780230193057,0.007715845652972675,0.035476113176295954,0.009851981644407815,0.008195947470516884,0.011309885192505753,-0.010688407623381302,0.05232280825665736,0.014959857853366287,0.023880056470996003,0.028510729803977064,0.004477478180160865,0.04104142330661631,0.010973855106364283,0.009827396840524472,0.03115105772082316,-0.0015711132899629554,0.003578220456822656,0.009806672776122127,0.016658930044788356,0.0029889935925258015,0.002951231061941506,-0.042422612736348064,0.013181935308572257,-0.04909317511972322,0.02520962542084959,0.05389595315770812,-0.0693457464507512,0.014971054922759741,-0.11609631398205655,0.013739069413929883,0.014951956861920301,0.0022139648085639507,-0.0007487623374888841,0.008519620639353853,0.015510347541284553,0.02355518138571311,-0.028292108140730576,-0.0019311335930387585,0.01435359436310435,-0.004289866621543403,0.017523121851576562,-0.002925259914394296,0.003814675255907396,0.012506728815282031,0.003296233042435759,0.019807443023289295,-0.0021977220128066577,0.0012621814912581186,0.014840617823322688,0.014047053007169907,0.021604763176590325,-0.0005975902116404086,0.011229301142222425,-0.0030657169559304975,0.011580120124722537,0.016086911228662792,0.026893349245607823,0.01925023289958183,0.017095323903585147,0.01996771281930254,0.029161467557365484,0.07638931559557882,0.013099105075552231,0.001298159567005186,-0.0067237922014098395,0.026040545820951166,0.026282971511527364,0.011133737374001917,0.019511162589476605,0.0023820075419545006,0.010488477269147367,0.01323297716905003,0.004997548423401277,0.03481338204414586,0.121144546910112,0.013205571251869053,0.011994788403449697,0.017990910126352233,0.014122657448321085,0.014255258448780062,0.01033750656572785,0.00480139867695506,0.0031610580245384767,0.03828886429362566,0.028781453660019718,0.01884954808542627,0.01769361844309003,0.024282497517962298,0.01154575048808848,0.008489547433851108,0.06904030971549524,0.030339329540598925,0.009904745962776573,0.00046056663376070617,0.0012795312265119207,0.017525331591861537,0.021700206957672385,0.005877478774199751,0.014101179754113069,0.01127835544266631,0.018120747666180215,0.003763570913208447,-0.023060943257652067,-0.011084310599527747,0.00758734472879663,0.007516630511920752,-0.06558694938888099,0.019520002887077226,0.035807158063824396,0.005327994993728602,0.03160630971334433,0.002251851391363857,-0.007064145836058522,0.02232034574961883,0.0023798765616795947,-0.12129151500034485,0.0005902831652804252,0.005097588874378722,0.046631524541603575,0.015793965037866897,0.010312523798941875,0.010274965945647807,0.010944923059131195,0.007462337988436651,0.011700864043612036,0.05454248982944687,0.012419185592082549,0.004027211517235507,-0.0011192708536302831,0.035595210596643945,0.009897490887217586,0.0012642834720342222,0.01296028760541823,0.01816456778915576,-0.004663329175961017,0.027670553160383804,0.02851700238436461,0.004753711161302299,0.01298033006647259,0.017015167631898365,0.0090613677245317,0.014042081644864979,-0.021835697369793294,0.025315728825313855,0.02429459026200309,0.012121583374171685,0.011719826390612198,0.015403138440729158,-0.0018116452909371361,-0.009955887785367157,0.00546451767627687,0.018580352894508323,0.011782904750629264,0.014248036567757083,0.06665886886685524,-0.003364669252925445,0.012500362510766472,-0.0024636935240378577,0.027843780283670405,0.026843698233307123,-0.004560249834822727,0.017819199711074596,0.0018417782402675442,-0.15021151540441302,0.018361281340173896,0.006669088409946511,0.020843794487304557,-0.006192528757487992,-0.020951500345439023,-0.019613663047673313,0.015192505481989471,0.0049516999723229205,0.05942419621935269,0.02211994939393236,0.011188884214498707,0.007987690115152546,0.015156431157088868
2025-01-31,-0.006663363248829768,0.04512979439431408,-0.004495269119181522,-0.0072997865165911335,-0.018096263285950265,-0.0034831608212435583,-0.0009206420182970021,0.0038828099034606822,0.002580968742034173,-0.008150634399659573,0.009520748113764022,-0.025120451009859046,-0.008173919678740482,-0.027720741826545492,0.004840075992145643,-0.0052386633625136625,0.012487435649459755,0.009962323853350163,-0.003264166565062787,0.0008359310704522116,-0.01617967088789829,-0.003923945417562358,0.022592626391964465,-0.005408549043559141,-0.001502154945562495,-0.01899998412028392,-0.009959582534562639,-0.008365324141419883,-0.0089755442281092,0.0025608482315844228,-0.0017518398908080712,-0.00687781990209313,-0.004337610053763541,-0.007224456325817918,-0.011056560244978364,-0.0020814762799235,-0.029778951129019404,0.03895100469099333,-0.04685472817823744,0.01270491762028314,0.0016764997921248082,-0.010491426411864069,-0.005719077130294181,-0.026026818565214604,-0.017858512144611538,0.0009687385595995579,-0.00601818678872057,-0.0038436785202087265,0.0015918423525684844,0.0011699836229217553,-0.0003404308844578985,-0.008539011144526931,-0.007520146801681449,-0.04690833399135652,-0.001021609865064832,-0.0076952903796705385,-0.01853224407595988,-0.0008135047959916264,-0.00412320063679239,-0.0027543792756983265,-0.0030777522217642073,-0.009971352691008128,-0.007253154476070556,-0.004798901017550428,-0.030831204548589675,-0.025792856283589405,-0.008329276450686152,-0.028419897624302415,0.003979455480910055,0.0006202264465260399,-0.0013970416226678495,-0.01259461690349628,-0.030934546097903137,0.0015471147432757348,0.038448158133501664,-0.0018916281398473345,0.013326859400242697,0.014285169246450735,-0.010077248954015516,-0.01574573013555458,-0.0063251627892677575,-0.003519316118214988,-0.0018106475508226083,-0.009185489528232615,-0.009916767885001843,-0.01075653625529327,0.0016269380497337949,-0.030497761221678132,-0.006522562948599209,-0.013245411284139585,-0.004001350555602912,-0.005698738762993649,-0.004842297453022226,0.0009374105962534074,-0.007859982623806161,-0.02241267784595724,-0.009320919952298112,-0.0011104823936172181,-0.014123109865959549,0.007123992728144124,-0.015259947622812575,0.0013720812969406637,-0.019407549093561016,-0.006676874123520804,-0.005858748407367109,-0.017497661741312065,5.746712912202412e-05,-0.007674083848905333,-0.01324783433949861,0.0018528973777369728,-0.017400565816416247,-0.01492763696694066,-0.014773880265178008,0.011735622628930908,-0.030343759175510243,-0.0005213276107589593,-0.005528759629529922,-0.0016162590309409808,-0.0072731758592672335,-0.01636793244579504,0.003200875718738949,-0.012448499214547937,0.004531030997754648,0.0015785374215768755,-0.01869904216347873,0.006622877760738,0.005790157909887128,-0.008614562872419462,-0.03998797006398647,-0.0055597855984999,-0.013289094844737726,-0.016552364566889466,-0.007846124423989131,-0.014488974058858961,-0.008129538847406081,-0.010896367488374636,0.0034040072446348546,-0.011595304695998898,-0.002511381907182475,-0.0061332640300690855,-0.0077086891943958236,-0.010301244100459073,0.005783539393354076,-0.009772296260994295,-0.03305463127133912,-0.013444511391474734,-0.007274208361162771,-0.0020198129569504175,-0.011290892348541526,-0.012110746166500874,-0.012159641629886586,-0.015813300780006756,-0.02054207158876853,0.01029610939770631,-0.002632474607334956,-0.01234842140920911,-0.011281387053552194,-0.0045023284786482876,-0.004781383095770586,0.0020265923785691697,-0.013397976893092967,-0.0066914661671511055,-0.009128307598258445,-0.008733957995065822,-0.011137856530004875,-0.013843030228548159,-0.006033488743131699,-0.005224102519605367,-0.016560501673542838,0.010250517434105433,0.003284153761691222,0.0017366059127841282,-0.0016289992333495817,-0.008199010678578311,-0.003925251699160803,-0.02302887262967168,-0.005033255622550303,-0.003928653675796312,0.0526393166061192,-0.0026661379535419805,0.008296204290945575,-0.006461031204499257,-0.0010274821171067927,-0.010029568312881487,-0.021108412444916347,-0.0055164016025699425,-0.025585006819517808,-0.009901324942585
2025-02-03,-0.03439105316722735,0.032599487195000165,-0.010433229355287565,0.003611940522612045,0.003885655719308545,-0.032966410900182375,0.014027913805396253,-0.017140768775304238,0.009335717713074843,-0.006340276772225373,0.023744098069761854,0.008083729121101335,-0.009237953621748396,-0.017528441735447764,0.011937849642558618,0.0017225264047944222,-0.0014798260472641545,-0.03490377667976752,0.013027030238411896,0.008705334501898143,-0.013191587393596826,-0.022206965048900074,-0.019215984168892142,-0.0035967381557018285,0.02291504410340295,-0.005781025262835193,-0.0028749658777353915,-0.010402827505501477,-0.01071568338608131,-0.06027601725763265,0.018287193330704277,0.0066557829181927985,-0.020924709604745573,-0.017661072304407277,-0.02855822722155743,0.0006710228182766897,0.019270889034568306,-0.005932314058905597,0.004140529918323033,-0.01361198746382497,0.016447376728040197,-0.023736312640625812,-0.015102316266943028,-0.0033113323885221035,-0.0004132551683362351,0.026218922403193012,0.0007756887055276884,-0.005611504928144662,-0.0026841363980096844,0.0062570537433996876,-0.011657430262731694,0.0075995019449521806,-0.010946465623532742,0.0007812241675511089,0.007979196542680533,-0.02068100168192455,-0.03624889976483203,-0.038103189305310536,0.007423907445230249,-0.015439678779267219,0.010076977573766577,-0.003462871066592932,0.025331110256627376,-0.017327156646740782,0.005233175657242128,0.01465116901265251,0.002363868286399118,0.014035113580534109,0.006058681201234428,0.0013140503423123562,-0.003110558761534321,-0.0001686863547005757,-0.03472700720399047,0.011038620043552605,-0.016626099107263315,-0.03313183146754106,-0.01572581698401887,-0.01504463606589912,-0.01445356865229197,0.011618637610035343,-0.008073484744705262,6.903070603136996e-05,-0.00616479353621191,-0.004544955048436883,0.025406769950353514,0.018724654228837068,0.0026814303437356912,-0.0036605962206825993,-0.0026461045079875234,0.01275955313758459,-0.014723783478673091,-0.0028195443103689044,-0.003203922600952147,-0.023574397136488123,0.00046457875528638226,0.014066647891689765,-0.0024317061021070785,0.017443784187064715,-5.597561673642559e-05,-0.016428717729032094,-0.013852903668352567,-0.013251306179133948,0.01468458147502627,-0.0004362915906224174,0.004402084156219566,0.007416609212846481,-0.006387582507457523,-0.010509575142629402,-0.0036456941213680594,0.010627273593714293,0.011699094859469739,-0.014869952322928093,-0.026672435308106035,0.010237550478496615,0.007220656256849978,0.01056103225009597,-0.010528250748414791,-0.011809679821606522,0.00860321275068543,-0.01722579716703354,-0.007591188036486507,0.005495021138266498,-0.01507573636051518,0.0001975531654290208,-0.0043136293306274,-0.0004284556214155799,0.0027571564598600773,-0.020899006584871316,-0.03136420728561795,-0.012302218541145216,0.015377122040374225,-0.009293880806989563,-0.0026396370393637625,-0.012029903003301978,0.01693884898785658,0.01033403645613884,-0.017157566778509548,-0.011818024741715227,-0.00013183866752175533,-0.01718399033005369,-0.0212639726732613,0.011257367363745274,-0.01569342574077659,-0.01092256999766228,-0.02456245851607175,-0.007698593964703626,0.018708936640273954,0.005707130499377655,0.005340881137911424,-0.019549330491782868,-0.0012149636860296908,-0.0019397654875463743,-0.0015716081936272275,0.0036485321821766448,-0.01096183474716117,-0.0005040979534713941,-0.0028332597144533622,-0.006253409677058563,-0.004558261064222968,-0.000557254534901297,0.02042545294538778,0.0004377687144216935,-0.001043936307530302,-0.015817541980105432,-0.004628065417544569,-0.005629633739292927,0.021738889862796817,0.004972307839845591,-0.00310720548536203,-0.05357421028141296,-0.020594779644704353,0.004400056401275165,0.014466610833619775,-0.01907744923272947,-0.024151494203052515,-0.028650389031916745,-0.019668816798252386,0.01141428957588797,0.019546657900479936,0.014230147486431921,-0.008103311883066233,0.026829520574026766,-0.009184813985497087,0.015360766604979759,0.013398601177815994,0.01342374511947142,0.0021706111978669895,0.00670120203041602
2025-02-04,0.02084148482165471,-0.0017688330052951784,0.007590209138728099,0.004603075466238948,0.0049697399437818035,0.00266560777226843,-0.008756159264524221,0.0014308518359351652,-0.015787238341116172,0.00038721966974808453,0.010568487434067464,-0.016802078972978585,-0.001949531603328225,0.041818887455229437,0.0004420593690062091,-0.0072575064214612794,0.01896955968995595,0.005329139238750891,0.00717460208857279,-0.006765767171796888,-0.00968775194359317,-0.026852841241850278,0.018268711917811764,-0.0029085508187307596,0.006514711318962085,-4.699679406439117e-05,0.009832829569168755,-0.005635159351376373,-0.004223408851402155,0.0007357379612527026,-0.012475642821726751,0.004293088312905091,-0.016300800429566387,-0.016253579377459637,-0.0004653525316227203,0.002971124237141076,-0.001545658760987223,-0.0033917675362511446,-0.005767060965885307,0.011237643085157512,0.006918324083902583,0.04209181016672758,-0.0052018484011027155,0.021336414320535013,-0.012582641392144822,0.015891841892298864,0.0033006387093990064,0.015954813279836166,0.02329166020615414,0.003925224901485613,0.010368043262978688,-0.008487973607524957,0.005605476764162898,0.025425676677389042,0.017166828741949303,0.010590944470426855,0.013881101855943712,0.004206112774731707,-0.007015113994718547,0.011263414011117412,-0.0074950543277685355,-0.0034301539803403003,-0.005878014866241621,-0.002287402110229486,0.013911387026206867,-0.004177662151024553,0.010989276086546873,0.0009375338271313538,-0.007763531849549032,0.019576599495478852,0.001676500687447735,-0.012318589623866671,-0.018737266975109357,-0.005000177613774248,0.010837919430297216,0.012807363292652418,0.02348786268901648,0.02399569692346848,0.0010227886169964506,-0.00010546375053799295,0.00642943576558519,0.008880656351499816,0.00482041356323748,-0.010110527584086704,-0.01098175180126093,0.013448707069992238,-0.007509445995898645,-0.005738569063078458,-0.016560709453186995,0.003063351625777422,-0.0032451890275488893,0.00963275891899773,0.0028572797832184804,-0.08940181987702633,0.010031794300820351,-0.0030062422746248707,-0.011173925145505414,0.0007702843405761328,0.019860264232064218,-0.003857916227469893,0.0026958406315120698,-0.006081585101579634,-0.009157942609466119,0.0010091444913635783,-0.0012289219795356132,0.0047462217536065054,-0.007173372436713343,-0.023183850828031538,0.00440096074734786,0.008287668502966028,0.017738904668529898,0.010294775009207058,-0.020432404886802757,-0.005924515837687938,0.06364613084169513,-0.09427661527071685,-0.004159049341317278,0.0017374065598110278,-0.004351152909134015,0.005543070219491852,-0.016757260874977753,0.001494931685011025,0.020089514614749504,0.014109971261450305,0.0014217407433649853,-0.012463058820563866,-0.010398276771637072,0.009133234195967788,0.014361156223351657,-0.007899859258631459,0.012479344986454421,0.002915568520717393,-0.04601682093380788,-0.01256556588329305,-0.0033510440870161418,-0.003381815610667971,-0.009837788971587713,0.004056838487293213,-0.0015901148369907858,0.00618193191712102,-0.008376969467350115,-0.1403604000935763,0.016297642948940982,0.03764066248618736,0.007614174398101525,0.04574383120870795,-0.00869428856462573,-0.013789347505220206,0.02320139744980665,0.035428390943349264,-0.013124298101619303,0.007359531076310155,-0.000258673490188599,0.03334952947408265,0.005993987919939769,-0.00995473966919036,-0.0005877295853986553,-0.009514086156040769,-0.014594731715884102,0.0030169305458134232,-0.001251203622601782,0.007557878680343411,-0.03455259509833741,0.010026748973255728,0.005880478410584367,-0.02136313987934013,-0.0036185679030094065,-0.00718176193235287,-0.0029490712654229867,0.021504412883937896,-0.0026172597264570996,0.03374545621344183,-0.0009600406010550344,0.002333342615603584,0.006226773397256302,0.018371297750983118,0.011859413150927978,-0.002217644307116906,0.025904290837559962,-0.00489848030440676,0.0005196725078988607,-0.012232094951619032,0.016103807213149857,-0.007313259149127838,-0.008974678650999657,0.011744045230530631,0.026186930821137544,0.0023774253422814695
2025-02-05,-0.00136723697539054,0.008662499876229468,-0.008537580462036232,0.02222455274221158,-0.00466327961572599,0.017150777632981118,0.011261492898039904,0.013998995815000193,0.014529458727552402,0.00487087770347383,0.01324886106132972,0.015617043513562301,0.011141202584049381,-0.06766164341105707,0.06290989275103076,0.01737772344356614,-0.02501908491002336,0.025833782647856296,0.013292468835771842,-0.007177115590159211,-0.0065527272340126785,0.019876494812828938,0.0390370017328161,0.014077456620777973,0.0030868104197789847,0.02924534893032238,0.007597797921152782,0.008562627014957691,0.003116968638311235,-0.002289379769155886,0.01139628690518446,0.013460020445493548,0.022697704650066264,0.010451988770838305,-0.01017286189904798,0.00828394896549245,0.022577626005595874,0.006360666362511758,0.0017278186934559514,0.01200694994899898,-0.0045398349795870985,0.016543577056263636,0.016861835763754662,-0.003449074393404139,0.00549595329660324,0.02044217439674334,0.010376227421499795,0.012566712977284844,0.022096392845670998,0.018876191690019972,-0.00034052343203905266,0.004378684090817764,-0.013299914815259939,-0.00172600325577843,0.004872203046443424,-0.010290234636302742,0.025194725850600896,-0.012773378418097892,-0.025517628384111646,0.022798080667878473,0.011969258764694679,0.0027489780996514668,0.0023013134002072277,-0.024248733697099567,-0.0028878536423055934,0.0015713407155693027,0.014032816849525176,0.001418520712387572,0.07240778654103508,0.02315179439945414,0.0028656698326532393,0.008982890869048354,0.027161172953618973,0.015770452246079536,0.02122626415393558,-0.01685444408882031,-0.07312345960854127,-0.07699436186784947,0.015779669747158387,0.004444837231941001,0.005419387207920678,-0.004157339833064988,-0.00567438459544789,0.015356383329264034,0.05064360049840655,-0.005151894727292827,0.0078082840333717485,0.017406564239740074,-0.007263131736553241,0.020386113047063503,-0.001994722991041087,0.006810090768080812,0.00788108944641941,0.029499953446705973,0.010832893864971993,0.004976504273826787,0.006773140181934423,-0.0029493273314447066,0.020060085528808003,-0.008463155682560064,0.004662692717854355,0.02250234348958724,0.01222158284764241,0.0056360533169996785,-0.0035123366450413585,0.004844474548068689,0.005057186492752663,0.022617124313203618,0.0074359577200047156,-0.0003502244030393342,0.011527172249243378,0.004487274917427619,-0.01121932191101882,-0.002323602774493949,0.0009524066659780672,-0.011068785721748853,0.014357977622768026,0.00044346128942152063,0.02010601461082029,0.02926138724597127,-0.010503866631125902,0.032641702364542446,0.02544312756678746,0.014160172179964015,-0.02869852050449584,-0.022467113469710753,0.016867795864113688,-0.0028221974618167778,0.048221819419727474,0.01852692573322745,0.00927312574734973,0.018220620230973594,0.015161343506017388,0.021903738865349354,0.005609075668958852,0.004345236434477151,-0.0022795252660046117,0.004041123654035417,0.0029245801198811705,-0.0010274890978951845,-0.006370747725914505,0.019612414554287305,0.016149508107644373,0.01709208977190002,0.009570021968086984,0.029280010761478792,0.007568488631547687,0.004348162025346269,0.015701635098624322,0.0008899662723926838,-0.0007223234277526913,-0.0034111285021243276,0.0189659141679126,-0.0029623620324041866,0.00766952333434201,0.007278129850140758,0.03244565493501739,0.0007031432011244121,0.010177561340837471,0.016756876024070166,0.007779959151729798,0.00915735844418597,-0.013057305868471758,0.005732795335709362,0.0021781949537444945,0.004197328178886295,0.02155643362105053,0.006397833998772029,0.008559847938009568,-0.03693764658233878,0.0051735475231531325,-0.08072258412358746,-0.006361684737280271,0.004376880613050638,0.0030854795533699075,-0.022644267970144405,-0.0019157849280921901,0.012074511862877557,0.013590832024432231,0.007368854652034074,0.062047576693495365,0.022352589534738065,0.006498079299410264,0.011544018079566953,0.019679879547808365,0.016094830421020667,-0.000988020609901774,0.020352400616033606
2025-02-06,0.0032722445634796316,0.00557340144434626,0.022878280770775916,-0.02995349111182133,-0.0038484336148831844,-0.010513384903892309,0.002561532733520444,-0.012416137361188184,0.007037613881239579,-0.04011131406379498,0.01183242610584756,0.003209024582872644,0.011114068345754902,-0.01958772856640678,-0.03320466665749677,0.011596129380621711,0.010814789877966469,-0.003904961560879272,0.006390715245235157,-0.014824291130591583,0.003485740871658649,-0.004635129507158275,-0.005850418310593852,-0.0018807048906257506,-0.0033928648039101006,0.014055141674155891,0.012355165573631588,0.005914353154922836,0.015702858364411654,-0.008944316761415827,-0.03764079791029307,0.0002196036529653611,-0.0022789167347037065,0.03352416087063581,0.01665373798510661,-0.0007523975814081041,-0.00810041491575042,-0.020913113387969418,-0.010569961622324264,0.01594462198103752,0.010534594709561418,-0.0029660053794584584,0.012675252202440923,-0.002461522558368401,-0.029913944656737357,0.007827097730348065,-0.008464308396301412,-0.04884318497178075,0.006427333600306007,-0.005783574974247863,-0.004911753599924573,0.01271097709843172,-0.027900230483333566,-0.0073740217381006445,-5.5164454319189815e-05,-0.0063134573243122105,0.012194218329210749,-0.009332420332618163,0.01306868930437588,0.0049886987907292735,0.005110059635199171,0.0005393838907918891,-0.027645378825030598,0.02053244126210707,-0.007623946870528364,-0.005101705326775008,0.0028611934677869044,-0.01995297712415356,0.010800003358211185,-0.002220886247213727,-0.013457128404330554,0.004390329187802244,0.01426692959120146,-0.017316650744046314,0.0042228316226538,0.0014237174099331895,-0.0011724181111940624,0.00013520598536675976,0.017756080544923947,-0.038800361991533805,0.0005943707886757466,0.04677598680055439,-0.05829482973334699,0.006382229861173094,-0.024606103034232163,-0.03892281235242834,0.041701984547702686,-0.014919636026964334,0.0018938170556630496,-0.002906124354305817,0.0030721290073802976,-0.008635216128767276,0.02227417615038263,-0.014799171620693663,0.0013104961677541382,-0.03171011241901045,0.003413250348675234,0.014739668655221472,0.03367044141727593,-0.0030352321441222685,-0.006044235573201107,0.008219125572908936,0.0009967403688628806,0.03549047470091704,0.018702154767667345,-0.012923103020054505,0.01359552744792314,0.006483393327967768,-0.009981242287230074,0.008735046080905917,0.0028189438805021894,-0.0014294169971389437,0.001510508394080734,-0.0004225937381976408,-0.03639221260640735,-0.01743814722935877,0.01404520690313138,0.004317950914280111,0.002104350199871874,0.007339909636176145,0.0005720305318570595,-0.0056055436868902575,-0.0231241073623778,0.002477834597089945,-0.03896394473658482,-0.013746944880899115,-0.0034211754754576162,-0.005287215219893504,0.02782289387530401,0.00033160026585310476,-0.01426739654983411,0.0023630151305917835,-0.0019790748962229543,-0.02323158765676414,-0.00038054050645452975,0.009714582024288987,0.002879905621825607,-0.0019462034567192532,0.10230346076996533,0.017067042581609293,0.03818081257837225,-0.007173164266907506,-0.037913707855331324,-0.12267305861411781,0.009603885510971466,0.008888730477847773,0.002148699048811764,-0.004733701991786354,-0.004018714894571396,0.011619320230927599,0.01981160253513714,-0.006260792153130801,0.001909446351845645,-0.015652658209492465,0.008008468194837803,-0.0016966391417447824,0.005659028948829636,0.008845535842428198,-0.0031266285822395545,-0.007769783628791771,-0.0020687393170590873,-0.002882074160930781,0.00542194696670073,0.009649851170868029,0.004391202168547714,-0.015658858150152888,0.019321201995504467,0.04378607081238339,0.00452448623448376,-0.01071692256330703,0.008748799840500254,0.07983688023740321,-0.014232222662919902,-0.0036151908251147447,0.015855919924622874,0.01302239378511505,0.007129983673400897,-0.005903227668526689,-0.01411773744708622,-0.005383236192272989,0.006630363721325416,6.0227355414887995e-05,0.016195673595210458,0.0004413524834321336,-0.01528311538195748,0.0032621098906027157,-0.013544236536694676,-0.008228343565569674
2025-02-07,-0.024209395088992558,-0.013126853432941843,0.018235973329304933,0.006162860305046536,-0.004105492839062919,-0.013765772534293674,-0.009852950227699608,-0.022108570187516108,0.0010154553405765654,0.0047576770032273785,0.007519821389569081,-0.011218497234152913,-0.016042039061740176,-0.026818523096294733,-0.014418141463911738,-0.005353022978736632,-0.0417605677371542,0.025384393358444335,0.004957939071331019,-0.05506047683635629,-0.007112938587373385,-0.008083252330505886,-0.03154045236596659,-0.01130824169603084,-0.014767521245156345,-0.020165464328247396,-0.008076580564321478,-0.004651572756503519,0.021050850665778498,-0.015736606508623296,-0.008510469074296978,0.001931130402219594,-0.025387681499215553,-0.009394647276428358,-0.0058765213375950864,-0.012331668703176035,-0.008078114368151645,-0.001778660723785741,0.01286775436804799,-0.002455729281140684,0.0008535035521219925,0.006404843388904347,-0.018000114718981663,-0.01569932429094134,0.005806581955642542,-0.005670211571501049,-0.011037674322833535,-0.013554426477748294,0.001137699103859191,-0.0009775110171359458,-0.005236703540542731,-0.011519767273439285,-0.005767776570625216,0.004505108811159175,-0.007042432103137486,0.0008087689851077329,0.0024581761512321165,-0.014884631778461888,-0.011889788027310999,-0.0007368839552954753,0.003425988271002822,-0.011315747076727334,0.004283692042394982,-0.02573361871125801,-0.0010262697949130484,0.001880636969191496,-0.004519500208665761,-0.005297669897993185,-0.0017384401314197717,0.028803786180342072,-0.0043348826031586185,-0.006610332910654826,0.0040292763046974045,-0.02163879872026797,-0.015265547412583125,-0.012413552787643667,-0.03366220035833667,-0.03449297668225171,-0.00536600493637529,-0.009271283443268885,-0.016757513862912354,-0.003303840196637431,-0.02099874096592469,-0.012317053921282906,0.010677654887908172,-0.005105560336139625,-0.005897883712902008,-0.015637088417135736,-0.020816810566633315,-0.008260291144308596,0.0015753148487807067,-0.003521463436805483,-0.005349646417754705,-0.020114390404356364,-0.020908740248708924,0.009560488753738383,0.007165411978354186,-0.012824184509391934,0.009826904263141145,-0.009280455403414045,-0.01983678222225116,-0.008638509413362527,-0.00834446523317034,0.003372524437669888,-0.00046692009291771086,-0.007864398335005518,0.0004911743853597272,0.010206468286736659,-0.009406274143534787,0.002231790779151588,0.00682384822312887,-0.016791825440756192,0.004296788501496174,-0.001183304664133189,-0.013578352283783346,-0.00799043873703642,-0.009139230948645327,-0.016490461144747393,-0.0059423773807090186,-0.026631596303914762,-0.014980319447584378,-0.004716516580373309,0.15977468026134733,-0.0037562739874932305,-0.04386471751745358,0.0029285673577623683,-0.014530394881589359,-0.005326081660381732,0.006421062928323451,0.008488271350888255,-0.011771209064090904,0.034047558090895436,-0.005160076466227181,-0.003380622420186441,-0.005014164773280427,-0.002667246794183953,-0.009853277939836147,-0.010013064747711908,-0.007871955451062895,-0.009058343530305102,0.0014600292114961277,-0.015353552323616348,-0.008080620982304332,-0.018013848160508772,-0.024382672832539143,-0.015405216968571445,-0.0026862770123932123,-0.008253125765135039,0.0053593056515843784,0.021125666362208584,-0.007092488661633922,-7.453155715175797e-05,-0.012932579053078541,-0.014645177513196828,-0.014859308296803597,0.00864172159738974,-0.0015191950702364565,-0.0002519035643926415,-0.001668879796967282,-0.012034682983793843,0.0024229362060146364,-0.004139067775798644,0.020682711193088288,-0.010178326131550897,-0.012494379666923017,-0.0010829312962679083,-0.003811853847593305,-0.002010555521613888,-0.01068146626084232,-0.035001266116505114,-0.018573078455172087,0.061627828893954906,-0.0016623352855971163,-0.005529455464322375,-0.0012547249867935761,-0.013846695662532937,-0.011179738878488443,0.0012746183160210478,-0.024015964796190836,-0.0021405164522949605,-0.0209022395794225,5.836342929921301e-05,-0.005103035285713986,-0.0002703738425751112,-0.001647702270689333,-0.017203991813227404,0.003973091274459328,-0.014935688757818255
2025-02-10,0.001237900556513516,-0.002134251204133797,0.002144679520152515,0.01676135307726412,0.042049910555171266,-0.0027861421053785307,0.0030367725343465324,0.012078790532770611,0.013302919709009764,-0.00949019334925083,0.006296181483037344,-0.011529542491255818,0.01952308566874983,0.02385228664852601,0.00417230353276743,0.004946529308234027,0.016877001932592783,0.012748621215624922,-0.00204111057807399,0.0007128914242162665,0.024427217126063994,-0.00723441284379156,0.041145260045872156,-0.021459739112604126,0.0008862686540851428,-0.007284696051478967,-0.016450031968844314,-0.014839824581788008,0.004063313908352129,-0.007710144991349033,-0.022026870070023907,0.00854073155190438,-0.0018657612571519877,-0.014146332616570056,-0.003386707522161636,0.01804888254936632,0.03651795512694456,0.021120389552348406,-0.008922125477073273,0.0033547442808257166,-0.013275299200434354,0.00456173516248537,-0.02325293599501954,0.011558836639086856,-0.007347959832782358,0.01728153442704805,0.002443074438701398,0.00580990012640914,0.01580989713940717,0.007656990837581645,0.014278780802314373,0.00886436370200716,0.0036525483168516892,0.020205620811670322,-0.01739308129602435,0.008839622645952616,0.05255786552050079,-0.015180940549375244,-0.015210599934566638,-0.01054512959211884,0.004621187639870072,-0.006659992113363877,0.013840117190251355,0.01792037488983933,0.03198612302611181,0.0058102128742576475,0.011418549557701496,0.008451945757374624,0.005938831668049538,0.018518719040871545,0.004316243690300148,-0.0031102624260883616,0.014115470019747,-0.006876190024097895,-0.0010007664443762998,-0.018537937161995366,0.004424080125301266,0.00480349421822357,-0.010056255070816533,-0.013438087097453533,0.015892944811369603,-0.008939866772169403,0.014199517200436773,0.0009440548635959445,-0.0236403594053316,-0.006356555606006786,0.0009205803424308101,0.03339342502872977,0.01231027989618294,0.022748146797993307,0.0077240446243669325,0.006310518903352325,-0.01877836723650539,-0.004846861713799555,0.0028157918275981686,0.0010073840783233479,0.010678476976339724,0.012159148566921019,-0.010048727154429393,0.008551772431295568,0.017557549238390813,0.014277848591195408,0.004318741769391288,0.001589009037972211,0.04659981724114903,0.01178812981678412,0.0014229851474398814,0.0009102772604352438,0.00873137333128593,0.0027072979600495373,0.0035026794757397894,-0.0017780675710863392,0.024760483594989502,0.0205974302573928,0.022494310431095954,-0.009340473254423998,-0.020569991669147747,0.004225024033587488,0.004960134124226023,0.03592189178956762,0.020290908178026257,0.031666267763565514,0.030643394070300367,0.011360385817074103,0.032102194664889616,0.010867632032455887,0.013566183665744802,0.01603322760600534,0.0257697845622209,0.02156348197275726,-0.006326772462148078,0.012188477555260313,-0.0014406908930046924,0.005147737474346492,-0.0022341116109743098,-0.003316871598527449,-0.0058825744114301415,0.01798070249788708,0.013256633373800675,-0.017861980749577455,-0.007302885706079287,0.012770830145679923,0.020024942386213773,-0.0241518414905304,-0.015278527397380337,-0.0265998857286478,0.004221169700169725,0.0005548446367678039,-0.005813797945916299,0.002371690592294584,-0.026038996669615955,0.015524310250320639,-0.004036913305769829,0.009282779793649887,0.009465159934877398,0.010193063692233828,0.0031981032780565855,-0.007869219942335803,0.002351560989176882,0.002887500294396439,0.011704441306359392,-0.0016502532493452016,0.0053490486165168605,-0.011546973362044355,0.0014687996772826395,-0.032022276842748276,0.038164294654974285,0.012341060530512316,-0.012100595824711569,-0.03106131842160398,0.0012060293147779788,0.05045247063528091,0.015990266027195332,0.009611839978772352,0.011163301047763419,0.006754774512028661,-0.00787760709182983,0.008903148472107603,0.0022830550948595985,0.0011164386521436143,-0.006746610617515358,0.0022948374664935045,-0.020427679785740338,0.005007044040283404,0.003706033676892595,0.016810366296065915,0.01866157516684641,0.0034302183485399595
2025-02-11,0.021648191241921744,0.007028711884543348,-0.005117851099439186,0.0005452111021515549,0.018229181579574316,-0.007936479300513,-0.003849571110320582,-0.018021955006279455,0.009579962226589522,0.0036152707755015,-0.006852828251741272,-0.022460434314658606,-0.0031141993477517005,0.002662699290352677,0.006246262712607198,0.017925935350016076,-0.0020166153068377213,-0.030599364152707587,-0.00332132027333909,-0.003060466996660516,-0.029927228108039827,-0.024916417416486425,-0.003087982774593101,-0.002920838238223311,0.004044095002313952,-0.002701313197706945,0.001638874373148358,0.0037583169361958824,-0.004538460267772493,0.0015386865745634637,0.008822305275143272,-0.0021419072051518384,-0.023538872211361195,0.0027382686521271182,-0.004300394441687061,-0.007386412876398296,-0.02757993132179326,0.008263808486148605,0.01661130260141519,0.022258150649778763,-0.001152952041119093,-0.004526476393378331,0.0011999147027088597,0.02240542536078216,0.00022236526364149967,-0.00329635807801143,0.0007444529008679979,-0.006980374688386526,0.004894202350254062,-0.007045867269072303,0.00026163368934106757,0.006442340216513465,0.011474847916272068,0.010440225739606568,-1.4322709291469948e-05,0.008626156835483734,-0.009557975524373319,-0.008569476030818812,-0.0032380067639188326,-0.00489569642497667,0.008715187549593217,0.05957235951827933,-0.010644204652846767,0.00022640636020820892,0.013559260882672675,0.0027705434097842208,0.0014283189609525238,-0.013579331691652374,7.712943614457402e-05,-0.010083180748152287,0.000940688984729654,0.014572169448726413,-0.036246016346891174,0.00586044443191458,-0.014838113611144177,0.0017045723808517543,-0.00724631179027746,-0.007461273713698091,-0.006905593527355869,0.01544097692459534,0.005481548347640697,0.005400885648516152,-0.007898025789216057,0.0057347980571131885,-0.02308041870638,0.020793807395270925,-0.0018936787602150673,0.057843271549226305,-0.0030359162280459984,-0.005658131417885848,0.003879444784691266,0.011201379364826458,0.013099033133922688,-0.037938274453808596,0.007282529009075667,-0.010498785097319718,0.045786007947524965,-0.0007882360481978878,-0.003729876612405647,0.002510378661372492,0.002151859431283931,-0.00821298799118253,-0.0019365079003828,-0.055535230878501984,0.005523719053662113,0.010478581377761031,0.01602057121029521,0.03181950228885366,0.003507722207098496,0.0020242619282733187,0.00042908689385878773,0.001958943816224412,0.0036975901951739054,-0.0013773858779946302,0.00824225237407994,0.0024122108413209276,0.0021780009022052127,-0.0036791441171013517,-0.015154324134589281,-0.02212604197388046,0.008559341665531406,-0.024923853620006486,-0.0033922990174941603,-0.02121026302525042,0.005348437411479168,-0.002530893196794004,-0.012319808238361318,0.010646296950310052,-0.008334499980432675,-0.013396075017132247,0.009367185653338161,-0.00506015134519,0.009048315518991323,-0.013119998006273725,0.011666177094799224,0.031392601631904604,-0.0005612915186476997,0.019145095392198108,0.00798394323016094,0.00921061699896697,-0.027953735519988143,-0.025475290316053112,0.003653742772781854,0.009835906077457324,-0.020100465998825534,-0.035282739001918806,0.004737287820224978,0.004896078320181907,-0.002882566937597808,-0.0461005814066322,0.023124131081627475,0.03190746173852954,0.006015636900032817,-0.015914513956662546,-0.005089461077295354,0.010190334718333638,0.0206940067107233,0.04733845761982369,0.014281306253042025,-0.005588302629810471,0.01034655383922889,-0.0029074280368068806,0.018705440357009273,0.0036524853856221284,-0.0030974254744444707,-0.012812321413032457,0.011113697851816262,-0.0024416603063386333,-0.0010275922644771285,-0.0659640132985615,-0.006410994899946232,-0.02375776412915709,0.005063060164711253,0.014179869963324876,0.005158792395001832,0.005469080755766242,0.014592125064826433,-5.030488604695904e-05,-0.030989000438226277,0.012789073300378373,-0.02514981953212736,0.0006789502806077152,0.006029872331459352,0.0026890828279579893,-0.01709253063510774,-0.004918823293765584,0.0060280665050580495,0.014383571082430713
2025-02-12,0.018156454241473163,0.005311645831731049,0.04385718789470339,-0.007698531365827321,0.009810837293202646,0.007095233654769828,0.002745180274494885,-0.008765965459717862,0.0038228898952494816,-0.0005668721295917223,0.00830656287659437,-0.015115829068967024,-0.013295603102222664,0.002631624957203371,-0.005484910487877137,-0.02091514540233863,-0.016976950833424098,-0.06560138773043711,0.0069052159630489385,0.00313357859993868,-0.00697347428220052,-0.0034291497377143543,0.0024701195587635283,-0.010987361987866429,-0.004993733828694502,0.02959965654701424,-0.013402602304403377,-0.003861313958180901,0.023121028093422424,-0.015918155691323932,0.005213125486673409,-0.0022401010531325483,-0.024452030569823258,1.2827776664892099e-05,-0.03010581806353496,-0.03446132209027386,-0.000909627484280584,-0.008640931853414635,-0.0070106865487247205,-0.008961640957390937,0.028566000281675663,-0.022616952886558295,-0.015106898234621191,-0.03284830668166716,-0.014167536797766722,0.006466318021848494,-0.010625563106505975,0.006902025020763425,0.005475877810177998,0.0006229691014265626,-0.006399668930135771,-0.004397528400539308,0.1377692489717659,-0.01648843125032773,0.03720167967147514,0.0042300223709004214,0.011411854350607875,0.003485400090361246,0.0010685776139434111,-0.015337514561833743,-0.003415672775600953,0.0023167121376195254,-0.012460302028373782,-0.02020762692058664,-0.02602960300935031,-0.00840997279419975,-0.008085938553172412,-0.007653521511657768,-0.00606265107746129,-0.004716812742925569,-0.023862040323301414,0.0011013128983199394,-0.013066650843978067,0.07090052293526217,-0.009980591400526873,0.019894273164051235,-0.010029655918294189,-0.010545167269174094,0.0008803536371022602,-0.03728940641437539,-0.02262014215021857,0.015250030938333659,-0.00966234500849339,-0.012520552303968202,0.03666929352890547,0.003592696828591535,-0.003094945066057342,0.06844931220925732,-0.01746890029166881,-0.002290219942899796,-0.010484646935011277,-0.006565546554919699,0.00030244201978302243,-0.020970684942608564,-0.012895158032415033,-0.019321974166133238,0.01590492312925118,-0.005270483677746185,0.009917469733408346,-0.01661208341448006,-0.02683863756636029,-0.023090711708004363,-0.0007153903711403231,0.00848212417648675,-0.008712333522378657,-0.02664127088465751,-0.01447015825797937,0.0020208436937458885,0.0011958151463264954,0.006406917322732575,0.00489367509645966,-0.008604918733734479,0.000768306421229159,-0.011078973400349135,-0.04159745071576726,-0.009310949818307712,-0.006259006908291731,-0.00763530147549929,-0.016453437920450398,-0.028493987651659225,-0.015481209425239228,0.0247794786207729,-0.0021186748482078244,0.01686447027583604,0.012539461242308647,-0.007722139592996946,-0.026519553564330778,-0.011153690535353533,-0.01513182381115552,-0.03212966512281401,-0.0009306634468968511,0.005906911426019512,-0.011242343068837535,-0.0022432275310819705,0.0012738002674623772,-0.0027119861444679927,-0.004885743155869093,-0.016484485772005897,0.01123435245005222,-0.018964277353133774,-0.01710137242344878,0.001600069976665175,-0.009949403480952412,-0.033828833233420674,-0.004239458217647929,-0.0009554700116058967,0.0006920022971597106,-0.019998586368759064,0.01883452942966546,0.02235918371292378,-0.012696866575584664,0.004378147260947429,-0.016495896573294644,0.01784061844148166,-0.038370361626414606,0.0034132571908589426,-0.0029572106787219,-0.01721647450227337,-0.006460995393476665,-0.0126721846816098,0.00706415231883728,-0.007964435159470984,-0.0064573881451828186,-0.020856411154516863,-0.0029420229620162885,-0.012264574560753694,-0.013350286460785732,-0.015830537085041563,-0.007736757073922185,0.023606934208672214,0.003605089375539272,0.02855229343466359,-0.0082542348047836,0.003504004817937556,-0.00043726703782898113,-0.02461171155763786,-0.0025428869199859427,0.0019147978902180895,-0.003548221391320716,0.000350135022524789,-0.01883093865601193,0.0200421760171956,-0.005682850942531736,0.0026366193179363506,-0.008029439402884808,0.010526752931341754,-0.030808835128633305,-0.001720920007598714
2025-02-13,0.019533545903756888,0.0015598886642029797,0.003913881410051445,0.009468578190088728,-0.006418934264735832,0.01923662696342099,0.011478916831476838,0.020049587741770125,-0.014156560717873745,0.010932269779778458,0.012328842136263951,-0.007818739224243032,0.017906610059811534,-0.0021282158143858254,0.00637536753779866,0.0019312209172470673,0.005885100217194683,-0.0009954213339904427,0.009453569180544186,0.015738463148580628,-0.008999455499308695,0.0036715239843658765,-0.005417793891740352,0.002889226021300928,0.009384776432302289,-0.006450339144915773,0.0016644053699446104,0.01636504274352646,-0.0031210039612759033,0.005598489216753322,-0.0017449310792541084,0.0032355121321332447,-0.0031132291954349967,0.008203277396460429,0.0031330670249367643,0.005538942613263487,-0.008999251896475435,0.02410158853201505,0.012033439072663299,0.014109386099526944,0.003745078956072234,0.012090497946680046,0.002648236677790905,-0.015124913563195008,0.002573296843578099,0.011042530678049722,0.05416143830430231,0.01298676434436885,0.04166804544080893,0.01975595701490729,0.004808342190647519,0.006177952942934439,0.04710626814328034,0.00608292834182933,0.020970143307709854,-0.022459615465328042,-0.025619756723827436,0.007661565443607188,0.002434433692983795,0.009195362445211686,-0.021684722477199436,0.012301473480876624,0.01713834150675453,0.005370013566916576,0.0017917444416717387,0.008523828454094495,-0.012232940502221012,0.009069998401126433,0.012730794541277568,0.022064778066678947,-0.022376854682438996,-0.008942370072919203,-0.002529115061638443,0.024299309039841788,-0.0005889877584581704,0.003101863057033416,0.011901962449979209,0.012410116321658116,-0.0019123410488273151,0.028482583382634097,0.01268240142624144,-0.015187969411717184,0.0009753834753034596,-0.0030417885473568163,0.01800649153587841,0.01237056511805612,0.011179518787504783,0.06974595991149979,0.011286484050676115,0.004178235090929405,0.015389525616817501,0.011757988829413257,0.0017843931960026538,-0.0019818221140059933,0.01592757418680879,0.010496596689279158,0.011050393216761378,0.0048874525210882425,-0.0005265940486705034,-0.016569612480499707,0.009398166099504834,0.018403334807604033,0.0024857078164233215,-0.0076267480000122845,0.0075734675502792115,0.011404522924132188,0.04225828340621618,0.008741027901963072,0.00881436811261338,0.0030589843725907784,0.009907966563761583,-0.0015843659760363948,0.02612243766485367,0.003672510444977739,0.030588396219080494,-0.013905126788987587,-0.0032827692660806207,0.001875335617960161,-0.001960490099299328,0.03984319480830578,-0.010302826390533149,0.016057519328587233,0.017272342741491364,0.013787005060294177,0.01278689904386443,-0.03554459519402364,0.007427469053172153,0.0117519853283925,0.028602008333876938,0.00579768186790286,0.00735394551068147,0.025425235264698642,0.004240686475647237,0.006762146100913302,0.008844625897030056,0.02090310704747722,0.0213706205043227,0.00946690751839796,-0.0063382174085999665,-0.0013935124118775732,-0.027620283938278867,0.004999913479998064,0.010847486768050807,0.015084952040421484,0.011882222403800213,0.017011343635705778,0.0039925695475142575,-0.009229144903942554,0.0005390548501518211,0.03634527229041229,-0.010244108875752111,0.01596162899481257,0.015593908326754224,0.02657917175876534,0.03484420739884797,-0.001088099167070311,0.01240364930667237,0.019708669763163655,0.010701878191203384,0.00690633768208837,0.009339120960765612,0.0021237938861657923,-0.013644274452047078,0.0013542832041859576,0.013752590327725578,-0.008927983092068992,0.0376285424739784,0.0167087732698743,0.0089786385427848,0.05565016562311076,0.003975245201697675,0.009616350174550092,0.011174157266756524,0.01021059149698722,0.01392841731107719,-0.009111413231605248,-0.0025474040865183234,0.011431248521255988,0.02138497362962344,0.011867488795858083,0.009205595589818039,0.03181883047181433,-0.005833964905008315,0.0006534319847073533,0.0466368674019253,0.013265569178684267,0.006979504741500442,-0.05221035453491307
2025-02-14,0.012681740043034573,-0.0037718097929797523,0.13518641079105453,-0.009438426956320356,0.00330510960574415,0.023783667044265933,-0.0067909128087340065,-0.003099164185100811,0.007503572058913832,-0.0072165295329646995,-0.021488239544531496,-0.03616848992561117,-0.08592693491934167,0.008537945171773309,-0.011788709616090465,-0.0037616463345075957,-0.007748419068972723,-0.028590091139816032,-0.008175338185333558,0.003400010464375214,-0.010912146663102362,0.03112286967723943,-0.01486189084563172,0.010751932715645118,-0.00448494339092953,-0.00760751221681133,0.012577063080002393,0.00923512185183295,0.005857997490274158,-0.0076760615040463165,-0.03621932766318281,-0.0005392399270132131,0.02624414630938343,0.02815661526437907,-0.0026461842934200064,-0.004891775290809086,0.01686944630118159,-0.025299597722684197,-0.01933808089308453,0.0007320857850325879,-0.01954881996284641,0.01109454727686554,0.02302150570285466,0.0016919430905986133,-0.006826879486216519,-0.004582725291829348,0.011311025165741118,-0.008471710720203696,-0.00591095248328255,0.015027860173640661,0.007479101430283297,-0.007278682184996832,-0.009687976499977324,0.007336775169910936,0.03454814305153331,0.029063048712993478,0.03490356119063964,0.013935178072330245,0.006326990989930614,-0.003719886053034749,-0.012295352358236755,-0.0034949543919688963,-0.00416544972510291,-0.012578565033141587,0.002640761631858446,0.006958692548911571,0.012317199228148112,0.008996632059078635,0.0065483057905186826,0.01609661388868311,-0.01888374442064933,-0.003249886802180413,-0.011685283978187577,-0.01892976918887257,0.0057080591940006364,0.008889872964516599,-0.0066143033818963914,-0.006175854819122861,0.01588193500821511,-0.01949663383147815,-0.007356501629990575,-0.014346703792321058,-0.01264457611721248,0.03788323804413274,-0.005105299814665454,0.007275357634753732,-0.01191131241675869,-0.023292996945170064,0.004543465028207017,0.008173393428069886,-0.007907476012784187,-0.007997337369850754,-0.00039237176347217684,0.010001211570584978,-0.020075186056356387,-0.00047804415588625915,-0.009487874665897067,-0.009350906706198536,-0.029688657795018614,-0.026910847277841654,-0.003595503795658317,-0.009208558241235565,-0.003279286659540581,-0.016499617696829283,-0.0050159979926398535,-0.01575240635832298,-0.009258607241807937,-0.006032283334333144,0.006146835529407646,0.0097545183889709,-0.009222876702173366,0.0036715592286897802,-0.006985087327978867,-0.007736599741608341,0.011110173742558516,-0.016050047723528138,0.013990332516814696,-0.006937961299867901,-0.06189267164695167,0.036905649312664934,-0.008341848395950535,-0.029491586182290863,-0.03446213405382714,0.012152969885141474,-0.0025989446148528828,-0.03757073292891988,-0.002637944829216643,-0.005993086599834108,0.023420620919692325,-0.001955741432793978,-0.01392088565927363,-0.00962217828548706,-0.008113404948682401,-0.004189468872772384,-0.048316584153939246,0.002112435018008618,0.008149585984594587,-0.0003372716499141504,0.0069535809229703816,-0.008383171138969026,-0.02103708337718313,0.01867079923256476,0.0004486722673204824,0.01302634363502797,0.00867163889992284,0.00045761001707944615,0.029759809940776982,-0.02942230275035751,0.00231576289599289,-0.00677424688980377,-0.013456040012298942,0.010735628853217882,-0.012013142460185477,-0.02862496701488304,-0.011922085822040351,-0.014667066033585918,-0.006544351917210811,-0.005286687641831378,0.0024079279762450057,-0.008421586431755834,0.008069346101476693,0.0029588487752971737,-0.017059728547815567,0.018391486817839642,-0.012845206853994817,-0.00039970897152219464,0.0213805627009771,-0.03031812681605217,-0.02031103767560083,-0.0007651260623795508,0.011743867485234816,-0.01305520263368809,-0.01051215918821402,-0.00663708095694826,0.006926005532486457,0.014054089257650837,0.0071284756413865225,-0.00540915203906156,-0.00687023209965254,-0.0018562073146761726,-0.007354625396148506,-0.011099561626985555,0.013455709591779552,0.0003451378311343234,-0.008785796498306908,-0.01019794151602138,0.0007565263909325992,-0.045334321985105674
2025-02-18,-0.0004803198254119678,0.016603902196685283,-0.004872564310405281,-0.0037422701148326354,0.009807545758838465,0.024725384729143762,0.005728411570952829,-0.02418983944683184,0.002847093864872363,0.008782062293276383,0.01505339477522405,-0.02926039416283288,0.01580669049962946,0.007445752915303139,0.00553969847290503,0.00035160635844011523,-0.009302006531383356,0.03645919817211585,0.010854938715040952,0.0031385528717553512,-0.0016478866842071227,-0.0011418565848311246,-0.022630676925228244,0.005107853217702463,-0.02292733605199082,0.0008860265414831758,-0.010128022902300415,0.01024126745007159,0.017895906207058943,0.0028907354955896025,0.011251067545971605,-0.007444737786532762,0.010898719670374035,-0.0017213795588615355,0.0003514313199914909,0.015984393099575556,0.024211231048122173,0.008311747357556243,0.004400965574050453,0.02721434647477894,0.008744797755352529,0.013302450854824954,0.004871211441240142,0.012523024526592152,-0.006194923214764003,-0.014788968653071777,0.004489029330672523,0.008997568598994476,0.006554224836169631,-0.0053031987996385865,0.007413982492995519,-0.002897137048120335,-0.005475687464248757,0.005041213293480951,-0.009029305038714242,0.04295526078928269,0.04901345065852336,-0.007905029585645984,-0.008312543797401872,0.0078058702641641275,-0.007051993290720482,0.004833733501559578,-0.01569187043886089,0.012413798681586208,0.012922262431358078,0.008395354387309872,-0.0009241397398458417,0.015844681183887488,0.027710484952041092,0.024312941082056838,0.00113252686219667,0.00583521304116541,0.010967273361008445,0.010150371580651907,0.004129599143734453,-0.0060572113449115506,-0.0069664808619327445,-0.00918837832923014,0.01563279217945901,-2.0220080079624836e-05,-0.015458376119798167,0.010509056489987678,0.02546468129741175,0.02110347794911238,0.0040123653998289655,0.006071715512193876,-0.002076581316297954,0.14784735251227943,-0.014145815919504479,0.010090374659093015,0.015646907688134704,-0.00046136111537720126,0.010705813299574096,2.416602240451482e-05,0.00775337488345329,0.007403343199989809,0.0022283293654554726,0.018609541312421207,0.015944600075815885,0.012533106980490594,-0.004444697131381403,0.042660946798270594,0.006255425100103018,0.017146406935418135,-0.012392698915941303,0.008533283349319909,-0.006677702844939404,0.005444204243254092,-0.0758409935905684,-0.029258661357570936,0.0063567921576543895,0.0019102469052514337,0.03437834472191126,-0.011747961754587255,0.017258648301610613,0.004160636900423675,0.011275220587711132,0.001173189618135062,-0.028284493982587477,0.06785288572757775,0.006005100280440878,0.016803182051851717,-0.017565075918510864,-0.02375672357836489,0.06015702373168352,0.004176139084527186,0.011183465069919407,0.008247972386498326,0.0014002478228984927,0.02819080196812873,-0.018781071982861164,0.03999993141398228,0.00509085033529022,0.0012842261995391624,0.015861903467513372,0.0053729793909989,-0.007939228105382057,0.0038754355759715864,-0.012684295085025,0.012794915576334276,0.005206862407177049,0.009115150344889855,0.008137424186280384,-0.015205492729201353,-0.0077121921264788895,0.010908199230141413,-0.012690261275878356,0.009180959181339432,0.005148791536726982,0.0007122823240539589,0.012512411381431221,0.02398946753941278,-0.01102263260539793,0.02522752713274734,0.0037566014776153622,0.011322123134146267,0.005093804842296379,0.007106025672008798,0.005714289412515505,0.0009419679546009974,0.006449979252737048,-0.0037666769574951076,-0.01188637638604284,0.016576873786818158,-0.004884238532397056,-0.015523239628429053,-0.028544410539312892,-0.0012884841367775124,-0.0003193308839737341,-0.005357746580744838,0.018051866344724665,0.02356977078761524,-0.040456726455607495,0.008154252873223022,0.00922731837701729,-0.030730336242434042,0.003531700625019507,0.007940863340364146,0.007651759999324881,0.004472777080754664,0.02996339224302158,0.004173844545048766,0.009178918839285899,0.0024930345756963845,0.013891255253011714,-0.0030392662478773147,0.017141179525048678,-0.005990315593384032
2025-02-19,0.0016860498124966483,0.004820411434963923,-0.016228175099874065,0.01442376625191688,-0.014199826808804161,0.09182559089655573,0.010399073049725871,0.010842348722905015,0.007890869804589862,0.007892289384347606,0.0033854775354127398,-0.0017496504921172829,0.011299162569435417,0.0006478468476238675,0.004930956186837143,-0.005782500190337103,-0.00047353982291920005,-0.06844742650975189,0.009934870599872525,0.0005164339408434415,0.007412665593771628,-0.010479148621153733,-0.0022131177192799,-0.010104085064986279,0.002284841342177657,0.004267236522477624,-0.012167790895150521,-0.008412732851613924,-0.007346052163629935,0.007488052022566194,0.011520028656741399,0.0027763214433296213,9.767483745992678e-05,-0.010144377871838195,-0.00439999288368309,-0.09355178423743826,-0.013770003178274592,0.008412285960829102,0.012193669465478507,0.004019554729909114,0.010769207844163908,0.017230230576820382,0.03276777294225486,0.021757931217654125,0.015071667083158324,0.0062262570821207674,-0.0018053955925960707,-0.011944141612028503,-0.012956891124278336,0.0028854779043987477,-0.03789357362638812,0.02082225900076118,0.0110604543803694,0.006604749504661278,0.003574127355828516,0.014731392978679203,0.0033574641473448352,0.0029094884741267535,0.01535012064241581,0.02312562727111267,0.007413736576647345,-0.0006660614844644641,0.025698896233804724,-0.005685542514824782,0.027443631538936586,-0.0020211396296265782,0.008573447567759906,-0.008450459956922618,0.003631475425369679,0.0038251875398307433,0.00489980438951676,-0.0008206784582176496,0.0008977402702035064,0.02151863253135744,-0.006678208315016754,-0.007963219965853696,0.0059086624054707215,0.006854371109889179,-0.007863569001260728,0.010482964599639821,-0.019958776211079332,0.0016659695109373374,0.01293472568975318,0.016742747460641638,-0.014295246352031832,0.003984399467450217,0.0019428072267748675,-0.06399296860221337,0.0024734711564740053,0.013715886820056866,0.006764071557403106,0.017560257232932308,-0.0038727328556502627,-0.015525822598038808,0.019326876173401786,0.0051185059806022615,0.014281955456075579,-0.008632064025942299,0.012171170709582846,0.010208435290882,-0.016351128166396833,0.009813055233855117,-0.0007318557806126336,-0.0029751086593776677,-0.009789117288825366,0.004451674596003485,-0.001020059355363756,0.011726816286899755,0.010299731847273286,-0.019060465981474373,0.004940822724942784,0.007512042212098002,0.010940965648670975,0.009559601242796312,-0.010997603255547439,0.028149950697756942,-0.0014537281346900244,0.010660284005598264,0.03015082835879035,-0.025670520095766314,0.00770310202241653,-0.005931771322544854,-0.05365936800645699,0.005163411632023163,-0.010768553763131017,-0.019497530511926264,-0.010173795809040875,-0.038132397773110505,-0.003773291443083693,0.0058409254426647905,-0.0012180209631775796,-0.01536297319317459,0.011948251013148337,0.012937948802602683,0.006775976253732274,0.0216506295418597,0.007643302761981552,0.0027108095997609993,0.005107947905561794,-0.012399282950758206,0.013195600947661035,-0.0024995128797371535,0.009042236570500961,-0.0433464491164246,0.005609249033369679,0.009741059538106,0.004417805278317921,0.011457050973112892,-0.003895877495182276,-0.011766816733151941,0.0049060343581688315,-0.020307663366915918,-0.003353485836097292,-0.034806785732144796,-0.04779126712159343,0.006103385941393036,-0.0008330597081451785,-0.0023949741204658537,0.008022615271699785,0.007344415992730724,0.00524843530764274,-0.0012473708828366625,0.03190193596239599,-0.0020508323131496198,-0.004090684480988038,0.015829506281436423,0.000489571304750136,-0.006086362380626653,0.015694219592300662,0.017566690436843224,0.05101440537219126,-0.006218040719894624,0.02441336509609826,-0.01613852962120088,-0.0017224299261000553,-0.01756082584779861,-0.01769212048210278,-0.00449208772887566,0.021566519891260683,0.018832038001666884,-0.016866046167876014,-0.00859962510018164,-0.006111130593615677,0.0005183180561010303,0.00770156432160185,0.0015806702246381477,0.0011914546564524287,0.0016562339720067598
2025-02-20,0.0039640963552693975,0.01695993526498274,-0.016825063104321636,0.00739556031036237,-0.0037853667344336372,0.007819307726000702,-0.004094768318326558,-0.0278439658211056,0.011368484687293012,-0.0022845266316435797,-0.006510075401593873,-0.0018334294178634636,0.012835170145658381,-0.007477752148087546,0.01228385221494932,0.01951077512202115,-0.017070563938299976,-0.007014585332672851,-0.004252869696435013,-0.008416557870558172,-0.010146116100279379,-0.02132502895000954,-0.01182626435031331,-0.02044164025453199,0.001735234232402405,-0.030810787208257473,-0.016480945582126427,-0.014861557034578254,-0.019483765606830517,0.0019307139032358478,0.016091131698289463,-0.0031945158121242656,-0.018400491913165062,-0.03342215315853547,-0.012537582842114148,-0.015611762614888391,-0.040421860598435444,0.008242483650451327,0.005475763986888538,-0.0014712251641517682,-0.010601650489166836,-0.00527044555076106,-0.022698824386155003,0.024348386717714554,-0.009296565392829415,-0.026344501864198122,-0.017597489134887567,-0.017361305598251775,-0.033022638145377314,-0.0036027215477654195,0.0008968482279190226,-0.011218640024866389,-0.02144437382068265,0.009649209673057157,-0.055313191152150054,-0.02734942590628009,-0.010666707542213771,0.015097071547699237,-0.008066260934520564,0.013493843458453725,0.011511062788120086,0.00338190031235186,-0.0012402600901655347,0.001533251792590562,0.0088338089501514,-0.0020254669880972465,0.0021434285604442493,-0.00853070019927582,-0.0047368441147392915,-0.0020313639050337784,0.006646856315436267,-0.011214011031766447,-0.046557452166593905,0.020839651284832783,-0.01781526896517116,0.0007978982490302045,-0.0038460109132403275,-0.005114684795119118,-0.04135476059913579,0.001327892324868074,-0.0022267139922726997,-0.007039421094240161,0.0022661071651315368,-0.009802439984674116,-0.030992233534897107,0.0008317944345686001,-0.0018348489193478201,0.013199352041252777,-0.006754745415856966,-0.001980073345660749,0.0051720061457007915,0.010295428524115025,-0.04697720284048934,-0.028978435839138506,0.0015099740827739794,-0.011320740168858645,-0.0008099672265480251,-0.0008958212856047254,0.0077221432131659995,0.007655095619446328,-0.0012007010192114365,0.012811472771301347,-0.009762893070433876,-0.0012413322385196324,0.003406448374470017,0.00020476442428840613,-0.01526512567722449,0.0034103795158282324,0.01029917751711995,-0.014085374112083215,-0.0017773673816137148,-0.008061107322946626,-0.010847322369282875,0.016827005079546264,0.008758608583987915,0.024801728053883032,-0.04749686502489325,0.0034916557529953707,-0.010601009803452577,-0.014024170912699141,0.01507862797781101,0.010416313899372476,-0.03030560697383411,-0.02020554238396688,0.00556958610538949,0.009280426532674468,-0.019353980017531747,0.00024462495021548847,0.0037475533551285523,-0.034561762741066815,0.011557209899057064,-0.03200285039905992,0.022464492316331963,0.0004959952585505967,0.004704139287276199,-0.006937477611484333,-0.009793954796093907,-0.005943503449461929,0.010156363947535496,-0.012592947306458768,-0.04033163944937801,-0.008546555355740892,-0.008728515413408466,-0.018388623848417218,-0.08206638769564378,0.017732681257831118,0.004784359848474473,-0.004182230030555623,0.008420924515069927,0.013898947942329265,-0.0037749750090689815,-0.028043662721029428,-0.005333509281185478,-0.010623308076769256,-0.015050619575897706,0.01463362713209726,0.003944717636594319,-0.013912126992152274,0.0073705380952118205,-0.00561947784935235,-0.004686899326860061,0.004225843042982458,-0.023162144456859046,-0.019057282865525327,-0.004345647663586583,0.014129014057802536,0.007711945920885199,0.026955834447045746,-0.005329549093946007,-0.017716293314640197,0.03766307273551561,-0.0009289569134072195,-0.012978939003913226,0.0027454501980788137,0.01574013215393233,-0.022827869967877668,-0.008108709494028865,-0.013711571087733354,0.01890198111342478,0.010723999575495302,0.0027013936306694575,0.0027208609506157444,-0.022412616629551962,0.0023962599418849706,0.002687154434668493,-0.06805432965858138,0.015034790007673493,0.0056012133444411916
2025-02-21,-0.0010884150044674357,0.005186839253020992,-0.061116846132505565,0.01261096872561307,-0.021810586116507658,-0.021422472788486857,-0.003981928000596824,-0.021494482722401287,0.008568036123332234,-0.020620487554294797,0.0015555343996309645,-0.005422366899566988,-0.02376887622205537,-0.03253430683001568,0.016830171265486804,-0.00486944661678379,-0.02905887190612777,-0.05257912605446524,-0.008653839902684979,-0.013708186615271067,-0.029965903133585492,-0.039984442761325845,-0.03937389883812781,-0.028931212478507717,-0.012385669105457353,-0.02292893274910135,-0.011804847298353405,-0.0007219950699033362,-0.006757254039740701,-0.01658797969683512,0.0021827650379391272,-0.008548276541635147,-0.03482103078852994,-0.02295359977237954,-0.028009609490007747,-0.04660809544222122,-0.08578818763227591,0.00046705787168921375,0.018386448206189954,-0.004230453132412659,0.0013489009143397013,-0.042677194776660876,-0.026758294819873463,-0.04038132769800473,-0.009651424569964817,0.00027371574192258663,-0.014609881559592974,-0.025861901270185506,-0.07136399533808646,-0.011704350538916053,-0.005585943069680965,-0.007854658676530235,-0.026564301966941706,-0.012070170127840285,-0.013886651564586572,-0.012311626146487065,-0.02106699261020495,0.011616303513992676,-0.01810009646407984,-0.03986834042585308,0.02023087871376994,-0.010703253839110971,-0.012071268551467007,-0.024556175270829428,-0.018879344144885124,-0.007115907933256782,-0.021221740111685428,-0.027514364098567334,-0.005577622313000852,-0.03626094182056061,-0.014427702003149356,-0.046440401955271327,-0.09688006964164053,-0.0017555159391324793,-0.009862798817471319,-0.03506397072177725,-0.02870936997291551,-0.028183468398635725,-0.028117266945403507,-0.017527182057832214,-0.024178641393839406,-0.03171082705196149,0.0024956466366150565,-0.06717491932938824,-0.0346890340236472,-0.013146317980709199,0.005638259388783595,-0.04897369372046967,-0.025182228979900856,-0.023504556414741806,-0.005021884106543695,0.015297086446492969,-0.011010545908693103,-0.01772904177155077,-0.032661028124732816,-0.006893884243187376,0.01814908990137898,-0.00900709376423503,0.0013869508940409503,0.010072819355879226,-0.030009049063693283,-0.03686514682356279,-0.010834937305181924,-0.03445498981661643,0.005527812808245436,-0.010728712617885883,-0.022837479598401877,0.03896726882170842,0.022040426417897052,-0.01769720236254102,-0.0017834672037917443,-0.028463727886602896,0.032839288629844976,0.011602044621298546,-0.03063319813608345,0.021337987440177564,-0.021234743529845446,-0.02100113504741863,-0.029589094591067067,-0.04562545441898713,0.019883473408786934,-0.0629298623074992,-0.032411672044075246,-0.023130455364863245,-0.00977164437503042,0.020820834985451953,-0.03077792799330581,-0.007837530063349973,-0.043937289542443025,-0.051331465559990797,-0.008106716089264054,-0.040335146925979615,0.02923473430257939,0.015435781726935272,0.018288798071269596,-0.005223593446093133,-0.04290384905192468,0.0006552273147679699,0.016908890444849334,-0.02078951525186401,-0.04513719667971827,-0.0343196498790963,-0.04879752787347158,-0.01036689138209379,-0.04308261428283622,0.007625160187544999,-0.0003839444703777062,-0.011392845500121318,-0.013234930760571473,-0.05242900046458132,-0.01870992199945043,-0.04285556584355099,-0.015811730948308345,-0.04098428326103232,-0.04045609818509277,0.005840238293942868,-0.015950080129165656,-0.004223933174934302,0.01214335538928335,-0.009612310009253555,0.016562436925333213,1.7148705282910015e-05,-0.017851245457211284,-0.021819319911261292,-0.016096745856407857,-0.008781058069996739,-0.000909068120364509,-0.0034853315545850805,-0.005767284980954912,-0.04845635648419133,-0.010171066795925832,-0.031759761160265576,-0.07031739375659818,-0.008155577258494695,-0.00039524977311433673,-0.05757169332072554,-0.019656302926553515,-0.005886126111021461,0.009006335468912496,0.005697060677512411,-0.019557948568894368,-0.012988186666236246,-0.015249045723398247,-0.004994467813501657,-0.01782799351086073,-0.025852157326580638,-0.012025547032588513,0.019761510897406076
2025-02-24,0.006343804706765432,0.009079370524510466,-0.008374117743964682,-0.0002222880573388153,0.0014852987015858687,-0.00914800639103408,0.004527261717630182,0.00032019165071428546,0.008293085278493706,0.01863436027106502,0.009193385026999401,-0.010393760031695898,-0.020633375123999542,-0.027871898139766316,0.021825780478228474,0.0018007275294378289,-0.018415578037060953,-0.06076164739280543,0.007018977763151746,-0.0012561092141618602,-0.010504423975499222,-0.017334283970623865,-0.053404635450615245,-0.0002544222143274766,0.008196106018825589,0.01336807470405077,-0.008770773069580518,0.0069190335559223826,0.010397762567437852,-0.02337867526156856,0.03752651735739443,-0.001214038943565754,-0.0088673541842752,-0.015991801052430255,-0.004870403044777483,-0.022695843139772798,-0.062191488894885794,0.0040612594553888215,0.007469125477289396,0.0021037158490888608,-0.005373968301107368,-0.018644453409874195,-0.0026615319072433863,0.009181382411666661,0.010293563168429998,0.0006310660248383115,-0.009881920302754477,-0.00317464220549013,-0.03890660185243444,-0.012611005590252411,-0.01593119688075806,-0.005840844008984547,-0.008791015485234865,0.0059387108584800785,-0.022965614187635985,-0.011667591888293138,-0.03164471465957952,0.0050310034077485355,0.022250660503503994,-0.03538954299919883,0.0025272274497316616,-0.004071491850480058,0.0022690162741909603,-0.01068347793450819,0.004519971886585594,0.009014887583395748,-0.010771285933603991,-0.02144273093994631,0.0023009933549795747,-0.011046548607582807,0.011528469839118038,-0.008438425640261649,-0.04150328498635858,0.008746576343341417,-0.0163949299079702,0.004947436998318011,-0.003374214974772194,-0.003559700213958017,-0.0009724213951241012,0.008305992104438609,-0.007729720691625808,-0.00298784961432208,-0.009916330290893782,-0.005045598877099877,-0.021007738439878576,0.0007344310107084695,0.00245501116435598,-0.0255051332437497,0.0017266984947665875,-0.00015506221958272448,-0.010458003003774863,0.007855677164672059,-0.012404728255574149,-0.008081141532711555,-0.02237308877514188,0.0021678014230221976,-0.011090639655195744,0.0006287021398598824,0.009543042669940327,-0.0010513444423772,-0.008923134058493432,-0.03423515217808504,0.002130534785369953,-0.002550863876028764,0.008750946366228973,0.01230616973097387,0.0009152529316871494,0.01015555802318513,0.0021064351743369514,-0.024132518018823212,0.01292002191888919,0.002866480195200971,-0.009854330573423997,0.0020633815403798828,-0.008381174543522718,0.020376545591564543,-0.014458697660602482,-0.012151894303157107,-0.002986573235087775,-0.03797162321852099,-0.011395607702577415,-0.03269552094927031,-0.030145169362031154,-0.016773832334504135,0.047955593531713525,0.002997315991311922,-0.011361439306489807,-0.0160822954154618,-0.03391056100132506,0.009050891824065488,0.007581790351241402,-0.0037719224449386246,0.0024291090618229205,0.013330080097871733,0.0022081748718969507,0.02422635148749208,-0.012975381340242897,-0.0019095509981887915,0.010512558633091196,-0.006388207327260531,-0.04009382235126058,0.004807889921149666,-0.02653870070278419,-0.028725694076733532,0.011612653328104017,0.019732027711555133,0.007511226061631682,0.015421392379342258,0.01369680791197414,-0.0010390290597133145,-0.005563643630626558,-0.006217626179374491,-0.0021523439178023906,-0.0419798180273423,-0.011034239640302701,0.004785245666832694,0.00437211216675415,-0.0007630039176351744,0.00046823528028561157,0.013165030450596582,0.003246526720595444,0.002115039089394255,0.01696432416938176,-0.007402222919542734,0.0021938876116749384,0.0067022041955207,0.011058601065305318,0.0008208293631044583,0.03289333228554181,-0.022240668411726006,-0.006771886184012921,-0.03397036499402439,-0.006528701775799561,-0.012839891305810092,0.00046063107431049133,-0.04135204557595973,-0.0061237292818923095,0.0035303693665778013,-0.00446389110574863,0.012373952586247405,0.021592842800797207,0.012424062918660717,-0.004393124588580655,0.006983970874776979,-0.0023138681994101518,-0.012317488079593986,0.0049658973218749125,0.030411887075083577
2025-02-25,-0.00019160007749086105,-0.00047509005152956973,-0.022618360692541195,0.0059817469681595625,-0.001014986004037155,-0.008235869601139534,0.003644708178476286,-0.006004946103048248,0.011841372237842762,0.024965096336566184,0.010350133224348745,-0.01892527235373631,-0.018744666208577954,-0.04207647611850085,0.01882491649577922,0.058852640888988894,3.766194796028799e-05,4.948216956446316e-05,0.013966131056609044,0.025792863025389856,-0.03591326273491191,-0.01690528883728515,-0.0293520358615611,-0.008132584683148814,0.005943783459519736,-0.0112493419159172,-0.01269404653369488,-0.01617407508196944,-0.004269241153306069,0.004306671535332818,0.007151220391004909,-0.03604604363277275,0.00045634009600536984,-0.0070637743140382625,0.008527501021017514,-0.017751783006413113,-0.014429954431042447,0.0419312613965559,0.024246099031772772,-0.012024657675208772,0.011451955561778249,0.0006984352136294447,-0.03178509959890352,-0.017528156161601416,0.024149048717998944,0.01926584870450121,-0.021050311067545735,-0.0063313296634861516,-0.032461446917092296,0.015178371621837883,0.00811906098665105,0.01152935160738977,0.008586005783587147,-0.009577497197145846,-0.02616451357375027,0.005730663917985268,-0.03283504866053377,-0.002751591513394658,-0.006899177673008516,-0.010126207139363963,0.011079560436438207,0.006360009457432092,0.044213019375075824,-0.009021884266045,-0.017042124084526655,-0.011002809611812658,-0.001690157582125984,-0.0021832133784798202,0.004626354053018034,-0.004697437923844028,0.013080661956661466,-3.6697033083399333e-06,0.0013056123784433993,0.0034651241876275662,-0.02461157910239642,0.0019186350442632616,-0.02253237086519011,-0.02287340893726597,-0.019933504612319908,0.039776167245959115,0.027800642674694842,-0.004387663354109783,0.009615241394461904,0.0021943325193136687,-0.0678081537411841,-0.016613833361209807,0.015613901503344074,-0.055265590063863,-0.022078518373860767,-0.02849285063863949,0.01087242753900064,0.013272294601224033,-0.016559943979440384,-0.012531609593114723,-0.019431340632564797,-0.014178156373573003,0.012287282184621162,0.01882445935817678,0.02362692316344628,0.01840141482192159,0.022004145939317432,-0.039867259317937,0.008419686594354658,0.002537190164239256,0.009926332663751758,0.033518593897372995,0.003349515091644939,0.007466826335076782,0.0029846768257373313,-0.01735345038507674,0.00642933540582824,0.006683282068133067,-0.009732598360669531,0.011920263836258993,-0.015507917998411003,0.0025447054904583766,-0.004162533704000104,-0.016999239148254297,0.013483671738537595,-0.02587388301586202,0.0063176642347535505,-0.02935222006862581,-0.03712917634259849,-0.013457806782197324,0.017504039465944032,0.02289229378260682,-0.005472939820150735,0.0028884417845809196,-0.030969634419463432,-0.012069953355569929,0.02259728370126357,-0.012995514899778904,0.016718031272482392,0.003481119661412624,0.012685481578394331,0.021695286318863083,-0.003977560652537626,0.015528286301464078,0.00567803940588707,-0.003199557906210515,0.016946245891008793,-0.014992289665508807,0.0007285692501586283,-0.03314640940318281,-0.0031755845936656257,0.01567898459495609,0.0030046598636577215,0.01332567710275434,0.013185729888796516,0.00035935207602477703,-0.015655254315470657,-0.028888426201792328,0.026170535771413483,-0.04212046141429138,-0.0271020365039103,0.009999454820639464,-0.004855523600805434,-0.0001252021004649606,-0.21082828386225927,0.0059426280531758024,-0.004622621895556289,0.010440343026024035,0.015011944217401485,-0.004568377297744952,0.009300827156470959,0.008525910128782677,0.008905879623219093,0.015198067270262072,0.016315898772893078,-0.08810906500009175,-0.004308081032965205,-0.02158354790909378,0.023048000665129464,0.01494421233659704,0.01857081383639514,0.008303945882580877,0.006116575354387699,0.00607540048954025,-0.0018036351901589143,0.00832526245619647,-0.024819535287583072,0.010387913935955062,-0.016698965231166873,0.004422068939906154,-0.02066043815837615,0.04148434351373442,-0.014197025579897549,0.01992530406589843
2025-02-26,-0.02736123305307725,-0.006319792558270976,0.017588818343422297,0.0005856249706548411,-0.0030565908655333374,-0.007773961361217552,-0.006466396360932158,0.006257797430974321,-0.007771888553900652,-0.008738473695305338,-0.010369772438442837,-0.00926744957082537,0.017175936927537272,0.004541423354108787,-0.029821475865906777,-0.01547878030822325,0.006872107088599755,0.03499216747486411,0.0044826669999809,-0.010762886616329403,0.014769111688657688,0.016671534481597305,0.04698505307699108,0.008670501185056523,-0.010834409842098935,-0.031868410726879404,-0.000929221057209606,-0.006491274802945313,-0.0011011340136182213,-0.0055822733029531335,-0.012895321663017434,0.008048765026296145,0.01352173116638511,0.00987368260251209,-0.0009288881457791831,0.018435704219442073,0.020206793526925004,-0.02761510414102286,-0.022897601828129055,-0.020692876192624166,-0.012210568119598086,0.014672713074177501,0.013379491927413056,-0.009597526774645537,-0.0007994484979763072,-0.022616090793504462,0.031966225288520445,0.006343051344221529,0.03683078588831279,-0.00393810174111664,-0.004078482174319831,-0.007907578254789271,0.001618359595381591,-0.008440588269929883,0.03520728822829167,-0.019300601182729693,0.04241488855982034,-0.0039089517186114975,0.010836938729305245,0.007185281052978887,-0.009060172102929087,0.0021902526549792967,-0.03825028100854322,0.00013347226679449875,-0.010938617884271196,-0.0038582015742196774,0.010069276064867516,0.013061081164399191,-0.0081787287639008,0.009960487311868604,-0.004276329576475391,0.008856508326902102,0.04945773488761063,-0.010668306242814118,0.004312075569051554,0.03569719376233582,-0.016391854070545442,-0.01672840805114184,0.0028051190218629785,-0.041913120980070495,-0.007397370286980731,0.007050379936904605,-0.003457348752865741,0.010384590093471147,0.026076466138386323,-0.008193888742221489,-0.0010496222617426554,0.021707933390354928,0.11706617627882743,0.013617728663684048,-0.012129992968439751,-0.019266462149246877,0.004016669593312372,0.023304190083715426,0.01631770059148696,0.0025770824159780936,-0.010080267002240184,-0.013315388468678968,0.015288162151527729,-0.01567119789877225,0.01897753171913319,0.00991702748051182,-0.0054439472813259115,0.01680886069306453,-0.021239896123268487,-0.006604805597529406,-0.007541526019529954,-0.03804009849743384,0.0006571147991927262,0.023024885805063455,-0.010688098104712829,0.005478702263426172,-0.010768211486871682,-0.022312602873044707,-0.03049518314996469,-0.02188352733789145,0.009814462161892301,0.0028036283684302887,-0.000607601468860075,0.04438880508743637,-0.004233821619378908,0.011202700200011684,0.008618614720592888,0.011001477989041497,-0.007027294321726885,-0.0148211416382793,0.02134960623299431,-0.013680494937468701,0.033510004894234946,0.01937035043630253,-0.013275993986717971,0.00774169255178947,-0.031741574467750056,-0.011929422178627913,-0.007461179684508323,-0.01812309847005178,0.004115376138197568,-0.003600586427370267,-0.018761306155562707,0.002370086649336578,0.014317406431198165,-0.026837087613487576,0.005427713103187237,0.0009569651569893978,0.024359735336706656,-0.02166132385012265,-0.008769884850179821,-0.0020227162613819516,-0.013079528132540652,0.0015383068011960432,-0.005382317781878143,0.03165871241163387,0.018292850860585297,0.01003650861305605,0.02599168021516629,-0.013060512768123367,0.0021492308293833418,-0.0064163006764301755,0.03035607127632023,0.003508901507082385,-0.004257649571149269,-0.003306408226850799,-0.0013275917978710083,0.0038301485148979353,0.016916838887490293,-0.010585330658472891,-0.02610524371602274,-0.014240217440436354,-0.015339349933849888,-0.040920900779713776,-0.00925371854324819,0.010039888037676192,-0.01050784567579921,-0.0013085512007497968,-0.008460035699830115,0.004672262081538925,-0.003930599041137128,-0.004433534062964206,-0.0017066171542827746,-0.012836630887480549,0.060998514610889565,-0.00855466426585405,0.0051297185078222896,-0.009193305379199046,0.012337540367833189,-0.01590686888236359,-0.0027238084146796737,-0.02059469942870429
2025-02-27,-0.012761327299680936,0.009083237015150125,-0.032095261821080356,-0.0011068435456627057,-0.008549883969119598,-0.044269446467953166,-0.0003527556646947261,-0.012281595151724112,-0.01709695835423286,0.015113204076525832,0.014867372272477475,-0.03189982441102668,-0.07365129042443286,-0.054156349496143896,-0.0019064921586053885,0.015466520984678489,-0.026906079432252206,-0.05319318634937886,0.012193141990105794,-0.004240065400828996,-0.01551756160994433,-0.0007957123123611964,-0.07684193787863247,-0.007131850792795547,0.013864884648668863,0.0024632031795848164,0.0031588361074672555,0.004596029902131704,-0.024639993018302775,-0.010500662709413966,0.02591201231221918,-0.007767912800047405,-0.013628184518804431,-0.004490362190714414,-0.009130794895776617,-0.023024912177883827,-0.08013078468703316,-0.007923550399564938,0.0006740825342790302,0.008677655109360138,0.006608772189719225,-0.007914576565622333,-0.00019533418140227354,0.013053185294964464,-0.007842735732888073,-0.0099112944736639,-0.05642004420753066,-0.03967175949597479,-0.038395893589465935,-0.005199913776092302,0.00029291474126624806,-0.0051554639015991555,0.008143678647241082,0.009590167067267785,-0.016394231095027578,0.003709672330323599,-0.07179392958659303,-0.01725806265476937,-0.005516584878324515,-0.013826039723626948,-0.00428714403787378,0.0019196543493871232,0.019158270232915164,0.00013217252733355167,0.00630842437740764,-0.009645919412231141,0.001008256661414464,-0.011092742617285989,0.011485303052480411,-0.01674598033750474,0.007911908652831201,-0.0037110190538571786,-0.03140380170055668,0.012727883172403587,-0.022912546551292934,-0.018359031118075908,-0.027261288153815677,-0.02606885879532861,-0.017776591203292114,0.0016145358928687514,-0.0007650049917975466,-0.004025118447265719,0.004145963015858456,0.00788796350218135,-0.017400933382954786,-0.011009996382593812,-0.0027458605937820124,-0.019535392801799834,-0.042336669803678895,-0.02882006489417943,-0.0012607901724468462,0.0029999900747741393,-0.00036508326007389513,-0.003884673470246902,-0.05696901131545751,0.0014256997464405785,0.0006063044564195152,-0.003283240867891557,-0.010077595774688142,0.011141962883922218,-0.006520957223727919,-0.06776226740158986,0.005766668077875181,-0.01545246570243819,0.01823264100106936,-0.0055236236845637166,-0.01150087234774766,0.007860796445987361,0.0013172662072333807,-0.024530937581666024,0.013733905869024454,0.020166270962448607,0.0036959946949504108,0.0026214156554758006,0.009824267526007624,0.014129703423427564,-0.015219315321163052,-0.019961616512492952,0.007526876593964005,-0.06482651230384562,-0.023661306289107564,-0.037900456056573884,-0.03314981491286062,-0.02967119787571093,-0.01454344333268498,0.009736474539717932,-0.022299718379345634,-0.0007042318462513464,-0.09114455697815949,-0.04941330039838565,0.015967064136939157,-0.011290054475172617,0.0035120541905584446,-0.012076133534864919,0.0042925090627559115,0.019662479240544428,-0.009573514954054119,0.005057411514457932,-0.006253901735864709,0.007625538140285215,-0.038435330773287646,-0.017677411077107408,-0.04842373001586253,0.0053946197655889705,-0.027473003223767556,-0.004449958096367723,0.004397717245475441,0.023114219203668185,0.013992760194651233,-0.030975964892534513,-0.0050143166310592235,-0.01737032493580415,-0.011529881103082396,0.04213034850803421,-0.03501029357632479,-0.005939036990073809,-0.009292469183385776,-0.007783689907430613,-0.013576105605936917,-0.007449806812475757,0.011092411261288682,-0.0020658846963832467,0.011836889690119534,0.0077583275058237255,-0.012047368316841833,-0.0179594874066078,0.0021937171609547335,-0.003030521919415996,0.02285044497073674,-0.03139003334595536,-0.036150261810223405,-0.024282799588191573,0.01469605672317531,-0.0013112133641435264,0.008233775975794444,-0.0174752150669919,0.01107869557170904,0.014190244446153244,-0.008748694799399992,0.0014448351497091672,-0.03890570619969136,0.00441307068993968,0.0014475320738362996,0.0037890225410919243,-0.01170875665560489,0.0055773869304536206,0.006023684098122928,0.0005733852467786349
2025-02-28,0.019002416890607776,0.018601181866183758,-0.003947634913711973,0.015183137595482066,0.004388985466442286,0.026284820001004405,0.012290869456266229,-0.029844960114348673,0.007647911412596464,0.018729739393432254,0.013857163311914,0.03610610891010424,0.008481624911775398,0.0005776039550466905,0.007220858498953042,0.007511105556529785,0.016431324880071152,0.014035104676734633,0.012909684210391958,0.012258821080872728,0.013441836356884451,0.01296299837382886,0.005118849637152145,0.022022964905495712,0.012666555687873782,0.002499782603447187,0.04297055985207976,0.02167752302520931,0.018462256191046578,0.03306962276244896,0.015315284941119778,0.028974683970247384,0.02310909820433693,0.011642597246353859,0.00997951027788968,0.006163526077605397,0.0016072549970358452,0.01942036915869494,0.011037905034195106,0.014200242294669874,0.014704112679003956,0.010069227319339014,0.016699531940120416,0.018352137285736703,0.01675027764190684,0.026068260615409677,-0.0017752912623323347,0.011567804239482449,0.023044680368880854,0.0037129556941213337,0.0034247890274983206,0.01956038927495296,0.01752990789347031,0.012145995019527511,0.010789389735663235,-2.4345486234977898e-05,-0.04994110251354744,0.010627877823402798,0.021267503424616585,-0.00655785906518247,0.01304207799350987,0.0060846415361348605,0.01200875563711179,0.01229231533581654,-0.028105561186285932,0.01787405164691469,-0.005448874720805463,0.01876682670385499,0.020969580478210403,0.00967003928273602,0.002295453114390611,0.02436239298023768,0.022598718533149764,0.019476394925693086,0.02641903365761822,0.029923966500641885,0.010515629037165297,0.009233303618418454,0.026342347481462802,-0.04828940432478568,0.015862441401957028,0.021653259699534466,0.007962116271776232,0.020591041623215567,0.0036498804836773147,-0.003880420511082505,0.013076615592517271,0.026256540898932368,0.020706321596829724,0.017664892221025852,0.010512913031395676,0.006870370393062153,0.020018183452524596,0.025059029324808968,0.011549903014742569,0.033291394865563095,0.004404220324885522,0.014073505911709638,0.01769229029183972,0.008689844862404428,0.012562947958724813,0.004871522007752205,0.019600103156871107,0.011631300453915472,-0.005503632205441811,0.029712934021839388,0.021829146423702817,0.0034424085671833637,0.013560075378977743,0.01370273973858005,0.014321900383792219,0.029526554984972364,0.04972738808877164,0.012319708259813211,0.01316375493063937,0.019061983530555437,0.02819311799617097,0.009513129213864602,0.024398169586823393,0.01686796970047144,0.01908938999504084,0.013124798439559271,0.028288411850472706,0.015965969871307273,-0.007674665005362513,0.002427628343062871,0.009756326288067996,0.01343369389443616,0.03637943565124768,0.004179423352275613,0.013597264186355318,0.015089747275504273,0.009644436109817356,0.012674199876570036,0.011204063339649295,0.011841065207261359,0.019340761270576046,0.009399815004194956,0.006557369063703966,0.01708725761276586,-0.0008359802825728124,0.005327110378363642,0.01750642568027949,0.04633659923327649,0.02999845689206726,-0.0043133977181097904,0.01801034106318511,0.016960385876822137,0.01235638044973264,-0.018321276940867826,0.012350121216222476,0.0038585481912756237,0.018717486738630384,0.017432424346305986,0.004676851164369111,0.01610432804464601,0.018800178451689575,0.015399669381251258,-0.005050188948521495,-0.007166562205698668,0.017530356192252405,-0.0033244561387162364,0.012385753934082366,0.013535050805673077,0.009457483209965645,0.011976216862938927,0.023974808696686445,0.012859138481247534,0.013678468061776528,0.037890468039756264,0.023705949857883546,0.021805725355375394,0.017598864480889986,0.012431637851308963,0.013754482009352031,0.012231546856052766,0.012868415188303839,0.019125189593618863,0.011985951709855058,-0.004573936005102919,0.011247973947425827,0.01170277630630423,0.021171073032964394,0.013485728543260578,0.03316075439228383,0.018091973982306442,0.010395507614310517,0.014239879544798661
2025-03-03,-0.01582842227755954,0.010883636741029434,0.015300046215317664,0.015442024528247167,0.006173376223514104,-0.007751848963291508,0.0108222885249587,-0.008573562597089968,0.014659023581201858,0.006020614373611899,0.012183216435180277,-0.016923095696723678,-0.03890893359978076,-0.019390953458460203,0.008713591717466329,0.01867313283791905,-0.03518393863622027,-0.08067162990639254,0.0008047165891422736,-0.01719113133338457,-0.05227570195240716,-0.03129620999570193,-0.06546594054401478,-0.01903678306495582,-0.005638798177677984,-0.02861005095332203,-0.012711914552161474,-0.008522123321677455,-0.015269482703786252,-0.01278110512798758,0.005650483000754658,0.010095312323239902,-0.017015560138209374,-0.03734835147750282,-0.036812017625161175,-0.037207268554892536,-0.07726286748230127,0.008609142610269238,0.018170008226920942,0.0032327573403421184,0.011317255756006617,-0.034634823910724144,-0.0232930467775061,-0.06778444028355235,0.005952778096588673,-0.0015991659628991073,0.002433226855504067,-0.014598802032499414,-0.019372051391504996,-0.010852974389498726,-0.0031469183904171416,-0.0008813864771912705,-0.014074055531636986,-0.03570916307547645,-0.004114244596777006,-0.03213352220503296,-0.07442327505646773,-0.009301577943375605,-0.009770748949619268,-0.006981086061095709,0.009323655446930701,0.002265428564677485,-0.0016295758266764437,-0.03822848384356092,-0.05133732643037803,0.00958936244965125,0.007465147169628317,-0.013114241775883606,0.012248092388804643,-0.012587552835838345,0.004092740104967518,-0.027370419167345617,-0.06330169096494931,0.013561822131242351,-0.04113255254219661,-0.03735288926750879,-0.022111834595139435,-0.020665295475182255,-0.029583280609331908,0.014527859506757501,-0.017803630748722377,-0.005933715437451248,-0.004386947964005294,-0.04467044500730388,-0.016132649436648272,-0.009708816301700729,-0.0009891618308497385,-0.04369845318337662,-0.022388259710198533,-0.009659721254411835,-0.006916975672565329,0.012624652613444809,-0.016713799388640815,-0.019471691306227612,-0.02747326525913607,0.0013734033168035786,0.015085728276739374,-0.01085821655776087,0.01057096538647695,0.01080452141401711,-0.010170534758954908,-0.015172530865181777,-0.002953252107839255,-0.009770937119806256,-0.007695231321935836,0.006684821780115868,-0.004280265404849715,0.023387862159393258,0.024027862115247878,-0.02119141901377386,0.0075200630022340675,-0.011596238593276631,0.007952234225822252,0.024242508808375973,-0.031055097338202664,0.010502012874105127,-0.03166785325917143,-0.023428753067575414,-0.029809662238634793,-0.03621180455372386,0.020014432900991252,-0.015092549635695285,-0.02032557508531685,-0.009052332593019408,-0.008150270356162892,0.02801816306147753,-0.02089481278092631,-0.0036850927275171586,-0.09350190951106985,-0.028309128998075472,0.0005067878915916424,-0.03650560307621298,0.01643832075460061,-0.006723913181349683,0.010405222271615777,0.011183787268743473,-0.028293144714829133,-0.002994831168479095,0.020762425850224808,-0.013317478560139762,-0.036425276433061704,-0.017653377310062446,-0.022861931368225896,-0.028628703562428193,-0.023240153665814667,-0.018597779044497997,0.01048259390408468,0.004509235330975692,-0.0025666801346933,-0.02621159583557464,-0.01946573366446902,-0.03299318067252166,-0.013346214597916628,-0.02168287499486432,-0.0320985712971158,0.010993642705041218,0.008799028424266275,-0.008759952264044024,-0.0022679114487500485,0.022078706078917598,0.009995043576005003,-0.005857789978588546,0.002014141482607812,-0.02041763865413948,-0.010601073052953325,-0.009023474164024492,0.01153362026299476,-0.002162808078781886,0.00831149277274168,-0.029328174057483558,-0.00871205954607035,-0.02303178779363879,-0.01276177577663784,-0.0032133082588092776,0.003853472846045314,-0.041491368635909964,-0.014611863075919995,-0.002735119300244726,0.00820878246633061,0.017070440924167762,-0.03319650082158088,0.020242606157253817,-0.017381933341020783,0.004060880885958795,-0.010416222561524968,-0.010934733567242283,-0.03285236185887275,0.020115443110548803
2025-03-04,-0.008810266554045931,-0.018515989922339493,0.0033364159134547933,-0.019451515503162042,0.013236702937688527,-0.007074093639154455,-0.01654996342093895,-0.017646234793467386,-0.023885876732300027,-0.023412946871523843,-0.013108149414682302,-0.006254377947897183,0.0042460820450171965,0.022397054830872065,0.004449679631320258,-0.012496069453803216,-0.006353763053053463,-0.007711573358355039,-0.011084660813544644,-0.016849538585131718,-0.010147578911387178,-0.04653158649529843,-0.0025011691250327317,-0.042223194456225244,-0.0024430212235362347,-0.06996814111204586,-0.06646336653523788,-0.0340759086014959,-0.010945087961193423,-0.016452441341885837,-0.005742104244753854,-0.012344223797413179,-0.051015459288104026,-0.06645317138436813,-0.017631301178573366,-0.0034744285802723596,-0.00436983403959168,-0.008510045680555578,-0.018694276810829358,-0.01298115356858176,-0.020122812223894115,-0.025509299643737826,-0.06047937228001743,-0.02148093788835581,-0.009535335614353713,-0.009498590450657929,-0.02127778486138343,-0.0180970759484822,0.017799825915284728,-0.004449253526777497,-0.023772635188443303,-0.014476539308369674,-0.01220695856989984,-0.007369206206151446,-0.026359106965419876,-0.01664574088424331,-0.01749648888440536,0.001780806910954169,-0.03494389314673896,0.0018163959552737197,-0.01989776111951702,-0.008368064865796221,0.006318911869131583,-0.02819950357905121,0.01333628552721322,-0.012172976644512445,0.0003051319037465916,-0.029413075267032962,-0.05672148398115695,0.0005524678216515255,-0.014427628420587979,-0.018739243782984083,-0.01356509918745985,-0.011863484824795378,-0.03966851140010563,-0.04774385815666227,0.021925745547195064,0.021866911192767624,-0.04250172292504484,0.0008704454150532115,-0.020995872508614788,-0.016080468325839092,-0.01943468280441074,-0.03396936697090425,-0.029662636798812425,0.011242715547886029,-0.020347390569752655,-0.06509482963423796,-0.006435535978361884,-0.014872892071052135,-0.02696979026725721,-0.012159012050467766,-0.04197209838672045,-0.09671409946641418,0.009093355088644728,-0.005643652720723313,-0.030276698082160713,-0.002476751727946258,-0.019528947112191553,-0.006957317759225035,-0.026114188663376225,0.006087892857877364,-0.035675105129803875,-0.025221671456269412,0.004588704129600885,-0.0023760129546666064,-0.0425326111048534,-0.007934395777530412,-0.014006748967554827,-0.024558781112424377,-0.010732288190945738,-0.0511082938229821,-0.007882026112971285,-0.019343794560093386,-0.023782778649811043,-0.005560879922356321,-0.060408023849574555,-0.0014762490555364494,-0.010227740919501294,0.004610343424135799,-0.011248262184531121,0.005629377252830192,-0.017691896511100147,-0.003182682854017571,-0.014273074364200333,-0.02185686920075902,-0.004400057909959898,-0.02861814525973383,0.01422632605802665,-0.032164798413608864,-0.015269169345565103,0.0033877567731845915,-0.011454812124556568,-0.019121499966876065,-0.013431401420432643,-0.006330684259463482,-0.04131717223176601,-0.014272440610676895,-0.03254479182190284,-0.04945768108867821,-0.007376537934452365,-0.03227304066635028,0.005437327927571012,0.002269954328242285,-0.06305336093708824,-0.012338738249463077,-0.01590395177036097,-0.04087345839686218,-0.02856355883900097,-0.0100839533827628,-0.04033749551361243,0.06614491489527818,-0.004191834954631268,-0.00229794644107173,0.004014173365444407,-0.011365558060090208,-0.022862330850756507,-0.0243243558577646,-0.01185294790219693,-0.012814097366323551,-0.05688287995277097,-0.005892508955437581,-0.016075297774380992,-0.03782168714143186,-0.015451602182533719,-0.01250905814769876,-0.030482792410571058,-0.015835754687172354,-0.020641302033452824,-0.04579531144915716,0.0017973596023610483,0.008795035296837561,0.020089579098559796,-0.017246329753391798,-0.019005550207619848,-0.03438745420603251,-0.03632661361430989,-0.027140802020349852,0.006901977993381436,-0.023695586296142768,-0.0030257625682237332,-0.020395894320050623,-0.050408016822700574,-0.01670094007960099,-0.014383329446716608,-0.02775091874460589,-0.00230386164614238,-0.003067145044480135
2025-03-05,-0.0007543607541098396,0.017261577368738124,0.008389334028605866,0.0004997886395265994,0.012873362776754327,0.013362058866958293,-0.00974538660504809,-0.0013024353561554847,-0.01851496541116937,0.00510975941759817,0.010616481539245548,0.02181529131943094,0.015293287568941771,0.006156611315570437,0.01385533228696545,0.007005892765508115,0.02174287742194103,0.024540826773411517,-0.001192452998493465,0.02055607499629808,0.022164346560565207,0.019374694965645922,0.018545415733018267,0.0018071285501042311,0.022130392631313,0.02436442712046727,-0.009874594335997688,0.01009968299804953,0.002639331067882722,0.015885723976722943,0.007838657723257203,0.010304193486130764,0.008091681317943689,0.006438068236363392,0.0337279171457201,0.012422317033278674,-0.01172007226828864,0.008070146505677833,0.007890198022312944,0.0021382793829278768,0.009009053743990414,-0.0009093481697650674,0.004400777763401642,-0.01937213771361801,-0.008211645843910986,0.010518965932822866,0.02399761554121138,0.017598866448718553,-0.0668820935037644,0.010027181183519751,-0.00965955843409061,0.003018311321757672,0.025219735531203824,-0.008083422332866519,0.0061980039272349075,0.019177116165034036,0.03146434720363356,0.023043240991265534,0.001892266531517528,0.009790271752820878,-0.010857919313518316,0.006181148584241569,0.0023568681642638367,0.014713184852462646,-0.0017358944122740638,-0.006869718733010455,0.01289149670219114,-0.014270089499479166,0.012446767122053615,0.004116521777823401,0.04575430288884519,0.015773609198983962,0.007530709739417496,0.005054126352211696,0.009251154557709196,0.06852868144103041,0.012470133800030148,0.010936523190575365,0.018485492527086755,0.022400557704397528,0.011934223914707331,-0.0009813047286630905,0.0074661729409335464,0.02253120903692274,0.001369120033764215,-0.008128721259815563,0.009492748533961759,-0.025764794447822315,0.030588953409336206,0.019033137763001307,0.021928589458451775,-0.0027929236262647095,0.0037327692987769723,0.018196999810947467,0.021563666704933482,-0.00978137301833426,-0.0019501071956353755,0.014317604750034185,0.021020476933551357,0.02548745226834992,0.012736850454599491,0.03400403742270797,0.005263713751664234,0.0011185225300964774,0.005216284679351979,-0.007414898153663252,0.0014035506487175553,0.014893486319978777,0.010563396856676732,0.024093304598930665,0.004989174185992873,0.011350103968682745,0.008103728953334333,-0.007799134203640534,-0.055614146984713564,0.007576638070318609,0.01522850832422229,0.029649998250335763,0.007021746997512679,0.031197604382325217,-0.005674821189980861,0.02721059101810752,0.01607234781973954,0.016649691658961352,0.006043081031352315,0.02069802181383018,0.010894926914933656,-0.0006548939488695282,0.008677708206299428,0.021961873921316766,-0.013886118967378458,-0.0009585802325196013,-0.0018610903974929371,0.007461361747265638,0.008612341841966575,-0.004386448153582911,0.02287928492050284,0.018464424427897086,-0.0068654233091525185,-0.00046424332428340875,0.011779847329285609,0.030308618391834408,0.025740365948743182,0.004900113936614048,0.015923701846120686,0.018566150498481093,-0.0011904102852335896,0.0054901925867234525,-0.0024141863652822337,0.05089142843379513,0.01935919143807574,0.09773744922543326,0.019502858816461632,0.01913572213089143,0.004614809734967196,-0.014633035979910503,-0.001331685318574749,0.011289535194880962,0.017371514314601377,0.014515588920509082,-0.0027778367368687107,0.006768223379923111,0.0178743025226602,-0.015334313499793417,0.009847732978366608,0.015728106155260768,-0.007285496843783434,0.0004834557567479081,0.008332086126737082,0.025136893480651956,0.003224966329333334,0.013920185404032281,0.006915026366186794,0.008976612477034962,0.02083711034195712,0.05631910927136374,0.0009045347569731632,0.0009985082683225954,0.011984616039225848,-0.0013372823862871641,0.0239774992580708,0.0048085203024736956,0.010890617829129035,0.0016423039665927064,-0.01066089778336865,0.010041822477275808,-0.019981013392539104,-0.016582108577065213
2025-03-06,-0.0016894449492923513,-0.00451046989175552,-0.056113356323556296,-0.019727355244108402,-0.013159304665927074,-0.030711610167776016,-0.026105363301265783,-0.026558238529755585,-0.008547531128270336,-0.00202476680660002,-0.002528384746039336,-0.008210876297067848,-0.02524433454219377,-0.031062166231889954,0.003863829064441049,-0.009015139556150409,-0.03784145783104087,-0.04243126418248977,-0.005815580518301111,-0.0016330708218479373,-0.05064514971941758,-0.04114956162318606,-0.06849683880687607,-0.031206621748658847,0.015444460204586008,-0.03151040237946834,-0.02075073895481072,-0.023594020376544123,-0.04733153338812279,-0.009965045720125687,0.007466005995744318,-0.038312795558537616,-0.04363611087127772,-0.03512218399697886,0.0058461170954737796,-0.007924419220909584,-0.10068268813435388,0.01858038841838283,0.016986887582103094,0.02021899706463204,-0.002594064294632048,-0.008017370362850329,-0.055517347597183964,-0.002918764549060704,0.007587868353345684,-0.02029258593580785,-0.036559119653571504,-0.0188706383048709,-0.051103051969253244,-0.00961379920126948,-0.00032134634413516494,-0.023654690598721828,-0.012189315884069352,0.013866558454745714,-0.08224139086600157,0.031762306515714656,-0.04625187261307495,0.020695100106568276,-0.036996500532001875,-0.058480503632404535,-0.0040599818641098295,-0.013356017198061565,0.015099833271636776,0.0032718367434068085,0.003182024332067712,-0.010271316060846303,-0.05390860208116521,-0.027400969475315673,-0.023580206267464376,-0.04761823025556744,0.004436515696409238,-0.03518798715323612,-0.08169454334193915,0.0041558020801995,-0.03557611464865529,-0.027840600988629394,-0.00569154727080079,-0.00515482705147452,-0.045607468642821836,0.005010634933736213,-0.012257139692855468,-0.03349880285776141,0.007501241799054981,-0.04857786861943669,-0.038177075572376484,-0.01139519098267705,-0.012303128739751479,-0.003971248348760614,-0.019603595619343217,-0.05207538267720224,0.015167419020468031,0.0033130231683582423,-0.02140705091263051,-0.05797847985042637,-0.035841261009410985,-0.01593883110103489,0.005025941939194922,-0.00500115111818733,-0.017664676035664684,0.002313018374341169,0.0020739200006527625,-0.03576600452006051,-0.015843811406983654,-0.03173036464742385,0.009189513817000616,0.0021591601108976732,-0.02551876365163608,0.006456594062324683,-0.010384048359630249,-0.04576355739420368,-0.0052140794984518735,-0.005125710907906367,0.004606124029470582,0.01720505954368079,0.016303380326698758,0.00944748148893737,-0.037347197306049296,-0.012137195859118322,-0.006707750741316687,-0.05789247097193595,-0.0071299012252081795,-0.0022297079224009586,-0.09646573438941886,-0.09122901210226342,-0.0015602346944270096,0.0006934879653908155,-0.05439786151324277,-0.0030453436720820903,-0.061638971787353114,-0.07167406580137925,-0.0076502351783469535,-0.027644681095955193,0.00488423772839397,0.011608559245057215,0.0006751673567197969,-0.0021298541100041035,-0.015426621943152696,-0.030539144239114968,0.001083643966696357,-0.008865751975369207,-0.05198485647189344,-0.01983017191002645,-0.01021761044917735,-0.08324062057840464,-0.07340910423960878,0.017748508918418615,-0.0187047510245808,-0.012333146823188201,-0.05640743540859283,0.0027087729956170037,-0.017073642934262168,-0.05301775447044843,-0.006320317404997056,-0.12864436108772015,-0.005949718042378649,4.684420934175648e-05,-0.04964836437003228,-0.017183954411782665,-0.03267433188672797,-0.0345730175957355,0.019539490572384022,-0.0046193466122792515,-0.02294225001365291,-0.020756402647169825,-0.020389912096851148,0.007644894629744492,0.0007567481811285859,-0.005780693959404282,-0.008559108943163807,-0.0581906426324732,-0.03288896491748172,-0.02223500060159278,0.028398038893721278,0.007151308972884074,0.014281243225907403,-0.014833011231500492,-0.006952472106837249,-0.0247327919964766,-0.011215398663790843,0.03129371405187653,-0.022117949523214442,-0.04005719947967812,-0.021345332603658562,-0.019641304083401145,-0.029452689405005117,-0.014596675935656833,0.020204273646214688,0.0021300943076445478
2025-03-07,0.01581891362415977,0.015888498733887424,-0.002603388740323176,0.014690572707737104,0.011593818294445057,0.012696296656018902,0.013009887966860312,-0.003052640825716324,0.018814524630974105,0.004170988553665822,-0.04561273119812004,-0.018443250006756173,0.026346800763675127,0.011728388241538212,0.021831949617102886,0.025026883790080667,-0.007636265547858123,-0.013685826992245964,0.004019228657204721,0.017733163620514247,0.015105687866467932,-0.017188871216035295,0.0798097274598426,-0.00954954203857028,-0.0014902055852665796,-0.029283980272340138,0.003913368855063215,0.011733445487970506,-0.004020071434551298,-0.009046322114626193,0.01647411108491381,-0.01696285948997378,-0.003863318854882891,-0.0036595437486388604,0.025306782136970796,-0.0014055218527850855,0.0233426587250527,0.01696619131227628,0.036655578091674634,0.03619666404309285,0.0061533735998748895,-0.008857023184876134,-0.018210635037436695,0.022889919281452897,0.0019084820856924978,-0.06253377962684059,-0.02049052722078848,-0.009494272509665613,-0.04321076923162259,0.007346026997741006,0.009968022279743582,0.011644555101947063,0.014898021166652953,0.021698402196721034,-0.01373431030401484,0.03363884962987029,-0.018694221934715927,-0.012125669109916082,-9.73111772948343e-05,0.004541665176263088,0.015739684342916505,0.010500350095495214,0.01832700998887038,0.01828867807190626,0.025210029885095686,0.021504737684955533,-0.013402269270489597,-0.01319628343687107,-0.005344150533492353,-0.0032192339209311527,0.02456123367547569,-0.014102935110140713,-0.017737834766660576,0.010709106253937506,0.00667653030002846,0.0065342543958371024,0.007576972700078066,0.00744805919092606,-0.016028273277467697,0.024172220146032153,-0.01322609215484416,-0.016687538977010696,0.015021263317466449,-0.0036868603737616468,0.010944357721187181,0.04962432128922689,0.0026557285740436143,-0.006399215918076795,0.003930368738935819,-0.037276638169446485,0.03446815639994405,0.004195085740244409,-0.01879923656224136,-0.007693540708832103,0.02510594653338405,-0.0065838480485718165,0.01329095857155771,0.005055426924410078,-0.047716903737708094,0.02595687945712566,-0.0036018484333188994,0.030092116872778796,-0.006101163469486082,0.0004680391485170077,0.034315959429317644,0.002863125836874758,-0.019141369115343032,0.014115320717752233,0.01415596961493204,-0.004937121214998896,-0.003250786102682035,-0.004941546063603752,-0.0127132925349418,0.012026065045247059,-0.0016661921897540566,0.007684271946649446,-0.0019820461186768057,-0.010846062879621421,-0.0005635658559537404,0.03785110058750529,0.03905085234433603,-0.004963739099215658,-0.036873444066580774,-0.019000492538613578,0.010986134549537674,0.02212904168039298,-0.018919008532003012,0.015535886148853706,0.016438861704370034,0.023894535326421718,-0.01029677032890497,0.008466439655907543,0.007853937591975502,0.01861133533577064,0.007747434330127589,-0.004491971867707001,0.004960976374372983,-0.0031708763126374606,-0.018667811983211102,0.0038291455590133694,0.01885187188820847,0.035458675815762675,0.03264167080056346,-0.029613280865691927,-0.0064815574516234875,0.014354446365308249,0.011126150385512013,-0.0008521813862802929,0.010423649913962052,0.0006089694505844179,-0.013961972718427695,-0.02802211083461348,0.009664389288257524,0.01506270948945776,0.010528620766912411,0.02901773756406456,-0.02014726819716639,-0.03446717964611157,-0.005056799487697106,-0.008078180802976398,0.01323376602641435,-0.0008281802458864895,-0.002930713888587455,-0.0015535876920527159,-0.012278236313329138,0.008768720315746492,0.008629010043893715,0.014088757736022472,0.005801773223500284,-0.0034492236180510005,0.005698056271354446,0.015164692763600662,0.015773391980319573,0.016697765314219737,0.011174726027626924,0.002474824303133616,0.007192457670915253,0.003086602052209564,0.006176224224436311,0.039904464090447345,-0.004779427085702892,-0.01160117093022972,-0.023043273092348215,0.01553705848557918,-0.004617657051973367,-0.0318767192343401,0.01266460746903153,0.019116799724688605
2025-03-10,-0.049642893707206426,0.010230091671866504,-0.016588172428016357,0.001158364632110498,-0.03112320752991682,-0.04451307569525831,-0.011450790691902135,-0.04527101190136307,0.024700560726967247,-0.015418262839313357,-0.006424006875445087,-0.05174580416771857,-0.037840273241055655,-0.04030958710418542,0.007589167241888184,0.003121870118097725,-0.024307897361991238,-0.0741149938516843,-0.009907523148278585,-0.04060685091051841,-0.02210478376668945,-0.048838655791221264,-0.058503959126020355,-0.04518944509983758,0.019312083012692938,-0.04198734534758497,-0.03958969182877681,-0.02056909423592046,-0.04999133178317372,-0.03515292214331378,0.03399713025643436,-0.05201188187267736,-0.04119708131153654,-0.04620952517546861,-0.01620810510898707,-0.040386245186204484,-0.0514343031050748,0.01751119768943532,0.00816681953318632,-0.03971877364327403,0.028973309336749686,-0.02424089690464104,-0.05646229290478377,0.024974836177573678,0.025770255078726656,-0.031417017410902304,-0.039819329634560585,-0.03433904954006195,-0.0781820994123752,-0.03082093466739977,-0.02035139043636347,-0.012682674496367952,-0.018241016513286468,0.007612916118845625,-0.003635599782016996,-0.022459004437553887,-0.014102828049531446,-0.03207342568814742,-0.024156304764740177,-0.024516353503906352,0.014294052827425574,-0.01412597867713572,0.0062584528288249786,-0.05989603930203291,0.005412486363854718,0.005719339382384447,-0.03329131515564843,-0.011064901358269541,-0.012431919673876024,-0.05200839316678785,-0.00019341250242366215,-0.00992362328300267,-0.0728737209945427,-0.002733134858388553,-0.022743730658333128,0.012317465034036523,-0.04631567237790879,-0.04717006250632494,-0.05317857877263066,0.01644011957936442,-0.005949300914253719,-0.03462147611385813,-0.003560563787140758,-0.01990716410497928,-0.1414209779634663,-0.01865628639137107,-0.007239447104646857,-0.03608864178841387,-0.051569272554863765,-0.07010443334801231,-0.02538907345774355,0.005063062451761802,-0.04377791656258889,-0.06383364175586959,-0.04960247997167144,-0.00010144904389930431,-0.00010186471734296987,-0.0149453018114869,-0.04612801508414677,0.01155699145296385,-0.0013007172073153939,-0.07066412777461295,-0.018345254965543845,-0.021259954487605093,-0.012917205175878799,0.021368607824306274,-0.025035130947634876,0.005576749843379858,-0.007882404618631433,-0.046548440183032724,0.0037434378815071057,0.00840566368699136,0.011113183551012096,0.0189890991747248,-0.011016364703653636,0.00690228457239872,-0.06714192939262986,-0.035791000382232596,-0.017926193889615583,-0.06799479166333988,0.044269546958695116,-0.03861501147292179,-0.08712167432984153,-0.029829840180402023,-0.028535931202732456,0.01677540648863829,-0.08153861983281274,-0.014164244323187525,-0.05455186500288978,-0.045600897958421704,0.019484080821022154,-0.04044839680628787,0.01180305378398483,-0.00326282544379497,0.0021491704510383514,-0.0037253849699760977,-0.04643703322584791,-0.017082741463074314,-0.003977787549206191,-0.029698496693946197,-0.04083910978714034,-0.03265803064650541,-0.03948987044085239,-0.0667334731347653,-0.03494360705033106,0.05285605845311814,-0.004192020219461412,-0.0008529343914371879,-0.050657266444797955,-0.028800818007143292,-0.04806574234048533,-0.06651184700937396,-0.016309861106632795,-0.07590993267287516,-0.04872412130820081,0.01618127909674616,-0.02243906727209044,-0.017901147482882962,0.0020002219519978937,-0.024673842055561224,0.004631201389899253,-0.0020992208163339576,-0.004768091007898434,-0.04446535864662238,-0.014789949448409168,-0.008192664011963835,0.0051848262314599936,-0.022851357169779263,-0.0008948446431675805,-0.16802986388979146,-0.02189432868094343,-0.04515895789376145,-0.018940950897853526,-0.003739480050525934,-0.0063333195172949885,-0.04935287510728692,-0.05441974498044244,-0.01146073208333842,0.024617652388290168,0.008655013145041135,-0.03720088208941785,-0.009858987639424832,-0.06275403423937842,-0.008010395015572769,-0.007039135946335762,-0.04398826241448983,0.024920076636006705,0.008992672647982758
2025-03-11,-0.029572530187740753,-0.015040092536708904,-0.0518897700739025,-0.03526034060419647,-0.0020088187053763917,-0.03484362380574613,-0.03553612354477487,0.009223142363563142,-0.02807782687140481,-0.00468159777343935,0.012278301136579906,0.020248697030700313,-0.020810414978711833,-0.001588959902995235,-0.02629119589373108,-0.0161071281109173,0.010097217540104175,0.01804202859299764,0.002193972039604475,-0.01835276472547953,-0.006254006688542368,0.035026306663176854,0.02703117241594022,-0.023648420521404034,-0.03638685935359831,0.037025013614182534,-0.006468015958947859,-0.04035746197154477,-0.02341996577817973,-0.0065036611030429015,-0.024213504122017948,0.014402272204723232,-0.009426329125423294,-0.0006236284264664604,-0.017455325990942683,-0.00037240733766186196,0.02940498054669316,-0.027305178555688592,-0.03515291172155077,-0.003991141073696358,-0.007942161040115359,-0.015495787117496107,0.008031397517618721,0.026896206057428707,-0.004686687541326506,-0.004123405189672802,0.0009924506253580212,0.016706634099755036,0.06401945280588883,-0.023629933919186108,-0.03820931630286317,-0.020938988016397708,-0.005358308831734604,-0.022621557547434,0.03007110859877482,-0.02806925061001131,0.01174199895415029,0.0025616228045679534,-0.05241469021709477,0.00893250332678619,-0.007443602760050183,-0.025974275969991467,0.03189470157056107,-0.011010568375737328,-0.010787529263351914,-0.014310398943744307,0.007629483879960652,0.03294674015107413,-0.0022762024798810288,0.02417152663698552,-0.03076969670410179,-0.004902071977442191,0.04649693153303858,-0.025032035737812208,-0.004733973466111596,0.0030678853980132814,-0.012189182905143703,-0.012369085135850888,-0.0022678322136240325,-0.03983370826453658,-0.017701493430274162,-0.030752223987169813,-0.025055933969976962,0.022783252993712644,0.016852819604439073,-0.03219076840277957,-0.005497359807699276,-0.008638668911823189,0.010483253409910631,0.023923502244130646,-0.04946304394543155,-0.012010258577944022,-0.014721059631907174,0.035516009301741924,-0.023265059569017588,0.010174540011534283,-0.006136539956830056,-0.01797120786038242,-0.006147458231871461,-0.021738389490302268,-0.041031762574409214,-0.008699319234359848,-0.021839166644203267,-0.04332975311595888,-0.03388742585504456,-0.009684634614595566,-0.014828306895743992,-0.00486924735644223,-0.006006703362879229,0.011512007297263871,-0.012604826399699398,-0.0011184643925954418,-0.011247640310464213,-0.01590519506165844,-0.012959825544711201,-0.004471065300321264,0.0018170968322444025,-0.0010225324762886956,-0.009662200826245915,0.019717996293318052,-0.028805152375135812,0.02065491632964722,0.025499794109693497,0.030233882112797872,-0.02989725813478561,-0.004121436193567973,0.031111210685549118,-0.027129194654976985,0.013948650467980883,-0.035153176013939635,-0.018067856642832503,0.028500764480015484,-0.025256415923799125,-0.024592269291926705,-0.017586362215887164,-0.005978094789388599,0.006463021624428578,-0.005794754949789649,0.008387261326467943,-0.02697865005202349,0.036355672150357954,-0.001831289589342866,-0.012220609072849165,0.01264175013957658,-0.003086404828969158,-0.03501168028226509,-0.007265708445369334,-0.004982410529295045,-0.014552347941747534,0.003580351976672169,0.015540632216857198,0.000215904446442039,-0.013512294696841565,0.013520190226222972,0.0009698065337166994,-0.03199146930097907,-0.011252505027642634,-0.017753610838634692,-0.010286530625999823,-0.013309426906854327,-0.048924006557780064,0.0008642678209902499,-0.012814359440151968,-0.011829079486157301,-0.013524042039962048,-0.023123969295081537,-0.0381128732830085,-0.012409158206413196,-0.008759603424796758,0.036760956626507024,-0.05082376044315229,-0.03570317090453301,0.016079043063328413,-0.042891177266437985,-0.03403328971134201,-0.0004335633900440783,-0.01974172939639418,-0.02801076506565625,-0.022717196905909454,-0.06872416176551432,0.00038544464980461157,0.006082524550376611,0.006685507104426058,-0.01597901715314265,0.016672146577470848,-0.004873319161632139,-0.02415701579486207,-0.04345525877730161
2025-03-12,-0.017582091521195053,-0.007958138251830782,0.009030183766615352,-0.018547974211504226,0.01258727179583019,-0.012914744931638467,0.005836447611711648,0.003386813754756801,-0.014956200474236958,-0.015060679067092408,-0.0018251760493708247,0.011550311436148597,0.013377985707559326,0.03787200149593151,-0.02031878216308325,-0.015385017804721457,0.01124623929354751,0.012056519677211774,-0.003317919596763197,-0.011215073580404855,0.015298296711782733,0.034549449287995415,0.01845749716415046,0.020075872563689146,-0.0056601132320128755,0.028211572310779864,0.00661617859650887,-0.00533835485886236,0.009518984483493753,-0.0014872269626069468,-0.02656081319112502,0.009121449571292573,0.016662537064997984,0.004686681978377294,-0.006409589486261247,0.01938357542091307,0.030331166402422838,-0.021655391204695285,-0.03513713520894157,-0.020917766964138274,-0.015211480188284554,0.003059677579389408,0.028813288468513498,0.02446617812291585,-0.027199266518191045,-0.0035909302667551657,0.010910242794672786,0.028430426322982427,0.04887084814138909,-0.004444800025146911,0.00037106628474958825,-0.022923179774624103,-0.003675231608713858,-0.009416990831947913,0.018978232580425747,-0.00924716718414853,0.030560949929311576,-0.0024544632630298935,0.007890229686338124,0.030707630634142724,-0.009716362839787607,-0.01583163554567779,-0.024555965986413852,4.80832117490948e-05,-0.0013731497557651906,-0.005687599527290033,0.023072438734540235,0.03192411414161489,-0.0064167318650723,-0.002451822092845113,-0.017275249921469893,0.014145723290896584,0.04534634522200598,-0.004880757644532885,0.008341702936928375,-0.008985055174402401,0.016807349311372732,0.017267032605604804,0.006186226613107415,-0.0351659118301173,-0.009587220954869302,-0.015617466999997554,-0.011088999232812924,0.016213758836229886,0.0026934372130735795,0.001971890362410633,0.0030965084672835985,0.04341182320514658,0.006123617990422936,0.008388672439622269,-0.014175604342850257,-0.019292153498180475,-0.00679535741576931,0.019697890710340005,0.0218524179055386,0.004055041591978448,-0.01598722617410786,-0.006935067998528943,-0.0019274689617629903,-0.015894655579138828,-0.01897542480857961,0.04050375089552283,-0.0027469615022726046,-0.010190451223047958,-0.024548392561028365,-0.020441082344900607,-0.004328569373909019,-0.04367739260597947,-0.019604943455696855,0.02129271677529143,-0.013609216013992231,0.017558395177762698,-0.01665991103935971,-0.00742720525103735,0.01606417328070009,-0.01388172112287922,0.016030834365427182,0.005599862617969187,0.002650839744337219,0.0687404077556959,-0.015546386904504494,0.0010000757774166757,-0.009335760387837233,0.02505856668451578,-0.008260649769919581,-0.04064592945701495,0.04232258483250195,-0.009907894762915426,0.05974165339498416,0.04180870718517404,-0.012420313576859243,0.002653088509500634,-0.027537616738796622,-0.010721883104953367,-0.027432250364112676,0.0025212322531578124,0.0021100875248833972,-0.012374953782055442,-0.006731618324925748,0.0049955101807457325,0.010138907275829112,0.010183636723322564,-0.0019773464321097833,0.03239482903844859,-0.0018801269537416232,-0.03927374549594287,-0.005099100768807929,-0.002958719545301136,-0.00808455499259697,0.01558683156222962,0.022283337755752086,0.012002437114033704,-0.009196208990827515,0.014333337260084456,0.0031652722575366,-0.01662817236362013,0.014030839215950053,-0.004056958299440083,0.001873362000186951,-0.004151252779835524,-0.012463408334314252,0.0017090686797369692,0.0035283014536080515,-0.002124610195914034,-0.007514138743265342,-0.0019342045483563552,-0.004180628387822516,-0.004449864151188088,-0.010885961446247094,0.07270956383802307,-0.009805609372307345,0.005594331145796438,-0.00616255083302697,-0.0008600405040821713,-0.00757533233430685,0.012081100335932682,0.002443807351882654,0.001826811607283041,0.015293081472460557,-0.020168082323988035,-0.00452657208840801,-0.0007344177990953327,0.02345479511103843,-0.006265228739945172,0.023873752654466784,-0.02648853491580372,-0.0005350579676495215,-0.015988443303551314
2025-03-13,-0.03417133280561391,-0.0031768621789494134,-0.058105602647433585,-0.0034426596612844307,-0.14785678672718738,-0.014821447505382501,-0.012512052612680513,-0.020320537844866315,0.01157554910121572,0.0038274581145003594,-0.00664970334063586,-0.0065963949581364645,0.005346671004413217,-0.02988329318882954,0.00037077690185238765,0.004665922945031653,-0.02584626283283953,-0.0033698718397481287,-0.010006027089588976,-0.00576890091937976,-0.02326956608314834,-0.0346754581015567,-0.017974569825906173,-0.017400861948894786,-0.0016806981754520223,0.0011773616123704755,-0.006961057478274135,-0.015468195140663887,-0.025422255066727573,-0.011751358797160272,0.009293452271953218,-0.011206103512295229,-0.029509467188705507,-0.012610220480139489,-0.01592870281103753,0.008123104423979122,-0.02738735130283132,0.0030509455158096443,-0.0029672685322292836,-0.013572750257947241,0.011216534333009065,-0.056203508034470495,-0.02699358139939534,-0.01585133212908918,0.006604003006145831,-0.04004151133123646,-0.00624683702384754,-0.044554577970338016,-0.043330134668264186,-0.014130170244098572,-0.01495988985608765,-0.00906047799084142,0.012418701384901532,0.005914417811864858,-0.05383295631980456,-0.009645046814338087,-0.02455947337012887,-0.0035419894528674334,-0.02017872669388332,-0.03901043913891833,0.012700757081510972,-0.016819261741000346,0.016848566012774846,-0.01594180476148299,-0.025526920386048424,-0.000246261179451146,-0.024017974384404894,-0.012122739920251036,-0.00555828663350777,-0.04603173308475039,0.0028215375105729024,-0.016136941821947914,0.000896430213397359,-0.006658447876001894,0.0018856679029646273,-0.017713409694837257,-0.02681511537191028,-0.02765050761334198,-0.02239198977265744,0.004517892250524014,-0.04301338549302969,-0.030124127771660625,0.0013543761165770718,-0.04413431715120808,-0.06288334805390239,-0.016217576858843508,-0.00010635974502992696,0.1352241356519115,-0.018150158886065526,-0.040974486558008394,-0.003973143150956204,-0.00011823534865396113,-0.013331497680732163,-0.051199535051622114,-0.0005704594350479653,0.0006523766346524518,-0.004967516958404694,0.007424228640711128,-0.024152150118114335,0.013806938251260448,-0.025292197897535118,-0.020101396453503284,-0.009748768285636089,-0.027095015980462378,-0.006629196776763102,0.003646652656660976,-0.010242380912611537,-0.004930407203243448,0.008473375390905424,-0.04911816721000051,0.0012138694260048766,-0.028519089982984802,-0.002621392430637748,0.011156153752036602,-0.002323011441940359,0.015256954510313392,-0.021872345716739794,-0.013595638076600913,0.0028602662311856264,-0.010631080783313429,-0.003047921856670577,0.04143394528660371,-0.05265591044692197,-0.03464514638844918,-0.013131750139511844,0.030670353325072064,-0.03785429948744223,-0.015459353287428534,-0.003936361186225312,-0.025318654468875046,-0.0164407757316809,-0.018179231622497127,0.001298299679601378,-0.004177894925068593,0.0016946925011938063,0.0069644008912055355,-0.036753367142125626,-0.047435791478417144,-0.00709019092106189,-0.013345682497046596,0.0025037168892758643,-0.024422483073650803,-0.005660073282722777,-0.02549344281173216,-0.00019605862823723896,-0.011525486182754285,-0.006297914264195903,0.007856848266309058,-0.026325829865437633,0.021723578791977616,-0.011189761056932035,-0.04065705083593674,-0.022463011347847228,-0.01882045094368312,-0.009971636310691423,0.009913107721199133,-0.039286347741348315,0.00289354741867065,-0.016532215643793258,-0.0006686445243939687,0.01303200146445338,0.004655683396330268,0.003022580427354704,-0.00944635307843189,-0.022953486020944602,-0.006257104341798048,0.013519022125385582,-0.006463083266044833,0.014814761659577513,-0.030807472087547083,-0.012538959415079098,-0.026182431393171335,0.004884316994748339,-0.013205654068262795,0.0016626971847095717,-0.027343534792445112,-0.01884184465397354,-0.01325116028936435,0.01592426744262987,0.025320103459259613,-0.017911583729351754,-0.011506716727500255,-0.007615828724426343,0.0012985307308532867,-0.0025309253810776866,-0.008786852097215636,-0.004484334705680659,-0.009436144314528327
2025-03-14,0.01805874942301955,0.0002704245581295339,0.02895408969547919,-0.02523137476240489,0.04501672696780279,0.022919117493626295,0.009374526244265269,0.02932914685336474,0.011803855319199918,0.020169028545073076,0.007609258509130967,-0.003746209120291333,0.0367659913107623,0.025800706574673704,0.003339600188422054,0.014548823994998017,0.020338130718881686,0.03919310573218482,0.01189256431895469,-0.0028220165744174963,0.018324938070069408,0.0314737408518182,0.018520533313245657,0.034554233367175335,0.0013448714044841381,0.013416113396256257,0.029361105166622714,0.02414427435303601,0.03758794464140003,0.02973341404569929,-0.01982746945657654,0.018338483520193627,0.03087344880462073,0.020835613107823114,0.017242138148113817,0.022398665603688528,0.02930674891722962,0.0029459924171035823,-0.007421694347956809,0.021268853997037596,-0.005337791430624961,0.026762544826858914,0.032766092138690084,0.028525619427226978,0.006736061187337938,0.01490352330573419,0.012571338524701936,0.02941259555569875,0.060390639477902575,0.012836471979663422,0.0291174403512362,0.011244817176479849,-0.0025834951136989304,0.021732660695787942,0.02640383772923638,0.021518539535573922,0.03245537547931132,0.032775840797247824,0.017251111390255147,0.025756558567305632,0.015358861261620227,-0.0013388506822895607,0.010658317844067788,0.023657414312709513,0.023497729277025314,0.01868725836269247,0.005361066291119876,0.03081039791842688,0.027714979436973763,0.030959309984672778,0.001733914166997863,0.021263572138456865,0.039318808839311714,-0.01102819475606065,0.02239662826416078,0.024690940210833734,0.016167705789709608,0.015358996561721128,0.02930521340642489,0.01290707506483102,0.011397010167784494,0.03293890122531096,0.013068218208445614,0.02704495622681513,0.041035768868002975,0.009565016700738838,0.010471551430401682,0.013576004212658255,0.028227660998558335,0.01710221230389042,0.015938294132347153,-0.0020827630562409993,0.03031855448723153,0.041367112772091374,0.04298496376749217,0.020779301938599115,0.0003414639191268165,0.004401942243894119,0.015394979057996139,-0.0037980748478032567,0.007816197044991036,0.04198336128821811,0.014374001234456202,0.024242242488788257,0.007538224458498277,0.009344485839189787,0.020015230577198118,-0.006349057132553071,0.007535287501275967,0.027883858511654758,0.007539337134021551,0.028497115838128195,0.012189790122474786,0.004566653643012231,0.028102663055918242,-0.0006861837421006101,0.030934893372947414,0.023733353691894443,0.011727213002174608,0.05777354226708109,0.010772570105692658,0.00901674342584613,0.01757902781259091,0.028753213098315022,-0.013857314171673352,-0.013017283982466488,0.03975758745061064,0.018844775415414183,0.048796447354222394,0.007164585006792734,0.02778031570362849,0.03315644674561469,0.0018353143396181437,0.0047863316905072395,-0.00329541423484514,0.015558798187502276,0.025986945624996594,0.013844857802134847,0.007603992755395694,0.023707257855560826,0.03891001751165746,0.030846138086184638,0.030065444192830526,0.008479071350058653,0.016826658949377737,-0.018942425427829868,0.011409364001532474,0.004308779700652465,0.022217578042109665,0.03853493899818883,0.04623389850141635,0.017932078373702254,-0.0010545233242078567,0.039049520818279504,0.0393979451304709,0.0075905691199809056,0.010547669329099563,0.013317428997759784,0.03374150759997541,0.015838836046495608,0.017355727302092117,0.005889622995739696,0.011534256141895405,0.026372441071490282,0.003206846414049558,0.027441963865184604,-0.012156941374658281,0.012085404674264666,0.01849365266492775,0.03742855443785498,0.015598844037516102,0.026765577127349616,0.018731209100497637,0.014094539269948747,0.01511345925408758,0.045136445706775774,0.026087271945781865,0.009565040240133271,0.004570763573675585,-0.003845366166305819,0.029550292902827735,0.011932363680632996,0.03354163699250634,0.010887086722487282,0.027758871402303154,0.009471929441074778,0.029029771610908917,0.008103202080367744
2025-03-17,0.002437249950870246,0.011900092446285093,0.03288930113272315,0.0068681892972053404,0.012846126878637065,0.012859180654555935,0.01628944957691658,0.023445961316413744,0.002058203136346748,0.010584215671713082,0.012153693560263079,0.04209115286442344,-0.0018919860438950664,0.03229101051130989,0.01089194585464437,0.007763733094871661,-0.011612524695541637,0.016744858656166706,-0.01946257565560483,0.012953609134381594,0.009735089281925013,0.03271579991172757,-0.008420757614911345,-0.005411521869381097,0.017107438770795014,-0.001844648882585176,0.012431865406899778,0.0064084206627610385,0.02044481556342248,0.02991541334462866,0.01793701582449625,0.017493546316397435,0.04718332600366537,0.014766978345676307,0.007222922164947576,0.028956003779557093,0.007952330793907336,0.012420417801866535,0.010201394858435187,0.009440760595340603,0.017901729248855247,0.012828516069060214,-0.040480332206102254,0.00437145751971979,0.009857972751395216,0.014021890565075523,0.04169414652584624,0.00643413333012699,0.029456164610646596,0.005448137472868986,0.009961961454011181,0.011466270706890214,0.013142289467018564,0.010544712589730665,0.03167286479805842,0.009582231150786491,0.018805907444821024,0.009499203542029377,0.006416902513981526,0.021337923860796693,0.005058112267933623,0.0029181069297790074,0.024519536680386977,0.01368657936290063,-0.002351850713489867,0.00983324847617073,0.023991746659085322,0.009491421958745416,0.019783907028569025,0.005469896657826823,0.010357988815013819,0.02183636471446082,0.052487469725062574,0.006303073706923179,-0.0001595997920200709,0.012477742716822338,-0.007507861209617772,-0.008552645155729621,0.01633968239014827,0.02865893201720393,0.007768067485320884,0.02204714471371183,0.004232901128483846,0.018618071232548772,0.034740897768318124,0.017675989203629783,0.012230050872021891,0.06488298679818305,0.004113795781362839,0.010123581805152604,0.006275976728551846,-0.0007934175839183766,0.005020726407399145,0.0204397823975766,0.005191504584484363,0.02504105837343973,0.013403603486838556,0.009976592373842408,0.014516828375888302,0.003054370746570889,0.006116522046043293,-0.007424715099500823,0.007671816682153221,0.02036943254743928,0.013450285638191062,0.006311254598861282,0.014569933089639164,0.011598250335822513,0.00255650255464257,-0.005768915394720686,0.00659105358065748,0.017868344328479502,0.018608629146221745,-0.0017328849182209893,0.03328520873122631,0.011718703866705482,0.021149691467454268,-0.0014247602492147848,0.008509193322049136,0.020104551077369415,-0.020211638360549067,0.02348068540519277,-0.004859981874651531,0.03225382733389992,0.02779583723050294,0.010007594158077282,-0.001413016612804796,0.007756915785923191,-0.02029810782928365,0.027580885125872534,0.014182286070037797,0.014066727182249217,0.018489623280345313,0.012858654794098534,0.010989058456599032,0.026518014053245054,0.02121174894734601,0.0226108029505534,0.023314393512250398,0.0052463873191541666,0.022691286078636352,0.010914219611591669,0.008695637542309953,0.002687331757712741,0.03146463223242346,0.018623300586763314,0.015606677887473275,0.01393585435153799,0.010731488126211275,0.017109348718310713,0.006945008086660209,0.03722893329042609,0.0012554119828376287,-0.0002180471170722953,0.015223596191506594,0.0010262417419140135,0.03420555037205375,0.015440079324606337,0.011583880089052201,0.010485480889852461,0.008110514261864488,0.004190794790633223,0.008566161611303968,0.011885979469547614,0.01028916242532496,-0.003677181140777641,0.016193880008291472,0.009573225000949037,0.015305933496873259,-0.04955235426711457,0.019519135709471058,0.014197137985885178,0.025032214859086466,0.001748617564795829,0.012995296542579915,-0.005670298560014331,0.003361177769994228,0.007975647101959638,0.01855243490962355,0.0011972443661143473,0.026746713888108786,0.021524172206214942,-0.000914909029483546,0.014474925905894054,0.01897062431106722,0.023884121733778407,0.016225123490999138,0.024591519830074127
2025-03-18,-0.006089077094637574,-0.003664159169752601,-0.018706796460296715,-0.010998322156749119,-0.018899536293819352,-0.013055177880558766,-0.0022898783702247627,-0.0031657446025441516,0.00044755193658563286,-0.009721595027291308,0.0018123103745049107,-0.039214739091272044,-0.013229271478440552,-0.013313106853573231,0.004578245363447309,0.009651646607058417,-0.015415469461727227,-0.015009965541758596,-0.0020655139383869425,-0.012578889813696037,-0.0013929417096294472,-0.008498350798975984,-0.03352070790224637,-0.0069930306476404525,-0.003074012032527662,-0.0038233621050691724,0.0041255835817186615,0.0009117392637829624,-0.02158401256805398,-0.0004995796241482608,-3.531027944569942e-05,0.0029737992034624128,-0.011379226890937844,0.002037566263108914,-0.019029674102482907,-0.006444232599255528,-0.03743288251371002,0.017648923072534295,-0.0131992896389308,0.007695872412630145,0.010116328836160982,-0.012008607626452061,0.019814180214103416,0.011943061468074667,0.010833918818566879,-0.02037587187377543,-0.030659788307632052,-0.005606934403104447,-0.006042786034648806,-0.010714353906305263,-0.0029553849848587,-0.009602647900206485,0.012190783404484762,0.012858192527084533,-0.027196038359377894,-0.002972978623660083,-0.014352394146305514,0.001558014256117346,-0.0009565861964739852,-0.021730289832778915,-0.001083598105300787,0.009042310307072476,0.014912681894925228,-0.016471921068228035,-0.007810889244810326,-0.00348696279286953,-0.01793045848248287,-0.011252547788165312,-0.0022303444754925295,0.003595425290500387,0.007193869641678674,-0.008974494836338387,-0.044355794432080486,-0.019276625772005396,0.006201470369252782,-0.007840631793659014,-0.024916184309419442,-0.023555589782802144,-0.00103752041338101,0.003562216077027891,-0.013187081025346714,-0.03363633546362621,-0.003528872996016119,-0.010885465030705532,-0.011845513841834077,-0.02484096686251558,-0.0007004015893166127,0.007829162233746079,-0.006527014882679261,-0.008807973451342654,-0.006099934628020165,0.007643877266019672,0.003066915259641867,-0.01471435955545708,-0.013808844387633634,-0.009864794778608132,-0.010991212113748539,0.000340909037086945,-0.001986019259473615,0.0035351952496753825,-0.013069763459133021,-0.014789353289523355,-0.003927596425567614,-0.03159844519025423,-0.0014810399122913154,0.008587518423132323,-0.008147108934898561,-0.007240248859785581,-0.012734850051642432,-0.039289736106150386,-0.002576959426732195,-0.015636125406236268,0.008923834242994033,-0.011116254979898876,-0.0026888740629473773,5.450738342549499e-05,-4.0796604102943945e-05,-0.015201209509429603,0.000596690910858122,-0.016225238075265658,-0.02018625886559544,0.0022594546602157095,-0.011527545291202479,-0.023351707329337223,-0.005580060771928963,-0.002820783159952711,-0.01521173647105556,-0.0005174260914468931,-0.0374561646924878,-0.03373568448928488,-0.008080787042469062,-0.010739381886810229,-0.015498385888741417,0.010041240357022474,-0.011760363096002813,-0.027322222002016616,-0.00944382838387714,-0.009223489302076615,-0.013672435896011415,-0.004317704508101983,-0.017485823482301655,-0.010303777936109704,-0.010581432098535792,-0.022950278231471444,-0.07866280210582932,-0.01858768691610102,-0.00774942122977329,0.0030478266077267335,-0.00721403395262854,0.008423987769316632,-0.004281489748461986,-0.06112806873424059,-0.01994888762110847,-0.015075382705989071,-0.013205659211621423,-0.004172113143787293,-0.012664263677290677,-0.008306348898647897,-0.004821675543674964,0.006284691052519165,-0.009484841392759513,-0.0037383396976973238,-0.012853547675651278,-0.005253183040625498,0.0056668742116015025,0.004792402498990711,0.0021079993227139937,-0.009665956274697685,-0.018356491626496663,-0.05531956884665057,-0.003519573160753353,-0.018517765350104298,0.013565689209752207,-0.0028821269449785802,0.008676430297919424,-0.021063287418480847,0.0019284547125102414,0.0003790521393547408,-0.0020835007789861137,0.012562712632269601,0.005807649288611216,-0.00991015482611246,0.003030300762313587,-0.010444994398177698,-0.00022590825517898594,-0.022150112456777116,-0.0013156277104977576,-0.003856153341455837
2025-03-19,0.011969218639192647,-0.008279013390126266,0.01171464775126374,0.008384157544094606,-0.007671312302935718,0.0027858445115480635,0.009522196223082702,0.03102465273497934,-0.00219603744968655,0.010112495909379682,-0.008969275374577812,0.032942576913835175,0.005563310984104675,0.023004895224043587,-0.009219597361674658,-0.005725008653602259,0.013622435900077612,0.0031083925397838996,0.0011618267847408603,0.0078011516612086496,0.05043359009660797,0.04307805065438597,0.03283091091583756,0.02904314094381899,-0.0075526822788578585,0.06406221324257455,0.012426475302600437,0.01337801288613516,0.025321553530378793,-0.002597702833130988,0.004466468598070428,0.014847518189481157,0.02329803467457836,0.01526701571715705,0.004085311129771618,0.01719626352228243,0.03196656028482803,-0.0049411808682569,0.01090128779021704,0.0026686519374452544,-0.004698274758775156,0.01328188312306633,0.021118765665138817,0.008162773917898214,0.005024232996543532,0.00673942029248753,0.02711512477765954,0.003978990034201324,0.030816076198755482,0.012529462068346042,-0.0069433528924971455,0.014644296707992055,0.003500895179301189,0.01972407140259147,0.02660197421252164,-0.004188094681045307,0.021585095760332074,-0.011202123925129648,0.008561207096176027,0.015714972971788477,-0.012749681056822837,0.0009128873294459439,-0.011460967191812443,0.0037811121581077245,0.019547012052172796,0.005956572300276353,0.017484969392870475,0.014278654948474134,0.018973972103561998,0.014033672807827635,8.888599428402699e-05,0.02070909589829828,0.0472311431384016,-0.026013364397638128,0.02852452356619306,0.02166827309486985,0.02072542344060846,0.018568017713867846,0.008190792089270538,0.010502299282625138,0.010726334568700757,0.02494200135153246,-0.00550250993507273,0.025705271307094435,0.029135618895251625,0.020637465522929332,0.004089845205266229,-0.07305734805787578,0.005389346376877491,0.017782823109661727,0.005998109179363276,-0.008678371898014348,0.016096809094139353,0.021600252747237647,0.011244090959889874,0.011818581678704199,-0.001824215404387708,-0.002613803325655084,0.018221175590380945,0.0026728148444306044,0.011270755161790547,0.004757412978961817,0.01052828825642571,0.029643881050164467,0.010612993808643445,0.002217700260199962,0.02200715692012345,-0.010562527225760121,-0.004141513298351995,0.0015995109711832711,0.002412822307569229,0.01448333106579458,-0.0011657585656736913,-0.008270461744233959,0.022564356063854873,-0.006624639544873467,0.013312907416541897,0.009364464422959351,0.005675430769773726,0.0006841242450406071,-0.003271727979630157,-6.690578547718928e-05,0.017403811484495435,0.029207000622114343,-0.00464874192602327,0.0020719214871052216,0.017115465992079137,-0.0007309742258705398,0.015391153762235987,0.016195100002267537,-0.00020214096046267116,0.023543593353750225,-0.005772361271255022,-0.003698298207639894,0.005503547527886177,-0.03558109755560057,0.02076428515578055,0.005312654972650321,0.0013308736728223636,0.0021899627741772676,0.024118501456952046,0.01694258550452865,0.012510261263206424,0.0317512424627715,0.053322991125624775,0.012518924429507194,0.0017922305319073573,0.01783968883807674,0.01010979786749644,0.006530676855522444,0.013395047445140307,0.005275955379725694,-0.001938413779135395,0.008302026755431235,0.0041395132490889,-0.007749134292327042,-0.00024170571702519794,0.009375684143400953,0.004344051320030573,0.005502927841591898,0.007355097772061114,-0.002913550152688682,0.02066214557032886,0.009859963432291341,0.021532808548895943,-0.004858264703214488,-0.005734809372675009,-0.008228448360205753,0.002404260581251094,0.045277067155851114,0.012165746691218615,0.018176467918023853,0.0028408422870649375,-0.0025965910815362037,-0.009840269631249399,0.026817828140092814,0.00897685234021095,0.014841198518708687,0.001465111737754654,-0.007215465173137314,0.0030129354563266375,-0.009446378444351033,0.0221646909213149,0.0063493236489442495,0.0152334814420243,0.00807174227922225,0.015195266552002096,-0.0035100519960051813
2025-03-20,-0.005259125597455672,-0.002136247263902824,0.001410028956624565,-0.005480010682039627,0.005684616431418377,-0.020653216474619818,-0.004388988522402215,-0.00238227892895182,0.0027099952607576583,0.0021290098271906643,0.023832454005136228,-0.003353614571746988,-0.0011245065194591675,0.0055963542285857315,-0.0023281998799360437,0.0018373303816208164,-0.0034071705894254123,-0.01932341469730936,0.007437403823254307,-0.0033214563118750817,-0.0195223629431851,0.010135913367317784,-0.026122822579415228,-2.9641105951938584e-05,-0.006352083924475949,-0.000876030140252837,0.005447065387062633,-0.0013965179236494762,-0.0018672191878739142,-0.004348427323312087,0.00710913951466674,0.007457067644960347,-0.007061762077993805,0.00334721487538836,-0.008594786978259883,-0.0023845816142706866,0.004743427709360759,0.0017774309123774756,-0.0014292968616205215,0.011746155069237929,0.0031589634723978577,-0.00630357209636756,0.009514061884426717,0.009861261706325841,0.0063296884661498964,-0.009533391092221954,-0.012016041468642324,0.0003246174227919951,-0.0176086660510828,-0.009191810218599272,-0.0036422441339283296,-0.010318103165706916,0.009173877194497138,0.004155530353631143,0.009436205203106063,-0.005521485686255545,0.000242459493991376,0.0006642401283620814,-0.015217264282311405,0.0016167909108659728,0.006429474157844339,-0.009356809160283142,0.010642205412250583,-0.006298569899183093,-0.004740024792972974,0.0029938079602214174,-0.0033312702568712993,-0.004307100104124384,0.009891320960939254,0.00396389532503072,-0.010098783579231885,-0.010827673489044898,-0.001250352600857596,-0.01640003685001279,-0.004357368672029516,-0.008137553415262122,-0.008648633879447587,-0.00794806137566173,0.007700347138952068,-0.0035770739257463546,0.0056972944018047755,-0.005186008144611343,0.010386381362684105,-0.005315333320686122,-0.014929684866914261,-0.03695763292011822,0.010063547312972432,-0.0077395518999150426,-0.00586897583899848,0.0006555913790950996,-0.01156852191583635,-0.0007937167675589052,-0.001787368678244583,0.0011970958385232322,-0.006587292237087539,0.007410669267778669,0.005805642973637504,-0.004887494283368099,0.007366532246213531,-0.008159696984217035,0.00317412512844939,-0.007472138879697887,2.1125369480401446e-06,-0.011279135110620508,-2.523912499441394e-06,0.0027924563359027488,-0.0015534305499054213,-0.001239083464612989,-0.007547951107757633,0.0020005448093289857,0.004082155245738406,-0.013319661366938185,-0.0006382458438309868,0.0008498192362917933,0.014193354738512909,0.008316540046906518,0.0038481532019103426,-0.004315185950346745,-0.005051860228763694,0.006515379366476282,0.008738610832428328,-0.008629036947242152,-0.0006829978990996466,-0.011087840874351329,-0.015876872401561215,-0.006082976509668825,-0.02373204164287479,-0.005984138978849529,0.0060045383424478516,-0.0019104135454357518,0.0010782866248435496,-0.019418087909350845,-0.00635128551005959,-0.0006534728685263502,-0.005680411748946845,0.005175736428443045,-0.00950754425329503,-0.007922227714005636,-0.004667931330692099,-0.0029942531489979274,0.00032332558260161903,-0.003912442998049492,-0.0019765974328578295,-0.008522840353023753,-0.0046580130523148355,-0.013140449698206602,0.0008509639892677612,-0.008088382406981509,0.001799971629318442,-0.004151386649877686,-0.003612074434795609,0.004581224020119734,0.0031899669613029147,0.005845633324550015,-0.0016034767702590713,0.003378480225103786,-0.002367758036561085,0.003564850515420659,-0.006786870862904415,-0.010356282139924566,-0.0031159120814878705,-0.007136347217898464,-0.008375094308060937,0.0010837055496191184,-0.014528614240395754,0.00152849058043536,-0.00864223205078929,-0.005992583569640608,-0.0075738611641575915,0.001210335808059959,-0.006364551942894536,0.015890008446443282,0.020001188148635052,-0.006431212743555292,-0.0022569223819708384,0.003847447090768341,-0.002080829986865318,-0.0013675690818466535,-0.0036771387007981104,-0.004970640760438183,-0.007398508825881223,-0.007210879613023025,-0.004077716372468565,-0.002251122393839289,0.006825618699815905,-0.006578678937743554,0.00397657860508005,-0.002975396297593136
2025-03-21,0.019340836313151755,-0.010011531347918101,0.021009398906493004,-0.0039211447512093045,-0.004789626623064258,-0.008390914797140603,-0.00748419205288986,-0.002722297919838468,-0.011190605797755104,-0.004321976991744414,-0.007721353557573529,0.10729897215951034,-0.015353819811321223,-0.00948835984455787,0.003092189076410179,0.008560030621000081,0.006057106053758865,-7.170430693825836e-05,-0.006882276066845883,-0.003986569495403103,-0.00021336138575911434,-0.008810978743227338,0.0027728628276655343,-0.0018766809414580976,0.007918160333783675,0.02800100272840833,-0.0011646291575955203,-0.006291720942482648,0.004888469552696506,-0.003707013461277775,0.012166608250157473,-0.008367388581855373,-0.003659003847295672,0.0002675546016108754,-0.002969916722176613,0.013439491713230112,0.0121475331138452,-0.014824827015124775,0.0005630302022234801,0.007275455010018028,-0.012903863243704627,-0.01110235703221818,0.0007421933342453002,-0.0035827979456302117,-0.002810206973217433,0.015441080019122921,-0.0009111276212205865,0.00729609014296706,-0.01999827604927784,-0.0062701849011554955,-0.014414892782590893,-0.017607456772381624,-0.02495516117196761,-0.00034504907104082605,-0.014444928333452012,-0.010192445723749444,-0.015522763402191941,0.00597733738240791,0.005195035088191524,-0.007324926997670289,-0.009530460658657702,-0.004479222343049649,-0.014607067357324865,0.010614067652730874,0.007370427432437765,-0.007301508470280105,-0.01941881217603303,-0.012895529069188783,-0.0134455711461543,0.003145246139637514,-0.010247983493967716,-0.0018375730587756323,-0.013139665548058233,0.010336091508948542,-0.0053904954310044495,0.006171955266714324,0.006020092303131719,0.006007992468699541,0.002527081472054604,-0.01588359782152171,-0.01259494611043177,-0.01189887943070378,-0.003950002019759147,-0.009210823453488892,-0.01630995901933252,0.0015018892023377362,-0.007673603878650681,0.011359297630414655,0.004612398506504967,0.002545466541989505,-0.00827041485803992,0.002757307719824631,0.009533228777463876,-0.0020613741411983355,-0.016213754591801965,-0.004745156659761829,-0.01541308563167565,0.0007384857805421419,-0.005206237160353844,-0.059709406561760936,0.003427422082777909,-0.024880966174103847,-0.0018255675201324095,-0.0304681221148142,-0.005357548300411352,-0.008890972023089638,-0.0010759269691185125,0.008261198776676082,-0.010251988078928242,0.016024851209425428,-0.0039040468542088647,-0.006610360134765791,0.006189392663419113,-0.010034108646338247,-0.01477652108560168,-0.016456047964868326,-0.004054695441769063,0.009576035085427037,0.0008793455870232947,-0.08645656868006046,-0.004240904480046659,-0.012235193920556942,0.0070544241331766955,0.007857740357811949,-0.0563691479713464,0.0016278678469276997,0.004641485211514862,-0.00889400976510224,-0.009580121107609862,-0.0068935584227673985,-0.004229903615886599,-0.009642690819276822,-0.0114685639604728,0.003540308250113089,-0.0047571601450719925,-0.006108364934592103,-0.005278022765205392,-0.033034735550543814,-0.008104433980029135,0.0005775845423539039,-0.01294221247517946,0.008249224537307143,-0.007195816384568232,0.04901074287993623,0.0007828862938739078,-0.0048156082375205855,-0.0069201731319381565,-0.01752729793607255,-0.02161867669578399,0.010990930952056388,-0.0038711941032261166,-0.010900719132355796,-0.004951382434396301,0.005595022165032049,-0.004052909489547396,-0.0075456225052423775,-0.014634886708721595,0.0009413222646923458,-0.007042943084583975,-0.008519189225856927,0.007297446358771165,-0.0037906910815679318,-0.01143242642572151,0.0018060700666979734,-0.0018930660245830566,-0.000690865147322306,-0.004682770776136103,-0.0010102713415509612,-0.011741546708313066,0.0508705926009263,-0.009856447159484638,0.01768184359410352,0.014828685458315505,-0.003522979721532593,-0.01427879849752589,-0.006135754967842466,0.004943838700087966,-0.011653434234318638,-0.012876816845335703,0.004833463132783322,-0.0032467193602112587,-0.010651978286382757,-0.0007737751879997035,-0.009034841659084414,-0.002910775459765702,0.0041846868400101656,-0.0037174689566548125,-0.0001630251467581445
2025-03-24,0.011258657062002797,-0.004776868794657219,0.00810834338484323,0.0064180737135801635,0.019707014845859128,0.037030833335197855,0.011920240606372978,0.006641201732345614,-0.009667029137609084,0.012861265201826733,0.017800554137214597,0.021856721940505253,0.017826606356383223,0.0643668659258756,-0.005343412626946709,-0.016535623533680877,0.034915029613080684,0.049349275034060724,0.007463361202568741,0.006511691547511411,0.0359171520763466,0.03483098955027941,-0.005229573905970675,0.026113717995916552,0.012910550346527216,0.013451143641844077,0.013099524184304379,0.011916406465448226,0.018582972784109586,0.01114447461242385,0.001138447459891001,0.01921686338695494,0.02467519556018516,0.026259306607109956,0.01581793104828222,0.016252811525847122,0.025613203034799525,0.011806548306384279,0.006963904919934372,-0.003640617411852176,-0.0024214455647113553,0.026588508675597033,0.03270433455482369,0.0028821772854668026,-0.0010165970273021685,0.01836672548995555,0.008456935611217187,0.02046445262415819,0.026878610406032344,0.010072338626910593,0.008779936432752322,0.017084938600141264,0.006207185319458297,0.0014137583739151083,0.04052297441963315,0.015289532339062717,0.02091680900277293,0.0075017392926231,0.006357080238243995,0.03291712363837185,-0.008678053489269644,0.00569214746953417,0.001947187705956921,0.018748455671397046,0.024860219395891114,-0.0049777742915337875,0.022060481183201475,0.015397600043029147,0.020200735110720736,0.012605511425033633,0.007741558101470147,0.026627199588124206,0.024326185865669814,-0.004208412457412436,0.025128508688499807,0.0317066827008885,0.02066983014492152,0.020976965891333244,0.024291668021526824,0.013642463942292515,0.035081298934689364,0.013274634729813606,0.00790765130231641,0.03637444572049109,0.03526094290916504,0.017850476529219783,0.004103335093254223,-0.0027340834592797236,0.013472791455726885,0.03331215478425609,0.016698045354551994,-0.0030578335226492115,0.024893957097106068,0.045623322438364866,0.027420558584659638,0.027442603499694407,0.0036874548962240183,0.0011289545666910428,0.032854847017126154,-0.010822466713613643,0.025161600793131456,0.02537096238346237,0.014248248941137298,0.022617810773549962,0.0004896960755713664,-0.001540819338448074,0.020382106595445926,0.006339889379335162,-0.0026640891800768784,0.03588749462625351,0.010542853411394049,0.017808965655113695,0.007514733980971577,-0.0006953946301972991,-0.010165920678793405,-0.007835988055280296,0.03248723283850197,0.0028557977596870288,0.015424488668204894,0.020514353495369342,-0.011932628024049485,-0.015292279821773835,0.035006285883491195,0.010078401168082785,-0.008402512191254985,0.007432480995225532,0.02645392390557788,0.015064160003936955,0.02848126256561656,0.013513635033370441,0.016304546667130104,0.013040541923881932,0.007003191971056033,-0.005231720931971218,-0.005869824717100514,0.0044902639929036425,0.03131530703821461,0.01690498198045276,-0.001127996876232551,0.016160853366911532,0.03498916846974076,0.011864462309230994,0.020559078134683162,-0.005092954077126954,0.04216515871978199,0.005271510917625122,0.010865775708367664,0.015587650977650469,-0.01311205797250281,-0.00862947878470166,0.01825250120128441,0.02384653336252196,0.0243979530785694,0.027722208876247656,0.01927600829228382,-0.006128374655985702,0.024255345910682458,0.011672700522219692,0.009850622092065109,0.008305199911321282,-0.003474272585670679,-0.0029546086096505775,0.02448059308506778,0.017101726990035537,0.028754440220216004,0.005286720197023698,0.012079117774407955,0.008594469920225833,0.00987851717154431,0.11225135159808985,0.03520816786129011,0.006635355823124023,0.003355195857411175,0.00598827420214576,0.007986305308932629,0.027558948806343686,0.020808492057712513,0.023886575879967786,0.017727978610095896,-0.010460406863415983,0.0023555935966736996,0.02106072664741543,0.023205454105574397,0.005670217120430365,0.024295540657816694,0.016872655253725277,0.002333862862634817,0.001492477496618072
2025-03-25,0.013640434919870437,-0.038921250096502824,0.0006823015311461234,-0.013181584942582703,0.024240580302562265,0.004743551140492741,0.0015422098141915086,0.013755576921087531,-0.017037148742597097,0.0006480946531706167,-0.0006847887016476761,-0.03786712011299276,-0.00909660022951897,0.005463343598833603,-0.024287835866718233,-0.01617473597636554,0.011596179296144093,-0.00853305073841426,0.007892472309114495,-0.00063011561802373,-0.0010855853268036952,-0.002747363302729511,-0.01884537815088816,0.0044031218933975325,0.0026683635376834047,0.007206948788486045,0.003934657382971718,0.004718492349712555,0.013130558085554966,0.00915810591131816,-0.029474583517499653,0.0037288941558264455,-0.006298761238672235,0.0038331576171088955,0.001205396436074757,0.005698748774506157,-0.009294982055020107,-0.011139718683661037,-0.014174841655188786,0.009696308822837008,-0.004215897815663006,-0.0015438955654376585,0.00743621683126694,0.003753081744538811,0.0023786296338386137,0.004627330014243647,-0.01028422470705559,0.010838329739988772,0.03107335556471469,-0.0006495922495863837,-0.011422830050560773,-0.006265088961530552,-0.017781278491000307,0.005335879168137936,0.0013126666793645825,-0.0026719841254232435,-0.011345017124264167,-0.0011696923993973485,0.013317514790676555,-0.027022928601752483,-0.018344989204431172,-0.006378112669404246,-0.006986216830481062,-0.0016421267849500154,-0.006567074776582693,-0.005301943781044205,-0.01235130149603858,0.000455950521494497,0.007112884148129162,0.02390252652927849,0.004632239429393614,0.006179231030908561,-0.025997588825152462,0.009688028796089654,-0.020714197737874418,0.02063795118786338,0.01546615108936944,0.01575475159943185,0.008181733316846795,0.006217390608107998,-0.007898411394815952,0.008320425914440044,0.0009816430342119986,0.008869003607289372,-0.004997616183491704,0.005063271223685106,0.0013499178505487208,-0.0019099253689645046,0.007742261544933626,0.023004641928952907,-0.0028113042775572694,-0.014976794193113818,0.010931007468260034,0.0014597645433491735,-0.01031310123768936,0.004069632895538966,-0.002414448823910398,-0.004106466164067513,-0.013870914666956224,0.01613842299673074,-0.009637577131229591,-0.006695322027163719,0.0021984977206512823,0.014559850712586808,0.0038179936166660156,0.0030656172786764913,0.0166737939475885,-0.004468540142337218,-0.0176816211810209,0.010667255567901712,0.009136597963976811,0.0017063757341899688,-0.001344940669947725,-0.00015143259030736544,0.0011602859839774382,-0.04850072786790616,0.006144223684636074,0.003492440299249999,-0.0004878767170737319,-0.03153707896574787,-0.021787006107498286,0.011646493000294189,0.024659401434297124,0.02365427639725759,-0.012967492663663371,0.02162879729516476,0.013863584894859393,-0.007801904222684897,-0.008501033936033409,-0.00976796248995182,0.00810283158213565,0.027124812887326932,-0.006081709981168082,-0.022719564466462394,-0.01665878422053435,0.0018891754425123253,0.012495736755405495,-0.009309014727951315,0.002755336109790285,0.0013490148961698978,-0.01001472952391591,-0.0007379815602064355,0.00042123665287263634,0.008055372361106095,-0.0044841030358044875,-0.04003207169258971,0.007171255585963543,0.005388740863087271,0.0025633194563194905,0.017366717008007626,0.008253869818754644,0.003470554614884769,-0.0046517127564085214,-0.004095907644011909,-0.002139486566202997,-0.013765626557825428,-0.0024112221354055663,0.017704973552883807,-0.016953063946798963,-0.003921401497728461,0.011647419413105542,0.0029889060202159534,0.009289060805954819,-0.003934172841697947,0.001564108892341487,-0.009667270171820341,-0.0008533562736747768,0.004576134641776086,-0.0007003979026469764,0.03393933986571174,-0.008850936751692018,-0.013993235204257104,-0.0019291936837984025,0.0028656630254388915,-0.04991590689734071,0.00758809508160585,-0.0018114213380848732,0.001900299297316721,-0.00439100498577627,-0.0022454116099095422,0.012290047801644555,-0.012553150006620939,-0.0013123492624709243,0.0034361300509999637,-0.0033479361720178957,-0.03223774492414222,0.006538721510656487,-0.010892433123607326
2025-03-26,-0.00992020574084762,-0.0009678231525152015,-0.009372935418149986,0.007564715483101558,-0.013288682383080896,-0.015462499211412073,0.00997411018564609,-0.007463053752555737,0.012786419815115302,0.006368320570805608,-0.0016353458075037963,-0.04650811818077383,-0.020060212147855694,-0.044005840319873535,-0.0038318110890500634,0.0019332475872522181,-0.022901295781349695,-0.06465213032646311,0.0018043250859784976,0.007496347872478104,-0.031694029582767236,-0.021660770725799416,-0.05201893489363929,-0.012508408060091902,0.0013066716580780735,-0.024466365601993445,-0.011614451090496303,-0.0036324979035171623,-0.004126207592394238,-0.0065438272200806225,0.0018037991422130695,-0.007461401869671924,-0.03111441233231993,-0.018612452976307203,-0.005988231748336403,-0.023019535137602354,-0.04622892523037514,0.013793944820147175,0.027212285621107668,0.012022713945483154,0.0016518063680326378,-0.009560291453897918,-0.01567136380451828,0.006554862552245133,0.009502312880920627,-0.00046779300422983283,0.0054655549314857055,-0.025143279343510905,-0.03723419029463049,0.012215993191375674,0.011807001759432278,0.055979541508551556,0.009253812149331075,0.011935372167303449,-0.03729945961508996,0.009221361686878815,-0.02843318615966517,-0.008701498907778493,-0.009057936675105793,-0.013929110241337916,0.00816434512395503,0.003984884106462694,0.01838789915432315,-0.01597720030591354,0.014427498200144662,0.010154987354267675,-0.011264950417727349,0.00310080535410151,-0.000808657530835255,-0.009519426029248379,0.006004333511310023,-0.02551259472277323,-0.060911736850153275,0.0116816109138842,-0.04185316741530665,-0.032764371808354564,-0.03446913506925853,-0.03405315595503389,-0.022562769921144366,0.0008637236661943604,0.0029260212417225873,9.779556409306167e-05,0.004411164896376718,-0.02930230481937013,-0.03289953193158324,0.0010032751336499501,-7.622695320819162e-05,-0.03384618354528657,-0.007656797632893841,-0.01979261536855237,0.0032576691765804355,0.003360200522641854,-0.0017673427297388855,-0.022941690148766014,-0.025054202977885076,-0.012315982843698503,0.01705005906752799,0.008135015316387495,-0.029736976430991824,0.0069582315867187106,0.005731882558539958,-0.022479305092625523,0.006608123111505826,0.000984543872131205,0.021204191903889225,-0.001946160546910214,-0.015497175542497743,0.024578067244615198,-0.004519407344357518,-0.026096733150882123,0.00981925558329344,-0.005932747278250439,-0.00290193228908997,0.016609648938260335,0.0032240278749444684,0.0035206285047255648,-0.025565012596987735,-0.015005923835344603,0.004603602915382865,-0.024660045353652293,0.016045035942535257,-0.007195264002699542,-0.054826975365907415,-0.029097340154339513,-0.012370129804426533,-0.0003872548799002118,-0.026615038361659238,0.0062934154256666375,-0.06168734318049296,-0.04431771675963425,0.002788004421228507,-0.02703728360776836,0.021227788434805106,-0.013286730957370096,0.023034958131043837,-0.006589717341173973,-0.022567831771040048,0.017321177861139958,0.012241966500936563,-0.00034898516234793675,-0.06042797640770026,-0.011826417333053563,-0.011066524361819319,-0.03238891050468684,-0.025995154755102057,0.01086899703287525,-0.0005954037413689051,-0.01163936715352154,0.02245706996344321,-0.038891649009107354,-0.009160381197202305,-0.010778791081235362,0.009391511425470789,-0.021169234928039238,-0.017120454901133897,0.014303834916549185,0.015856394048061162,-0.010925465106545573,0.023285890946718624,-0.01394587302851491,0.011121547581777413,-0.012781628680255341,-0.0006802568295505296,-0.0008454612527732941,-0.0022767321655043915,-0.00021867433423850002,0.014384663934608355,-0.0030363798782619966,0.010033494348694383,-0.05790802595195288,0.002307731867920104,-0.021254295149218727,0.013280017823030121,0.009815379926332746,0.011517758899332264,-0.020325436913389616,0.0011610917182904856,-0.0015558717789092569,-0.01645963269097983,0.015103922508372225,-0.0074278424336444715,0.009929234697058753,-0.011199637677151486,0.007932051737137513,-0.016283623516163637,0.004758013049309007,0.014046500701414999,0.010013474699476888
2025-03-27,0.010469468578769181,0.006260342679054176,-0.023297275827238728,0.03630955958742543,-0.00292133894619262,-0.008660131410724858,0.009841106105855424,-0.005767105915765569,0.01117920446265952,0.002992579641261983,0.012834835652110854,0.0029133153254106148,-0.020717064767560522,-0.0355871555662306,0.0001191525723740483,0.0184144332420626,0.000757521794718663,-0.035621154628399765,0.007373906470608205,-0.00011560187068848649,0.004869059637272244,-0.017582109505574373,-0.04454472901018125,-0.015219852269156675,0.03773870781669686,0.0010395798703406456,-0.007019751892128667,-0.008948388884054914,-0.0036316087596013347,-0.0014564325639216946,-0.003783211203415071,-0.015418747595815852,-0.015399329489738989,-0.021118844780269264,-0.006891551016151354,-0.004919422825694575,-0.03807927381347831,0.010900860859995198,0.012867278800769988,0.0004495074998422943,-0.004180418457655044,-0.01497028941969436,-0.010648049341095422,-0.003452549052736842,0.00818330048468141,0.009713977227204573,-0.0047450802611943566,-0.009767639784552529,-0.014571657943485583,-0.007471098300968038,2.4011053110228886e-05,0.006950698969084179,0.004268522628826155,-0.008113302875509376,0.003545477673041475,-0.008620484900315972,0.006907048724769993,-0.0007150080182354301,-0.004135748545936124,-0.030737397683732404,0.003930751409465749,0.00040709819107931366,0.005146501919132795,-0.014417713139114774,-0.018752138288489206,0.0033024357313684582,-0.006032492709402426,-0.002188904311112516,-0.008009162017492244,-0.01354418807130564,-0.0019257656964972725,-0.010028957448446008,-0.05168765640961048,0.016120625908790487,-0.014041004054112793,-0.07753392955067895,-0.019701843558869392,-0.018507270513241636,-0.028318936188271415,0.013261179016620162,0.001428495574155697,-0.012748229307539383,0.0046225120136842435,-0.01579354399466304,-0.03080390715654646,-0.017390971918699982,0.002591905758035473,0.007419604589196105,-0.0006832345225129544,-0.0010585971080825374,-0.01574281884659179,0.007703327539693383,-0.013029019524213759,-0.01629593264559226,-0.010083565196278066,-0.00891816320145633,0.00984861473621823,0.006598372169649203,-0.005429842495787263,-0.006542864183340491,0.0003707622888029505,-0.02020604976204865,0.014823727170772294,-0.009232140531614696,-0.00310528851641223,0.0029168785128641517,-0.0028085852804746736,0.01702785426002862,0.00801709112264426,-0.015158980753201767,0.019769154607198303,-0.028739694927645054,0.012579089805960564,0.007915601224035562,-0.018150579717179482,-0.005011838388761625,-0.027847215284532822,-0.00022214401599551792,0.002409135676871621,-0.013237105825222528,0.003854081385728847,0.01705718693474667,-0.025266029586230587,0.0042022397994587735,0.000638178463717054,0.011672905298008018,-0.012728657497567575,-0.003535456404031301,-0.023247394620280915,-0.01744122385514668,0.029206966232371734,-0.05897480663607002,0.0070571786848061535,-0.007855096708202058,0.013094544215131343,0.008106091297483964,-0.018879822441507876,-0.0033488858990695647,0.0028062776747521667,-0.01165837044010587,-0.024609413322762563,-0.015178091322667342,-0.00267106532742023,-0.01977025068199989,-0.014785084651764535,-0.0053037063642369375,0.008033246788944126,-0.008509731731231263,0.009835165883532504,-0.009772666675124775,-0.008338644860802269,0.029879909600833976,0.003446086001908988,-0.01943918617944007,-0.009149990086090298,0.010090311116740303,-0.01579693721423414,0.0012274986889471151,-0.010533121085988917,-0.0007993494251170574,0.018445117143237155,0.0025900253607331614,-0.007670475268426458,-0.014281569179857012,0.0064676203622475725,-0.0027969825313398644,0.02169985100450944,0.0032896525364547458,0.0008613156497423446,0.0034411457519727406,-0.020939878789674182,0.006964820771978353,-0.0007647763599720747,-0.008331709007527444,0.001923016815716494,0.0045944249251697045,-0.01285346503427709,0.01608993012565918,0.005426217719136872,0.016863635694684298,-0.02452252717836778,-0.0008783627014414819,-0.017103568642457212,0.00016734393565087657,-0.009108846089723954,0.004379981525991283,-0.0034783577476513727,0.014055546169934985
2025-03-28,-0.02688865867986312,0.011828863703832404,-0.04005473254965519,-0.004487720915889781,-0.025446895116782997,-0.03703916727369361,-0.015271150564423408,-0.03137839537036857,0.016287235361786223,-0.008966927079848475,-0.00047038920058994904,-0.013278233717275434,-0.018506635344069267,-0.03562325881282469,0.003774858294465666,0.006530599910350432,-0.044241331838974496,-0.015000259717218967,-0.012252154198071352,-0.009345293671309207,-0.02727360398479739,-0.03572171575805605,-0.019915823783671627,-0.025030532509236814,-0.016294396471627337,-0.03501013591267377,-0.032192939126476805,-0.022928394995314072,-0.026505704868450053,-0.023334415706718126,0.020302658081058578,-0.014645327499911431,-0.04579080282664272,-0.02333998624468503,-0.030302960063232298,-0.02414548245745074,-0.019991014551591135,0.0009568791874974281,-0.0036368308640115643,-0.019824147007641013,0.000548511323294143,-0.030466235660534302,-0.027537398412768255,-0.0041497515165138665,0.003237435504587438,-0.009649716587850854,-0.05277479779036032,-0.02701262858354525,-0.027545681919663778,-0.009811175803341676,-0.028090120625448467,-0.015343872704637995,-0.008198420670839646,-0.003589682613044154,-0.06300796341325654,-0.031022426576020834,-0.05258701943660782,-0.018247487585583144,-0.024834457433665413,-0.02035675656444802,0.014179165994721465,-0.013366096304282316,0.0019691749328325514,-0.03220839883235449,-0.0007097196079834944,0.0038788255748807288,-0.02650601314470169,-0.008589026999314076,-0.01063559354866328,-0.02886508491486861,-0.003114261375083416,-0.03239421836140011,-0.004544140264224339,0.004623329389666253,-0.017658471008052512,-0.012161281674396118,-0.05133765935070578,-0.05125853838615324,-0.030511246934314507,-0.00212598649147111,-0.01293391525646026,-0.028413461331274092,-0.018336872448626806,-0.023871013168026423,-0.027643637966061174,-0.009772607371040465,-0.010215950254130135,-0.0403724107796517,-0.02838056362445318,-0.030967324271808927,-0.02233620867821795,0.002571460153617089,-0.022837535857926028,-0.02332522893762423,-0.04064428841379453,0.004845587159894027,-0.005625881943537081,-0.012694600281982993,0.001767535185808633,-0.0018176530894127296,-0.016430031028494163,-0.03243268974600433,-0.03142832080814628,-0.030897267740882306,-0.018334455403108407,0.002512158792771224,-0.016761272089739876,0.0027965462083727743,-0.007837792925299958,-0.04514435260194016,-0.003550878858214368,-0.025127651822681507,-0.013884879885887713,-0.004139238494713204,-0.023896742905849422,0.01922954166214108,-0.03263746451107963,-0.032409550581890656,0.0013871117841333103,-0.03294461192572484,0.005540570020536428,-0.010251634839548274,-0.035007353343302405,-0.046915914972611716,-0.03916684945598714,-0.0045904944545487325,-0.03664483607619928,-0.021210801358394704,-0.018473786756029398,-0.03794114709090213,-0.011844628566648474,-0.010093582497528786,-0.0025246364640700847,0.00807472983957469,-0.0036499606279791763,0.01546053380710255,-0.04153066801754246,-0.0026361029930326296,-0.0006228145033917443,-0.018392926646329855,-0.004579542026939443,-0.05456998920722622,-0.03381494577670452,-0.01267305562086296,-0.04828273009730122,0.0038552710135633106,-0.005570269062572741,-0.014685536850578274,-0.010501711474945274,-0.02920844046353821,-0.024321749255275193,-0.024793249711039245,-0.01733541794047344,-0.04330189013552843,-0.019688968888433855,0.011401555573444355,-0.009753190606294204,-0.012550444332939392,-0.0051711274300014765,-0.0084793999559718,-0.0019606357238166616,-0.01248036398289365,-0.005743387052660864,-0.02333620592550023,-0.02054191240655001,-0.02168665391067659,-0.012607780134270108,-0.010257972080019329,-0.004132647834474312,-0.03618895642439757,-0.025327730270227278,-0.03075111826003063,0.004652755484809035,-0.01596073064482706,-0.01031267324474161,-0.03080907362584373,-0.023133132727514383,-0.020518314918095193,-0.018915891428491705,-0.001304730447464486,-0.02441881356128839,0.02173216193011296,-0.02301710589695194,-0.0050404775298806825,-0.004443631574878815,-0.006158352164313818,-0.0016182364183841003,-0.011007779567146159
2025-03-31,0.019277845465323296,0.019626656943057874,-0.010023466492980582,0.013447051488925332,-0.004407680910825995,-0.0005335461163245014,0.015406798329716587,5.778886840346331e-05,0.02058720059887964,0.012498655130587899,0.013295135562046312,0.00200654382216392,-0.00019270093342882433,-0.007594584435197227,0.01479778085427963,0.00887354187773326,-0.013232178355722546,-0.00791765679104639,0.01175711865681972,0.009384711255635558,-0.018954557090018476,0.00048142619904911754,-0.013131172870814112,0.012663240024086697,0.009754993390862055,-0.018145232258237165,0.010640064728156595,0.012173677115266734,-0.007159069588709599,-0.0013790478861066546,0.0174981872776101,0.014925474187170273,0.011457663496173609,0.0073827631874507915,-0.0012377033720465391,-0.010847636264290195,-0.020087066812936705,0.012142914280474315,0.009777432047004098,0.008066530281825468,0.010776221624256621,-0.002758049231441184,0.03144800921378632,0.025793530887696647,0.009132162073507644,0.017271644696174704,-0.02161543011845124,-0.00436747155681072,-0.0141935942000595,0.01289234177293963,0.010288169900058541,0.010758885514447591,0.007526226126436164,0.00697524450305842,-0.0015236087495225092,0.011608941956719576,-0.014210653930874173,-0.0034259771401004002,0.00554753737638336,0.007840532243378995,0.020542551630833294,0.015202521215106124,0.008682127527519512,0.00812735918214269,0.013345621891343029,0.0018158845677045399,0.01616105416472635,-0.005978510752276289,0.024890663924857392,-0.002410067064865906,0.011331722702045965,-0.0014680156672728373,0.003414576033168082,0.0012949701517870338,-0.004255794429667059,0.0063866032979515985,-0.00013530991598464936,0.0007316488235726837,0.003984296462737014,0.008258801895650869,0.022792404818222423,0.007407436083743946,0.006388957521228811,-0.0026554115492753994,0.0032755449806449732,0.01816250178082157,-0.013546334313774722,-0.0010838802834345351,0.023451948329590522,0.00811338193461797,0.012108570971848032,0.01194924954376475,0.008668940541976866,0.006248073448495539,0.006961846263131122,0.0055223923513834094,0.01722552867296656,0.0135952602696916,0.004870897929683871,0.011724546547735137,0.020692895797558286,-0.0013453235155553855,0.013257524333527115,0.005019551121023369,0.016784453783218467,0.006280609839761198,0.008874927912601471,0.008424808369075443,0.024682000408416727,-0.0019745049111259405,0.007391504794018289,0.013273716284862402,0.009824456551793759,0.030088851917403403,0.009379840522468541,0.006715344469052198,0.010240130250336321,-0.010827783097615118,0.010932092834757157,-0.019033003568132756,0.005787184938358614,0.00032628067523043924,-0.023335581173649977,-0.0034463179670112254,0.0027233443033480853,-0.0017645638085665993,-0.00178631090271697,0.02575947117011168,-0.01438538598985506,-0.011232870606255219,0.015713614486723593,-0.012763287533017476,0.004630045768440283,0.005253300212998635,0.01451230556050298,0.015093439823314014,0.009542591628540542,0.012135609190692342,0.02115754096183675,0.021804623460218053,-0.002694743869726679,0.0023468458000062142,0.005794861212506497,-0.018712527611004504,-0.013159618124729988,-0.0034712280146536045,0.014634591407550523,0.0038151152252901,0.004569859959424605,-0.008180825209212372,0.004444618940773637,-0.004220966293602579,0.02728738796189667,-0.032134633789540956,-0.02195676140149505,0.008215433086297352,0.010655602246867346,0.010637339531458956,0.022656814510961354,0.023172574400637025,0.0022910737969867867,-0.013517198895939053,0.003782309489744229,0.0165410041491012,0.029143426392598926,-0.004046781542926148,0.006654112958619507,0.009757383662869934,0.009408520611326132,-0.017281534483278627,0.01841672868610278,-0.0006494197762476617,0.018862743188660325,0.017824831253030915,0.004927853073662725,-0.003630855971179514,0.010515807112649433,0.021675185505245942,-0.015203431056923122,0.008887695843877275,-0.020343278333066372,-0.002714986145867293,0.014667352841988723,0.015402488302181716,0.009186757106308896,0.029996240291134235,0.009881017274175896,0.010031216727001357
2025-04-01,0.004811862478021567,-0.016402331163496875,0.014515715120218431,-0.007707876273275183,0.00039948380625176583,-0.013503016082461627,0.0032044614755584178,0.01008447424454939,-0.009050313857009051,0.011186920333162043,-0.0037714449067296485,-0.0580440569579892,0.003107888735342179,-0.002544178694227739,-0.015049633923190697,0.007874651435355595,0.009603515888139569,0.010953111635324753,-0.00038580386552133916,0.0014498624236951585,0.0034683118116616285,0.011015876016345238,0.00340113734108094,0.004606580493212498,-0.0011348735441192304,-0.01614503975390491,-0.006697132996503097,-0.0029470551211687734,0.015724369955895767,-0.003685453547766393,-0.022427648274401246,0.003305684230565653,0.020813436016320352,-0.00831682148295343,0.0007608024732439489,0.015773172267790514,0.024383672979078064,0.0060941289887459504,0.0024737514754846757,-0.004440431378904819,-0.01242693719294774,0.005197468975916664,-0.00730361962579984,0.00375335731567894,-0.003726471315079749,0.009153423015864526,0.009138088454899052,0.008447029389952121,0.02598860328475716,0.00047988826282541197,0.0030860351889403503,0.010776902072380246,0.0018708206861210996,0.007042620444077663,-0.004316273803790516,0.01867935182978453,0.0070658496125570736,-0.022032711394233573,-0.011243920926077955,0.018579692983604623,-0.008075958125265181,0.002212732497625325,-0.0034021374274901817,0.002242998300241439,0.008627300923491177,0.002397401024489376,0.002858767383997929,0.00795859245626973,0.008706800111824897,0.005365983758460757,0.004114995630720486,0.015205043353846648,0.02906004095354131,-0.007923888493051479,-0.007766226766151352,0.0037954721976394268,0.015595835320506346,0.014316741963250834,0.002110911268451865,-0.0010792443285989606,-0.0028771596891674633,-0.0018987948199589155,0.00770426184261197,0.0127149410765508,0.04224712221978866,0.005977511036699745,-0.006688325051197985,-0.030576628794633187,-0.0017405425282266407,0.003362182783045675,0.0025127671920150974,-0.0799305600053204,-0.00807722378824316,0.018844721553285204,0.0017049260348001027,0.0033975358168207848,0.00310280047013034,0.0025812276473509144,-0.02461207571697166,0.004281387480613574,0.0031925459640627096,-0.0007971621190021594,0.00017297822354045422,0.00017912856656021603,0.0037624131586859733,-3.219596975245764e-05,0.006190215072467531,-0.0034095698239307026,-0.015810822984374084,0.015271783195791144,0.0005253585848903342,0.004923957224787223,0.007328794499128044,-0.022269199429663544,0.0048379050675482205,-0.029059812545564334,-0.009314732292857286,0.016167125667693405,-0.004304160221401787,0.018076963362910092,-1.5930855091994545e-05,-0.0036176616828398345,0.02227410613881098,-0.0064919750354750505,0.019688976566614613,0.0007133887254280324,0.01942974155094568,-0.002213746408718187,0.013646506348347742,0.01144024477570671,-0.0017472065947927717,0.0035026540814362406,-0.0016509332797731702,-0.03196990687835388,0.001209976747380992,0.004833695076873035,0.002225966368444965,-0.0029697724978108297,-0.005630163398088861,-0.007024909460122686,0.012267273142999358,0.013755771858321886,-0.003668162345201509,0.039859456842763485,0.010163894801910267,-0.026090650119234837,0.005994179324511961,0.0011529056666050863,0.0023192952767097097,0.0035524700817441968,-0.009400779319972408,0.012141569296280963,0.0038254017814765007,0.02085189376562191,0.01543819654397982,-0.0021572111778773717,0.0021038209548898124,0.004835270973491568,0.002348792077109252,0.0026429369431966165,0.005795997914635809,0.0026509282338711415,0.009547078438779444,-0.0035332372319945016,0.006750786413994625,-0.028757256463451952,0.006795823509323284,0.006898601235322488,-0.0004363876062436489,0.03477212630542503,-0.010076224422413738,-0.00037769744347304623,0.002828883224685441,0.004289273970210061,-0.004736191933440992,0.006289339759650403,-0.011155040732308663,-0.01207492002386168,0.0007339852161214466,-0.0001963582108266415,0.0049465451241026415,0.004771172755114961,-0.007482450329224122,0.009574315446830184,0.013066044308831515,0.011239902048751027,0.0006642417128874811,-0.016147230665916723
2025-04-02,0.0031827034930227427,-0.0060186061292597515,0.013500243254564559,0.0013761243396501754,0.00797042495649869,0.0009771852506075263,0.002152486433868006,0.011877029114497617,-0.0065173676679961545,-0.0016832453921500345,0.0008443211885493795,0.03858466731153154,0.013640180238022381,-0.0011836594263492373,-0.004059991229230953,-0.007588386770121858,0.019399920274776328,0.01905527467786694,-0.006679125815621134,0.00549105277079498,0.02349782892939345,0.023137322708334906,0.01787518593432047,0.016787017307915875,-0.002315524636191668,0.00022451872332585054,0.007710079815211657,0.0036036214725045923,-0.0004869162414209427,0.017490590314972465,0.002305265625413,-0.01208038895946384,0.03290560820741106,0.015189541539874618,0.010725499246103887,0.021875300263730857,0.03408343970445138,0.0028090161186344886,-0.0033929665433367617,0.006476964300880628,0.0002798234419794099,0.01366564421595573,0.020714590523848386,0.006950706322080613,0.006263259447534253,0.011208669066001598,0.011682429232229286,0.0065609690972951995,0.023401234701031726,-0.0006539956237707756,0.0061029658153723965,0.003297207504646238,-0.00019519808943702088,-0.012403638744467926,0.034357752227408334,-0.016429642192389515,0.03420934439657497,0.024236424810426982,0.001189388534936775,0.017348376765574436,-0.006302081984587815,-0.003143169542001445,-0.0059190317121693425,0.012867730964847723,0.0055640647939547705,-0.0049234372084474565,0.01861184288736606,0.011077602213905191,0.021853649757382243,0.015596165612167923,0.005315206460970501,-0.022741197841938288,0.042598576830732426,0.0044385248407552425,0.019211268687760796,0.014036876712657076,-0.0013499620664205736,-0.0014660468245288882,0.02452578204227951,0.0021529528317438817,0.01435752078220709,0.017167075487099837,0.011537371771387583,0.012995493222262233,0.005089264222499779,-0.0021949739468620777,-0.006957728026886656,-0.004263519426757512,0.010150832663049059,0.022471942202429318,0.014621057127049752,0.01269667861477064,0.007456681333710691,0.025375516335605752,0.0032502346681404504,0.009976835990856081,-0.007923844367662802,0.005129622850644111,0.016749022444665584,0.009354488287265816,0.005266258256708234,0.010375881331437853,-0.002600777271526411,0.01798174923846485,-0.006820985326329243,0.02795263953184346,0.004067796921838784,-0.023182432829244703,0.003725044591995186,-0.004854038997133436,-0.0008280638036435306,3.2727102629692695e-05,0.003887596016491024,-0.030380575959716882,0.007030235842313992,-0.005193542270010454,0.0287318186248795,-0.001915854718896881,0.0021526122342026,-0.0038935683423151346,-0.006662247166484114,0.00524561604600704,0.02933976441367392,0.005629666945202061,0.0028092797871117625,-0.0032076867598407333,0.01549510779755714,0.007049802446202236,-0.00010490982576882857,0.023562925292999637,-0.011585942676441974,0.010440665412880357,-0.0035300075238957618,0.006608683589533815,-0.0058452974366351995,-0.010500947635633473,0.029794701973553828,0.008030332759342507,-0.013809522959514986,0.012904380080954958,0.023347465197125494,0.016573255011637755,0.006691445987184075,0.0046943418823692795,0.015910494099955486,0.015294020445775658,0.00645864645897376,0.00046842261900525983,0.012834165031227585,0.004168603005724414,0.010197888720743009,0.01303551074708409,0.008656793833372589,0.026794129326612293,0.005009971173717709,-0.006421704917785931,0.023150432639682528,0.0058199778222247645,0.017279268683237703,0.01090843769339589,-0.013261268239423085,0.004828120403698399,0.0008929278880724922,0.012709233345498117,0.017074010391429084,0.013615288298981731,-0.014974060107882714,0.007812637547616852,-0.0009280299451175367,0.05141249739725051,0.0006082208444508908,0.018316395507303795,0.00418543915129721,0.005784673371561411,0.01048955780421501,0.020072935787021073,0.028814744888826738,-0.00033616662994528923,-0.0016829888363245615,-0.014840811051468616,0.00433378632056769,-0.00831088030952376,0.012460507964776824,0.003062372354738052,0.016465058985055236,0.009877946102616164,-0.003373278575895533,0.010406524441935794
2025-04-03,-0.09696208842537146,-0.01822151829282692,-0.07440152526081967,-0.002720779174234522,-0.047964193300995106,-0.09951045135356473,-0.006102862228883232,-0.04165788395193104,0.011763042110511712,-0.004723666921479186,0.0011923074096289454,-0.02144423340528334,-0.08708256618789978,-0.09610910998381517,0.01340700471770262,0.04559662765675032,-0.09446670002074509,-0.11954745603096395,-0.004087338167429344,-0.0403277255411334,-0.08413608485848822,-0.13597724948391487,-0.11408808183653996,-0.10567150236948919,0.003160725169959022,-0.11269997275689647,-0.11817474165444875,-0.054285345811611485,-0.05350435393592434,-0.08141722109398852,-0.02885489485069348,-0.015870109269292776,-0.10437331491066004,-0.13135708840972615,-0.09188578701600036,-0.06402313359889078,-0.12144775041663536,0.019515988699225773,0.02619360205577692,-0.02416118528251543,0.021062344363827812,-0.08103804219942479,-0.10614690765153512,-0.10764055475418122,0.03335521240218675,0.002150776218631023,-0.04907739213433482,-0.060330429335568425,-0.06850109573363383,-0.07007504757118532,-0.061290374593748975,-0.019019991002139136,-0.00977917753346258,-0.06441407746042227,-0.08647046382292523,-0.05160461428754637,-0.21233789038104423,-0.03531652933037854,-0.09776110694806306,-0.05289729744396965,0.02927859904609864,-0.014315485558404895,0.054835396869890474,-0.09152460035950405,-0.0803334222971106,-0.017123375996029644,-0.03598284452705869,-0.0650339269501572,-0.038384497259714934,-0.09109968186302364,-0.025124077356612595,-0.0655126281051448,-0.10987505211688386,0.003430563700659306,-0.09827134415165739,-0.04540226745395204,-0.04123067561941873,-0.04235165101697369,-0.09847285874891654,0.00446166472917664,-0.041454540349983304,-0.06312595332278725,-0.04435237634748912,-0.07174317831921684,-0.09090891186500949,-0.02706079097644043,-0.01785790275860233,0.019182553705276995,-0.03810811593244168,-0.0236762617446038,-0.053096616142112474,0.0273255814328488,-0.07360129726510145,-0.16487366870660125,-0.10231365499417944,-0.04248069885483252,0.02522345359846767,-0.005906921696896994,-0.03550503493147428,0.0041788460711416064,-0.05590547335219487,-0.12590541021681645,-0.031767552197431215,-0.076827865386635,0.02098094133107331,0.03211167671602233,-0.06285594496616831,0.025956197925549596,-0.011423567401796397,-0.0951675592071286,0.006581450179091952,-0.05638208286368496,0.0033557476574124223,0.011827157231115493,-0.1415009465645971,-0.001634715207619486,-0.1012185168470694,-0.025698889576110773,-0.003553801597831807,-0.17813540594252242,0.022840474692202406,-0.012067087230318574,-0.11100772786967106,-0.021972303183263264,-0.15622250073842636,0.0044076173062741475,-0.06229818488839278,-0.07887706417534623,-0.08383410013626325,-0.0646687575268885,0.01620318922346442,-0.047772280103293596,0.015127258996365356,-0.016628763469619834,0.017295266635286133,0.020986031835706243,-0.12314817669970157,-0.10050852647667607,0.03549321887656731,-0.09357725036191766,-0.0504777092908677,-0.08366981372147286,-0.09999709636858167,-0.06201516487070613,-0.11972550807793603,-0.022751716115380738,0.014250950834296283,-0.023961405133746005,-0.11807255009597917,-0.08524889119241408,-0.05006888567605117,-0.11709304015383992,-0.0375991176628947,-0.09745024152608206,-0.049525880823425794,0.01296377366415502,-0.10683540282789394,-0.049470559529324554,-0.029845389926938637,-0.025147868072406432,0.014963534989267835,-0.010950280501177634,-0.026798805465610975,-0.11550888185015884,0.003220095110824772,-0.03860387359205486,0.012466287842036294,0.001622857778301956,-0.006007992621949398,-0.056785845570396454,-0.0822799931074858,-0.06660937520973409,0.036452258354827016,-0.0623291666972845,-0.09400429303425994,-0.09107518869588649,-0.10370945263724352,-0.020520409101695947,0.0019740196579478564,0.018841029989599356,-0.029778169338689153,-0.005600413068171939,-0.09640233212241522,0.00940534903560497,-0.04301322318721912,-0.028784227661946993,-0.05427583780734935,-0.023445607034050298
2025-04-04,-0.07562899769034459,-0.07635831377651403,-0.0660687783462226,-0.05661599466812994,-0.04951007163878707,-0.09539466441432776,-0.0652393970091012,-0.046913598667665646,-0.044140568336371366,-0.09156873719194358,-0.07559542064825298,-0.11001304284909086,-0.06585850927373382,-0.09254561044993803,-0.05125981903114418,-0.036324299797533044,-0.0428060790317808,-0.1038259131005077,-0.04782004278493446,-0.07185514561252404,-0.06248499716948519,-0.12680081540174637,-0.05451461538797098,-0.056130253523496876,-0.04750798563212477,-0.10179182033563094,-0.08000965252386338,-0.08795788606755739,-0.03937547296176014,-0.07722975338037852,-0.03231489101016871,-0.09384237905038528,-0.06302887955881342,-0.08320395255757695,-0.06113357533765207,-0.06817921883716771,-0.10846757791306239,-0.04854999698979867,-0.04592061209161624,-0.06730433379875445,-0.05404899207195246,-0.06281720527772272,-0.08694406908695473,-0.09855481311030445,-0.03992680106433255,-0.05366048631967857,-0.06966026951040893,-0.05675046812820295,-0.07847356500427871,-0.05051825813662836,-0.028907461413676394,-0.07406263894102771,-0.06023762271555633,-0.08604781060576183,-0.06666595035180833,-0.040628906981846846,-0.07705550900382807,-0.08430788157944047,-0.06248700256607531,-0.026272884426701282,-0.04281933117630565,-0.05185785405630039,-0.052153517262142124,-0.07558874926443426,-0.08071117862657218,-0.08145587321012293,-0.044055436453095176,-0.09226315248176498,-0.0847660253669984,-0.05321861677719575,-0.07710433943213069,-0.12043446886700515,-0.09637634435185305,-0.04784051718944671,-0.08170570095092566,-0.03927618726776272,-0.033786706159514956,-0.035835645745081024,-0.0842003016937296,-0.052992866249356396,-0.0058905298750469015,-0.04074217243620204,-0.0792426962694126,-0.10983652110861364,-0.0897561115405634,-0.06876959201922883,-0.06756912074729815,-0.12327921607043013,-0.06520999283300721,-0.08985324043115206,-0.05993783287455745,-0.043020523020194545,-0.07915574995405006,-0.10027222108744027,-0.07621420615364993,-0.09184660341343243,-0.045809233082223955,-0.06520047471959067,-0.06590626388165433,-0.05107084694159081,0.0033081278481308374,-0.10128836680623898,-0.0805167321864344,-0.04571613591878165,-0.05901420601003693,-0.04939412994010084,-0.09509380426129344,-0.024153050514232,-0.059139733895867685,-0.05322064342976773,-0.05867734702733607,-0.09688177578329782,-0.045558166762801555,-0.03350678046364619,-0.06185369825848497,-0.05784377368520133,-0.07932579698377307,-0.037998897687868904,-0.07985774671355994,-0.1412315804233133,-0.07569902399630735,-0.09360518965674602,-0.1046717330918403,-0.07108699635772187,0.029329947304300497,-0.06068951197361372,-0.06987553748381536,-0.04665916355863242,-0.07897598474000844,-0.07120083780250752,-0.03794712630996688,-0.07323474043976841,-0.031799735327072476,-0.05576594112201416,-0.0510296201039484,-0.10759776511487917,-0.07461427499940321,-0.03355700988563903,-0.07485848036953424,-0.052687859711710416,-0.05342177218098687,-0.05483086124691994,-0.08970423591873278,-0.10011198416502864,-0.061300114308505016,-0.06138496097896162,-0.0542574286475368,-0.10507654945772682,-0.07145600105190919,-0.10203480328954129,-0.08235509891086767,-0.12138603269191428,-0.02565868876500499,-0.07133480177904516,-0.07452598728219328,-0.040637438197504316,-0.04790608708711375,-0.0809892788832034,-0.0714848107658046,-0.06280375799997717,-0.07224405831677583,0.003539826684739289,-0.09725036609445503,-0.06303740184254858,-0.027190335920826314,-0.06969838315071364,-0.07674647091501807,-0.058645146921723956,-0.0832615517686639,-0.11051984872778675,-0.08174085996828495,-0.07998637464005665,-0.02485751235539002,-0.04863986839925083,-0.022442652346748915,-0.04815532568343439,-0.05228915881694718,-0.08080977745943407,-0.018692070481438172,-0.05908603673349466,-0.04957607283203913,-0.0631803754732676,-0.07487002635389395,-0.05057956305100575,-0.07895860810861244,-0.048301996579231066,-0.07493626348438198,-0.04999653071066046
2025-04-07,-0.03737472438896372,-0.00296436115688703,-0.0031606767247733814,0.0029249535787423397,-0.02300988836528095,0.03905235057238077,-0.01740485097199329,-0.00831975040901245,-0.02902725223114544,-0.019687797905199034,-0.02639811722316665,-0.015693251527650887,0.0448211561306584,-0.027964299103749646,-0.016171226498093105,-0.031824318841495725,0.02422165516064201,0.05535862235982325,-0.030519672828929423,-0.016366750966662735,0.02634819171796643,0.03392777216689424,0.04918238132966746,0.0018698852848251235,-0.05031118581554139,0.01439064987456895,0.03308864342461204,0.008829522037367532,-0.010469468048404096,-0.007390076253336986,-0.0005251470324036944,0.020048744268696517,-0.003685597001873653,0.010352204539354481,-0.02980557426429442,0.0024171603136826647,0.04874883946613551,-0.021949462598648495,-0.026975728424246448,0.003142091221819854,-0.009110973891009344,-0.007958001955256755,0.02560361014679735,-0.006974672806244087,-0.01513156068727195,-0.009072115702015715,-0.017265382888639547,0.015841852398261302,0.007024846773474813,-0.0033639497678903396,-0.0050645874487602605,0.0005587854631095013,0.001461747716511752,-0.022311160742182423,0.01666263827983272,-0.015783858330146394,0.0441928035342789,-0.00563498642387561,-0.003613206193418428,-0.00655355896412857,-0.01822811015140413,-0.03253197038506528,-0.011643783640868044,0.024026334473749245,-0.013449173649396684,-0.03457147000428007,-0.023502762880925232,-0.017652598176503886,0.0025715993743471444,0.039218939133029096,-0.010955137990084296,0.0025033499027804496,0.04803505826855048,-0.017290205286340843,0.011216816802710916,-0.015905095288464288,0.008877655312327093,0.0065921316799411045,-0.013156253607384372,-0.007709465075429911,-0.03586443801465933,-0.023522009870331928,-0.018947762427348636,0.027287191560971813,-0.014321464497551784,-0.008257095246498203,-0.014240015433143682,-0.015290140820328979,-0.010864120592787074,0.02747651467517631,-0.017345526052603866,-0.01822297832412101,0.018220952649774524,0.049663281860016895,0.045372305132529434,0.0030569385475822664,-0.02294236482375034,-0.02854481357632732,-0.019064284678409926,-0.0031121000025899903,-0.02899673038232553,0.048709452428534306,-0.00925382597456803,-0.005690527478126484,-0.0009962923758415343,-0.03250751636747751,-0.011492398623768274,-0.01687863985476845,0.002804957520714524,0.021252021223413742,-0.02781544950502024,0.01226332833958832,-0.0009923986490294467,-0.00890227345253125,0.0032678554043350516,-0.0027728532410433715,0.009547769253953398,-0.0073026569528247265,0.0023204700318038007,0.05221113405867772,-0.02847763049650265,0.011449683863862692,0.009358753208661419,0.011857241397976281,-0.029338728665302405,-0.009581886049053523,0.019256783863606408,-0.014947625573998202,0.032146930893400594,-0.012371138479169375,-0.042350731866622304,-0.007801486632728505,-0.023451966402346258,-0.014802797661796596,-0.0213418108696537,-0.008920439730560226,0.026422436923689396,-0.03842389573324034,0.002451647777114374,-0.002471094686913311,0.021384046698531556,0.003550464027991751,0.0175599323432305,-0.013572401836025705,0.006266660349050213,0.0002830251739371903,-0.01968362486881503,-0.0028945998304035214,-0.02501821363170187,0.011870661426456763,0.01251322740063987,0.016016345677854815,-0.028370496285488045,0.001889453036591604,-0.01976269676015452,-0.020270876949637362,-0.018971518750737992,-0.03007443613143934,-0.030808847139539353,-0.0015049170152821034,0.005855699031067196,-0.013702893590951781,0.008777396504808799,0.009640919820556704,-0.025890556669288856,0.0009933115089220124,-0.005863045307864745,-0.020806382939249524,-0.03615601039120264,-0.02646290511452598,0.016578574956297665,0.013500940341368839,0.0033654803895037944,-0.015187046899199252,-0.020326551593291775,-0.008834124943170707,-0.0012543182986077817,-0.0028685276707403062,0.0007726240081993296,-0.011150064413934402,-0.007743394142713633,-0.03310973507567905,0.01855277969584357,-0.021044947096055644,0.004720812156076892,0.007126709980747492,-0.01376863283350982,-0.016851342016464876
2025-04-08,-0.05105066798099678,-0.060861172499814487,-0.005534761210586936,-0.007759409586225452,-0.0007964956091139896,-0.03219925934769652,-0.016082201148894804,-0.020407465293208915,-0.003639067556716391,-0.0023839313366273984,0.0023868789207153185,-0.041537739255095296,-0.030324745558752753,-0.07005780649048532,-0.033170583277347454,-0.04231704136947556,-0.026982602339273853,0.017323986634621313,-0.01105619073835662,-0.040970060204624126,-0.017546054429767644,-0.0168797131074232,0.009099051254724877,-0.013106884977275968,0.004670086782368799,0.0017176450003235644,-0.016508092381068984,-0.009749005816040324,-0.02039863563352462,-0.0033263588154612833,-0.03770400568191823,-0.010137001156201642,-0.03799665092193205,-0.0033181238293469306,-0.023665965933198585,-0.010978319364896016,0.02663113062555844,-0.004893204100865134,-0.006295726444734306,-0.01855274720818878,0.009621530652720978,-0.032415990021313235,-0.016375184102288998,-0.03553030743163621,-0.0006591125105419593,0.0007630023664155772,0.0008344787209928484,0.0007127915714670863,0.000667026628879519,-0.023655071832233254,-0.015520304524643258,-0.002803206733582364,0.05599675651100977,-0.023467288848933343,-0.005712204859544379,-0.025299642475298256,-0.0344424493093074,-0.03295689647233324,-0.020005618729003416,-0.00460493084214697,-0.008487199999119177,-0.02126921457161135,0.020026476895641743,-0.03054769440380234,-0.03764813284232016,-0.024056941631034334,-0.009412151656447598,-0.013503677283824622,-0.011088604927531165,0.0028188839661975607,0.025178509789507864,0.007091191665818286,-0.001450710182349546,-0.023356689260321417,-0.01342505522531523,-0.025500019725307688,-0.019208523081626794,-0.015342739435607378,-0.008927924762711648,0.0061061540648497115,-0.01875725764872449,-0.014820541750078853,-0.0251367585039608,-0.013033259899783545,0.0167515248047736,-0.022018517211214395,-0.02060321560302736,-0.07751366762036138,-0.023520459416210393,-0.011840444000883465,-0.015442099863929748,-0.005102372994133297,0.009898979381118167,-0.03181740081216411,-0.01068786618829698,-0.00642807492354347,0.0003492891237515394,-0.030392132613810574,0.004207932478097476,0.028661838439759002,-0.024644034045778085,-0.03443626237995545,-0.012139477411547972,-0.010543065832752774,-0.0004632552718701888,-0.01497541344833131,-0.0036949148712928093,-0.01855691049030117,-0.015839038257747795,-0.012613761921138611,-0.013258657434059629,-0.011448187641999397,-0.038982104314452926,-0.0033613125599258886,-0.027489034090704578,-0.027061109008295503,-0.007374321986669763,-0.011049270817826695,-0.02119600060173088,-0.04492623118504113,-0.015148441556045,-0.0015981195465197828,-0.01303489954076209,0.0009253024891222594,-0.04326401926847856,0.019952990022225947,-0.010552633699870917,-0.009453051303091264,-0.016371922369106784,-0.024820324486538148,-0.015275837244898227,0.00017415616434401926,-0.02023789099176998,-0.03542338533695677,-0.011161115994481996,0.02014140763414307,-0.012748613037617318,-0.051595614779254895,-0.014903179143111345,-0.0207364142638653,-0.0028739547427791834,-0.018507832317415485,-0.03980429000359553,-0.030674226345815736,0.0007613574158522596,-0.026825990813923895,-0.016711163296193376,0.02462534955067408,-0.0029895030939099954,-0.04957669079329552,-0.0031493961606621212,-0.03169209459093292,-0.029351441863461503,0.016663731604164234,0.0008506601344304698,-0.004878530808428927,-0.021179276247501377,0.006826184323974083,-0.0024860881020174475,-0.023522994911922446,-0.01778683516175672,0.008448465573104524,-0.014977648283169387,-0.0066495812127160825,0.006752128580362005,-0.04222681287909591,-0.0015431811959603081,-0.00794485500901665,0.01074183274596141,-0.05071985421412073,-0.053792313563110206,-0.010881961788597572,0.05670851113039088,-0.007769072261977428,-0.03691268202182307,-0.018023294916779342,-0.011368481792761731,-0.013330677654669998,-0.0037264435597643697,-0.010312972957827515,-0.02210861461542546,-0.0182000974147547,-0.0022223934825635894,-0.01894361114276144,-0.009922739693912774,-0.0251728529823243,-0.021565786854503166,-0.03132653719470113
2025-04-09,0.14266870042620727,0.022691258386069002,0.13814162490925863,0.024179150440405195,0.07122523533635938,0.16771484826839167,0.06267727001902657,0.0977816451051341,0.009729607445776445,0.05386472881598703,0.038925876370005774,0.07731076810046122,0.14872503148183736,0.21072914521134578,0.037837613146171734,0.013139020957125602,0.1127382459966757,0.08740838029402909,0.03614303474965119,0.08363574602233736,0.0930444218440849,0.15196643874596116,0.16803007724653707,0.12491849767564656,0.02023529779152078,0.14091814265773284,0.05782972455048352,0.07482910877542892,0.10184159177648056,0.093927404449067,0.014011893235227113,0.0651848183018151,0.1339685481608477,0.08563484619526918,0.09266323491346551,0.13161259633400402,0.15108652016190316,0.01943984811596078,0.018571624183951307,0.06927996828655303,-0.004398718280906877,0.10360848824932756,0.13682918555681844,0.10194884019791317,-0.004340627720125667,0.06033548408418277,0.09485431347818052,0.08485794314470319,0.14954511173799823,0.08783401047774708,0.07056870018499595,0.06992417325136202,0.035493472395649484,0.06411874970805265,0.12664227130554284,0.09103961115093284,0.1464676292306928,0.09490737862912457,0.11152832586043182,0.0680678227222069,0.002430221267494481,0.05065176888639655,0.012885486453151351,0.10259253407923641,0.08345320107073118,0.02047274805478949,0.07554755948553282,0.0635958086193198,0.07627241167687249,0.12654579006418576,0.0635361803412886,0.09764784849781627,0.1259671113396923,0.01873832912885831,0.09655204040680454,0.07285671030654495,0.09298150873106348,0.09114102836852478,0.10991514749157538,0.017335615758950595,0.05814217149547307,0.08206366374411811,0.08479433371838763,0.10814713511807916,0.14746400349030697,0.061849414626343524,0.03284155695449531,0.17079548450834015,0.09056912924186111,0.13458866112964074,0.07239257721903058,0.005468226352554062,0.0761059166311373,0.1556872869516388,0.1574847099657246,0.04032368269289277,0.021733556014914335,0.07547758170654006,0.03787296601569512,0.041672417480196344,0.05279908114986487,0.16314149277927914,0.0724284523232841,0.1002954255715851,0.01341739324340896,0.027512595799723982,0.09996154034749516,0.032251787167052015,0.040237728307239706,0.1363191089517395,0.04023509400163938,0.08354747211411784,0.055711318744754657,0.012732965562881393,0.10146981574509972,0.03759967837240463,0.10623962011028443,0.09473968568005642,0.05522677713282764,0.1697273173517253,0.05227289410611213,0.07710723594371016,0.1404069258539664,0.08069746650231391,0.10729896776456149,0.03907957861270983,0.12702924960659345,0.07204238756913472,0.16906762187555469,0.11144025296714677,0.023764479286231932,0.12562988761359417,0.03716293502287904,0.029437353377392395,0.024898291234355163,0.03700817449553462,0.12502102415884941,0.09014679834783212,0.015485036493278592,0.06700113954680909,0.09321510260456645,0.10869614937498451,0.14135607863114164,0.10692512870013937,0.14796277905363642,0.036584687480789135,0.05129301870576963,0.062279098489618434,0.10778351064323388,0.10901996783479273,0.07174355938900145,0.11766268504231547,0.06990488838357933,0.12208630080304328,0.11545147130741018,0.010021549920024242,0.08709005921725144,0.07058273517569269,0.06450005266053793,0.07296622057183733,0.001775717568391233,0.01927378953113079,0.06634350276042866,0.08389428526194065,0.04816281776188358,0.07957972023658044,0.03427875610432274,0.051416033689913654,0.04701801302698794,0.20400645678938645,0.1486629662328669,0.10844232522782526,0.04896833724178862,0.07107054038758776,0.08276887790311793,0.09973781063170506,0.07621633056977206,0.07517504028488098,0.021702779078126788,0.0162924662394075,0.09556468472682589,0.034632442985564005,0.06544454221410856,0.03584156710771502,0.03735003849896801,0.09066323908487828,0.04844969574787239,0.06200383792046171
2025-04-10,-0.04326729172325017,-0.03263250636205406,-0.06280273651866608,-0.02064079822439524,-0.03957439184187983,-0.09859894444684425,-0.008547081750421626,-0.025994111617235305,0.007490749657646845,-0.0059866871078559925,0.006084060680272785,-0.07618634069666808,-0.08044859928029346,-0.09073368347855126,-0.03389688634272847,0.003494811167564116,-0.0534704562766013,-0.04707813668844363,-0.011403001708860216,-0.03030669176798817,-0.03528955938418932,-0.035195269404147744,-0.075017051076812,-0.0614690830530531,0.009896088075961984,-0.03560327912089889,-0.03654943726105353,-0.036894700067958475,-0.027956419815557965,-0.044778929066400686,-0.06151071233026695,-0.043872552882038285,-0.07544292665543306,-0.04268238805263902,-0.04173457225632049,-0.04260629353056267,-0.05382053654356245,0.02252914773263992,0.017591776207467547,-0.04312405510985551,0.015760727613500336,-0.05210501644104859,-0.07695004778448222,-0.09388336014127585,0.017744274307623265,-0.0008315464076726897,-0.04141805102057905,-0.035453252027616955,-0.026608827746608554,-0.02782716606800051,-0.030391979463632257,-0.006739942801782028,-0.018910037690069714,-0.07890927114367674,-0.05722109542920073,-0.019257842775082246,-0.06616939795712984,-0.05904033387861318,-0.07118543306503966,-0.024661884112108012,0.003876783140613682,-0.022014036743323473,0.0034360719851402877,-0.04708555030122419,-0.08600214419501473,-0.025183138686572182,-0.033144632039443955,-0.04620698744824514,-0.025556830463418834,-0.03567819324493815,-0.0004873252822656937,-0.03405857441585791,-0.05728091731107465,-0.0382935571908769,-0.03947699202108135,-0.046021972664360256,-0.037191688685908275,-0.03909287851693133,-0.055629548367013726,-0.01211211925722111,-0.005219890435315122,-0.0414572895378722,-0.02939045247734473,-0.033884289266830514,-0.040261941196473305,-0.02553880093327887,-0.011200805746964804,-0.08081706453873716,-0.03204284771398225,-0.06489679521795821,-0.03518511314594175,-0.016195253619779137,-0.03270762608496458,-0.08121647208828886,-0.0706795137056817,-0.01778048717561287,0.011131627673893085,-0.03263168509707537,-0.043747623446076744,0.0031237317511934037,-0.009147252047512211,-0.07066311601681807,-0.032252693221737516,-0.04588676470345021,0.008971676759886194,0.010133984940603469,-0.036545151974235246,-0.0036351216315377854,-0.03310436655792426,-0.07109268352444875,-0.0027989699354273867,-0.04002291740529795,-0.009792292054457086,-0.0012082793196444008,-0.07983065190372951,-0.053905084388286895,-0.04823239282381753,-0.02546980734592097,-0.005714854624627286,-0.10848421073389236,-0.013246307140026836,0.0401184625774178,-0.06851550882510704,-0.028069335525716888,-0.08685659938823154,0.0059576710486295426,-0.05252949594204992,-0.031192015151699337,-0.06350025465916165,-0.04654250723660258,0.01710194972176904,-0.02825340369009499,-0.009858063563088493,-0.04073064541434013,0.00799898597943649,0.011622710955967008,-0.06322555578580413,-0.034415244445239246,-0.005748981566987332,-0.052252771325536074,-0.0281887451533267,-0.0536537856089252,-0.06615767500471925,-0.026402835546671888,-0.08742024859418596,-0.052571996310310176,0.003618818742488372,-0.012433036903679806,-0.046207153901458575,-0.03196956730696243,-0.020357539924590995,-0.03535809480284868,-0.01915382400498533,-0.047349314843558865,-0.05317369402274963,0.011595683643766286,-0.03673966679106666,-0.03526655650874044,-0.017640464475769058,-0.04117142096418025,0.006279907834877196,-0.017032419711219493,-0.0150610188467164,-0.06422359432302649,0.010428174355086028,-0.058206908050324024,0.0047326098020112894,-0.01708175930582634,-0.012618883542995896,-0.0760061517902546,-0.0796727982059453,-0.026392077648414336,0.031146542456838233,-0.018653439375631464,-0.029676955291924934,-0.05448486112239781,-0.054012036467469215,-0.024083287228554795,-0.01332142725359109,0.01599610049848943,-0.02861644847200573,0.0009137578556117631,-0.050536762656125056,0.00877902141388276,-0.024615758445351688,0.0106722952986944,-0.057340846057288175,-0.0429595570484782
2025-04-11,0.03984327386396913,0.004098617536681282,0.005735668623108481,0.018491443550319175,0.008149796436782708,0.003396249765946102,0.024679453532533202,0.005345786809857422,0.012981688056605378,0.020249530557340023,0.025396373103872882,0.04574312216313636,0.0467222549758608,0.048698062526760566,0.016032296618450737,0.03089734094287433,0.019555736800809242,-0.0017229990092983982,0.019851801675474512,0.02661017435744739,0.015786674034262482,0.016557495046440884,0.051351790486715565,0.016333406168584474,0.01093225988444857,0.006359911248403627,0.0018563302212140087,0.011987469870170742,0.01899383496091467,0.02187523666349911,0.006408200955892784,0.01080037452157967,-0.002682481441381057,-0.0011464072782230161,0.013155975911411488,0.019616933610848264,0.016609239945180043,0.008916183497913899,0.024023847244531105,0.0016364069993817232,0.011253586012111683,0.01364263323869519,-0.008627439761990097,0.03677995931902345,0.01710807853617169,-0.0008532441112460987,0.028285668224553806,0.0011435310423832945,0.023463172972262747,0.01201433739231561,0.006161722503077893,0.015651266592930035,0.006280823172319927,0.004580291625265076,0.008575311941427799,0.032557374670308725,0.03539567263294163,0.04385905806193602,-0.0048530706503626675,0.018988171676600274,0.017144151439067556,0.011099858934905171,0.009705896643628975,0.0065565306546737645,0.037275213613064295,0.023273998931763185,0.008768881335813106,0.026512135572662743,0.021607479184672762,0.015648402598143818,0.02155487969874148,-0.001936755693975556,0.032055708612910294,0.02072570019571085,-0.012877735871446028,-0.003372644645407874,0.02438325516359896,0.026601387697231083,0.007593417237274025,-0.006447816522554106,0.000451429525487157,0.011080349548597823,0.026040005810600952,0.008883024917308191,0.039961271496887996,0.02474928301249779,0.003812710952295184,-0.00815101688639075,0.01503790356862389,0.009463976858995693,0.023737594184175315,0.019261311797469816,0.03787539218274372,-0.0044904892659687334,0.01808692734044648,0.025923645868362044,0.009042178880331875,0.022249540834843096,0.016571898283110897,0.023836707567264526,-0.00399617961206733,0.013098707989326996,0.02009474779291409,0.010275975724110431,0.009855718571809113,0.013584682135010517,0.012261050020128117,0.015629351567397975,0.00390445507896775,-0.006306884903516163,0.02042780315926329,0.021587247825324063,0.005038470162273434,0.00321443471184768,0.013919448991176253,0.021593993155227587,0.01303418429855352,0.01666178049266609,0.01777801576504867,-0.009816167701519163,-0.01417209161366717,0.07231443273132765,0.0033437842634880255,-0.005163069529178443,-0.00045813925389737165,0.032682747033390136,0.0030250598526881944,0.011940881907017697,0.028204531130010757,-0.011207332960632144,0.010689755071036977,-1.773729580989425e-07,0.002161434467189416,0.01482268353607763,0.020663721880395336,0.009285892142486318,0.00814680797893974,0.014099271280607617,0.01624292992006815,-0.0016929946879216118,0.023553313724676173,0.03378395161004821,0.03543456605922479,0.01469011493325123,-0.005397488084367019,0.015608478857725316,0.01481633081539524,0.007534203336311052,0.01065621241344683,0.03259128663740363,0.03967216736244161,0.018866638556580995,0.020461489870264415,0.0015144430403601916,0.0336293801500851,0.010110828840293351,0.0032054539050125896,0.015567997153834057,0.020407215963203384,0.005236603530784478,0.013792417826691494,-0.007951036408876178,0.010774443320667793,-0.007408333476083051,0.004546097205390787,0.02583208141954252,0.009864945954287663,0.03129111424519593,-0.000902023457619805,-0.0008407491572848258,-0.059703582773526165,0.016552651392824025,0.012525833846130041,-0.002973796560996611,0.007293917205063671,0.0029748355963983286,0.01580390790765085,0.026440229787072944,0.019092564464830986,0.018059122017006324,0.008518449027368646,0.0047008395864702734,-0.010326513460323206,0.01263006078584894,0.023289631583517156,0.0233450697493911,0.03135722415854314,0.017096423662444238
2025-04-14,0.021865716094247034,0.022103611491526287,-0.011371026843299603,0.008031450902948656,-0.0031754776672459073,-0.004209844854502265,0.006625161473960972,0.008114639410649716,0.017685839330846775,0.0155222175799965,0.026530250809251754,0.005589177830445102,-0.0034392266564724494,0.008775028792944006,0.02730872602584622,0.02066105955203046,-0.015372407918055053,0.01058227032156811,0.0214568817494607,0.013542213243221468,-0.0029064157014451197,-0.002554142148067484,-0.022960999128546433,0.016087399938081504,0.004507437817711235,0.013345623375095705,0.018900536519291578,-0.003687053431060683,-0.007738502002430536,0.011484100415721343,0.013813055950443687,0.006128456209908428,0.024978164355864863,0.023352004095663403,0.01421743113456131,0.0025809187222796126,-0.009081771865893096,-0.0029692067724615967,0.010713158545501145,0.013121089240823114,0.007323464891559439,0.008456331683224683,0.008321097346831507,0.0009306336988270658,-0.001418901127226313,0.016459939499592124,-0.0077554244405519945,-0.00015229416060957846,0.0005818338670167122,0.0004168761418785749,0.008594917524272105,0.01668207583182202,-0.005988153338608804,-0.002511906441472256,0.005107370609859885,0.017905825821708632,0.037237497768308536,0.022929101063395407,-0.003568971999595938,0.00787461243837484,0.013190370802200313,0.01318470821661144,0.004941129415444223,0.004422999390458315,-0.007930925965254687,0.02307716608256749,0.009919855022552326,0.03002065073447202,0.02288439041631296,-0.007929462311374813,0.006078041988107685,0.020736909173590057,-0.0016100146697510809,0.026289941255905447,0.00593716058992344,0.03294054300357363,0.01167866886293023,0.010932312719106996,0.01727545448401724,0.01991444689537314,0.009167650057675836,-0.011503510142781614,0.008233614468418082,0.011179417922075885,0.007533438774084189,0.014332671176163991,0.023765353715294424,0.02738244660304412,0.00962982218327646,-0.005891024340797912,0.005014956205767973,0.01620723921681755,-0.00765469715636069,0.01626234132121862,-0.0025734203342500095,0.01228842892832649,0.013796890759814495,0.008933271407564725,0.030261705844364606,0.0008962581410507653,0.0169074697074576,0.0030314779517714996,0.004763841483502063,-0.007699721016297012,0.01945094448038187,0.00560766235923893,0.02091471844973114,0.01801364459408017,0.01534988168588125,-0.023808258334247157,0.017561222233168472,-0.00013519372208659064,0.005849650126135586,0.006874260381456665,0.00984516948487446,0.0006667843455128164,0.007803138836827372,-0.0034340311414062796,0.009475161140457544,0.018262843094445813,0.027727774308027087,-0.007104739276933447,0.004414848593709664,0.012014921207647689,0.018305520928283414,0.002008179377463115,0.01809632838552311,0.012855142548455767,-0.004538272072474925,0.013474778851765734,0.0162087917960978,0.009278994082934311,0.016087017581558172,0.009648841065521108,0.013601816214316997,0.010858917185769812,0.006396217383773717,0.021359144052792267,0.02216856715119242,0.021097630487651564,0.015132222904528092,-0.004312615387794594,-0.00044680567704080687,-0.011551119645154095,-0.0037867906989923483,0.03145663003550858,0.006273825344406347,0.005050529763805045,0.0015952209976139997,0.034359587177922535,-0.0020974269931297584,0.004936342540644567,0.012422152613403625,-0.004842438819611772,0.000867237613379146,0.01362085064702434,0.010963753780671937,0.013345995834267654,0.020124738056636282,0.008750474069971759,0.013937048766500926,0.010627231533034465,0.01751225376579768,0.02170812627815666,0.018163707428217712,0.026280914155201174,0.015189020071923132,0.0205474403461956,0.02228773825739072,-0.0003255667793080619,0.02212638014367485,0.009120583364270907,-0.01688645937957034,0.01705546737625241,0.01816854716248706,0.021500586942265976,0.008500915833683287,0.005046493165255406,0.02459279132025749,0.012313092876745202,0.02608631265777106,0.018914738606812698,0.008620457337761067,0.012423778872459046,0.016658225147882177,0.02004713682442194,0.0021607204628555365,0.009892605643933017
2025-04-15,-0.001826873660792927,-0.004495081087112496,0.012684187530924262,-0.009514309310424629,-0.0002512497464568497,0.00417019834452681,-0.011770159621642406,0.01701165558274731,0.00015803799101732352,-0.004514574713492259,-0.02146269470567219,-0.04235351426353784,0.005738953721935225,0.005391604333277122,0.004606897630366369,0.0004638834526238256,-0.014374671637932934,-0.00731192531979552,-0.013385216972340075,-0.026712292296669382,0.0007491853159420359,0.018941902320532833,0.00021443488967154423,0.008969562504637985,-0.014833183199645106,-0.02598115854999783,0.03443492896393785,0.0014659071889324693,0.010883467358180354,-0.0028447425833197926,-0.024981086947906572,-0.0006808978699925916,0.022696028939455992,0.015447615355798305,-0.017428120751955767,0.012678356667385593,0.006676023148877164,-0.0016994592534507191,-0.007268122143920586,0.0077434120100798864,-0.0039780552703900796,-0.005111430108217796,0.004994554091670267,-0.008243528861958893,-0.0003993429805868587,-0.002373158277002574,-0.00452242581993767,0.003105688667313089,0.03523454448379404,-0.004642134869611958,-0.013819150708954897,-0.007341123719172948,-0.005572820949047319,-0.006004591019089567,-0.004050519702367694,-0.014324668835441479,0.0017337826523391442,-0.01521998653287504,0.0032698262150976376,-0.0010459636435422581,-0.001582157892888958,-0.0025868529842085763,-0.0058831579995892724,-0.006991091770045976,-0.0010918078375485862,0.01997588229506775,0.005505910351831567,0.017550411374567698,0.006153579849028645,0.02509038171970701,-0.0074918687040073095,-0.0045936578268692685,0.014923699816410618,-0.008757410599333326,0.0015673771631510292,-0.01446409572399121,-0.01865396314245249,-0.018778214477743305,0.005893145512921194,-0.016596556180131117,-0.008915301559444977,0.0049356329262391085,-0.007509107268891313,-0.026701516725438523,0.0005481162937370776,0.006080886645472461,0.00018480086409766727,-0.023993203229605964,-0.0005059924823589412,-0.0026383743492921496,-0.00908193245324096,-0.005783196798861745,-0.008166007547148801,0.010349262661227598,0.007070481540043083,0.015448682110397627,-0.00855860474749992,0.010486718087909352,0.004490339454330083,-0.012221481447022065,-0.016473990327166455,0.005926903425265806,0.009016482228231482,-0.004068915029082021,-0.011686282231711864,-0.0026870464761188373,-0.006427459358656407,-0.01922706365618776,-0.022658648958802097,-0.02023329344345104,-0.020473274462292856,-0.00610593858053754,-0.0004941428126974401,0.005240269699043232,-0.022802000652789367,-0.00910778475861651,0.01080421884556415,-0.007162960445381117,0.009638877342145413,-0.0023711044741991927,-0.0008821847792770399,-0.007664884240687897,0.014941658517644285,0.0451576731486405,-0.010796789483039415,-0.013542732379621114,0.020886672341807966,-0.01796103822514361,0.010815791823881149,-0.008892407131948943,-0.012773959805497448,0.020368960133430924,-0.026853754002127417,0.014472769695562437,-0.0035212593678348725,-0.008513191864230052,-0.0034658646903285018,0.0019058801816349558,0.014149231945133067,-0.00012457096756257613,-0.0069027322179877615,-0.00353230662051196,-0.004263565611358544,0.02861050340526372,0.0052511447892245044,-0.021844670312477277,-0.00271023869788678,-0.005666356776023562,-0.020147987898714526,-0.010558993645673809,0.001926352027413536,0.005711643463692795,-0.012333057511459522,0.011662853557284691,0.0077002458196178125,-0.0022794227582894067,-0.003583489574660703,-0.002293147225106651,0.006552547276107212,-0.019082722847309164,0.009717785577147087,0.002652259995699069,0.017005401654097696,0.008162608386572678,-0.01698462963563685,-0.01762788649841962,0.015335371990281566,0.02928977003916078,-0.005454155055498511,0.006466086353281497,0.0008089967215285654,0.010346622042312958,-0.0018957386649320895,-0.009541559190830995,-0.02031482693962161,-0.0015301245167096411,0.01075415908509525,0.0015994386487694356,0.010253543844125801,0.0034177683297054173,0.004882715095130052,0.005499914571243991,0.021790642974335306,-0.0037620650158256552,0.01996603655865581,-0.008592136977936704,-0.0030690268835629197,-0.010097532743568394
2025-04-16,-0.03966034767127713,-0.030156094266172495,-0.01737964247943058,0.026753074138582633,-0.01656420889421728,-0.021391048084132613,-0.013334735452416702,-0.020306875661409762,-0.00792933376477123,-0.006488939794921045,-0.008446165845947817,-0.005651290732673786,-0.05180917857432732,-0.07923146581978191,-0.04389459591106082,-0.0005915612305642526,-0.030111732002098712,-0.020334617001815047,-0.016414584619989903,-0.014756831228110556,-0.018992612389388874,-0.020159531633650474,-0.0276395044084623,-0.020037963528213076,-0.01913257970090143,0.003998063289087028,-0.018454820475502398,-0.028335233175968533,-0.016889122507066645,-0.026982816632285633,-0.011416673860394244,0.010509810247987694,-0.03220908582065363,-0.03723798606922468,-0.012846621465110175,-0.020902329795766228,-0.02211523403803728,0.0024951825946883943,-0.00786096625796695,-0.024570262567115364,-0.006509507018078509,-0.024857496556008662,-0.022770754631025625,0.0076748638679751124,-0.0016297781297618386,-0.009350395329713379,-0.013904325057127576,-0.018554349170392115,-0.03497773004734839,-0.026474661640518704,-0.02055485788551481,-0.017399923896139313,-0.006901206354372746,0.005852590544106029,-0.01436834073689397,-0.019874567353967088,-0.027012134556664513,0.004600577300930553,-0.027559218684416464,0.012748120456542722,-0.0018322963478007992,-0.010105469642563314,-0.004402000241317872,-0.018814742056866507,0.01655455229630487,-0.015912053544737237,-0.010352183557986727,-0.010710877310703637,-0.009484945589925076,-0.03094512199159105,-0.003433715979063834,-0.02031262616429963,-0.005531165408333649,-0.008627057323875142,-0.014549461965923882,-0.008293745311105383,-0.02146806708389004,-0.020523807360351753,-0.019393975766552884,-0.015252733277012709,-0.023424665863794658,-0.011320403815396674,-0.0285017922191102,-0.00731156564249158,-0.09580430462075729,-0.009644443354649646,-0.010301320574759742,-0.032816370838227193,-0.011549622550617755,-0.013130846929096052,-0.007636025173915151,0.0009084723615853108,-0.01658314800031846,-0.021397682620129643,-0.053819917025604624,-0.010070120841444208,-0.0028898032519810712,-0.0071576750710518056,-0.029120773878985595,0.015815712873936683,-0.028199179124661633,-0.052002534355255925,-0.008202461529844385,-0.017163105320777916,-0.011138784729875617,0.0015803733606123416,-0.022172811050908514,-0.008696622959687872,0.003550764196989853,-0.038845631805065395,-0.003837477090517183,-0.03670850436016693,-0.013354281544426527,-0.005918978949578602,0.013347793057230994,-0.024135509234660013,-0.024949897362730233,-0.039077885007599455,-0.024085136809057772,-0.027018108952415076,-0.030748983756783588,0.020966198867781838,9.567108059549412e-06,-0.017151405634824535,-0.023895921675539444,0.013865569102721409,-0.024352466650157112,-0.01829341341326085,-0.07374461286023504,-0.03538532252251603,-0.02550967050168751,-0.02249615920812964,-0.019288561864814646,-0.01787627296934513,-0.012034419529523888,-0.0032345379622364945,-0.016682487675776514,0.018288825430552436,0.0008430626033639754,-0.01531349306070151,-0.015460870000658211,-0.027984681500438313,-0.020866865208595264,-0.0018597038433663116,-0.011470584697318209,-0.01413746979656505,-0.006116775045248879,0.0029435168952600677,-0.03498349725708394,-0.008329256561729892,-0.02106945499960844,-0.011396757215604403,-0.016881604492264835,-0.005153993318735672,-0.02473305928595071,-0.006803474072455629,-0.009118012606188941,-0.014826126910391757,0.001968209996656256,-0.0005486959140528214,-0.018859836665531038,0.001529452475393711,-0.018886429123449844,-0.013888499576920399,-0.01796388400817417,-0.008507532719232103,-0.0269080171346463,-0.008551945657123028,0.010493136526753766,-0.05117486611621125,-0.03161919595053764,-0.015214607337727948,0.006514034838403404,-0.015578450800670218,-0.022199903861628734,-0.022329708495309575,-0.02163049407425799,-0.013708927944843019,-0.02870626426293743,-0.020390468747400803,-0.023664432110013678,-0.007915733190296592,-0.009488437810116324,-0.008511266713473908,-0.005191671252883445,-0.030567291975349242,0.010256630041346249,-0.015989092943974548
2025-04-17,0.013904493085727054,0.006832582800767817,0.0007527557012902975,0.00937594540760589,0.014565066742112442,0.0008517361387925249,-0.0030238878994239826,-0.0032474541547165003,0.01597860516308547,0.0008499926929550483,-0.010160993525584416,0.013672995263373622,-0.005902773612973533,-0.011921512054391847,-0.019187379176943686,0.02060513879671788,-0.010300689945354158,-0.011364401561717585,-0.014301334793982434,0.006386664612304749,0.0006441013408391427,0.013088458190152252,-0.02403778708654336,-0.007080456396485246,0.008948197046878548,0.0320226422266483,0.0012114152014870427,0.00626859799906665,0.005880993386783828,0.010337466516666893,-0.001171167186168276,-0.0016222986646354798,0.007214449702089176,0.016391416990689578,0.012494929932008958,0.0020848357424503305,0.010509800200833475,0.002125700414430831,0.027190809042427766,0.014067254012123165,0.003488409898849021,0.003536188253602468,0.015527467892785474,0.030123574596247593,0.006775283983621705,0.027346878710057254,0.005310909526154983,-0.008766315886694187,-0.01259940715078045,-0.0009775110171359458,0.011348883167817014,0.00452316726473434,-0.020070095785877484,0.018149559365380874,0.007860517423379676,-0.0012975764418037272,0.01534570911531219,-0.019580896442395357,0.02349188255882506,0.016696221116708543,0.01130658573095289,0.010929601257546828,-0.022601824322548758,0.00804488103392309,0.021060184630923295,0.018931578299050678,0.0155209962198537,0.020930641771467418,-0.0035474734331595315,0.001740096551634096,-0.0035819539276120693,-0.0064419618656392785,-0.01769853292575352,-0.004275156997411322,0.0032871375759429,0.00680060626405421,-0.015081587356974957,-0.015528534150985429,0.018868693720365926,0.01044196434938538,0.02564998845771349,0.0057717627640681,0.01673924090300627,-0.008628086223181342,0.008215421717595373,0.00024949031809207156,0.0004454631523920227,-0.016807434736950455,-0.006000580860144211,0.004068101326506479,0.004249852765266127,0.021889214043751437,0.00881369330301407,0.012591419265106651,-0.014357721008590119,0.0054490304571293,0.017865887451773865,0.008648957896009613,0.13436562005515107,-0.02765704399216773,0.021035474523239728,-0.023996720141869154,0.00702892587330517,0.007388417827467464,0.0068291124466810516,0.0023481543937133864,-0.002374923876091728,0.01209857274674686,-0.0016573938761261786,-0.002969126955061796,-0.049208023973249304,-0.0024945646744889416,0.0063887051629007985,0.013857789453909142,0.02740085986578844,0.020734268774880604,0.010852149897248253,-0.012145040582056232,0.0010501533500963944,-0.010326670451696884,0.009716550110201894,-0.019496562550321617,-0.01891627811791441,0.009753372129551074,0.040166644128105666,0.0039305886469289675,-0.030989694086741792,0.025583961139917122,-0.03168424649186363,-0.012504080658267469,0.01806299429724767,-0.012684633012476354,0.019591545881213257,0.004636621509023886,0.02555207654112568,-0.03549608331638332,0.0016913777120652895,0.017963132729176046,0.015278346948572441,0.0046245033028933236,-0.010572639341645207,0.013350384212663435,0.006738874835805042,0.005017868064041586,0.002354160376950354,0.026407199610771315,-0.0017827504426168872,-0.004576344835014012,0.010014262695150045,-0.00011956886351871532,0.004349387267120086,0.01584799823538141,0.006200249192068519,-0.02031740892401679,-0.006580622814217563,0.013960458494922001,0.015506584399857637,-0.0027990514507942876,0.009867507637941308,-0.0006642742255360545,0.0035484128404781323,0.00046145257909113724,0.0003870901187674747,-0.003150788287887618,0.00954370857475606,-0.020413631155819623,0.009158944097110044,0.00884747536324948,0.012559535851495163,-0.0012296211977602667,0.012299332849564415,0.027241674407822103,-0.24930832421371196,0.017116572397575247,0.025320189366295764,0.008540493084914225,0.009558090730875879,-0.005483070128409651,0.007483732822233691,0.009174597865182932,-0.02914612239170644,0.009853051755321474,0.01057144875579663,0.005594177766930386,0.0057629902878950645,0.021480036417455217,0.02560446760285018,0.013564540473404385
2025-04-21,-0.0195321290433359,-0.017263693345161535,-0.009498488105614378,-0.008801104373700852,-0.014866765229959888,-0.008367391623369969,-0.02926098189981552,-0.020836089729863616,-0.02122697635528592,-0.023339201327861936,-0.030048108835564413,-0.011534042722418647,-0.014524913860230804,-0.025354381818722516,-0.013181398107536602,-0.02174243273527221,-0.031511870208356996,-0.052848059792173,-0.03137204640394309,-0.02008470759794534,-0.02667711605105616,-0.057422081151070614,-0.031440922908838154,-0.03633879667955675,-0.010807954616479876,-0.01803043665722992,-0.014113843972649143,-0.02616966134160048,-0.03136083380826982,-0.026330361663151614,-0.004442132074777838,-0.016579142167906902,-0.08176829933620233,-0.010850977376866133,-0.029621174151418295,-0.03545705098085872,-0.07211512196365355,-0.016335752109101875,-0.008070854106893677,-0.011679004054579334,-0.009278935822263357,-0.028248232304558307,0.013314597229105551,-0.015965122639157947,-0.020930219643947368,-0.0375518897624989,-0.014427033530211464,-0.043893573309023104,-0.036456785832723604,-0.026221741128461318,-0.008624454024547479,-0.026889123075577004,-0.033530717144408584,-0.03071199007956693,-0.05577411964624979,-0.024046766592045188,-0.030613057661366128,-0.009347665306718156,-0.01045245689878982,-0.030189184602996022,-0.014142659968031879,-0.03145142055074057,-0.041077828515818204,-0.03318245633338712,-0.012263340161267955,-0.031047250199911947,-0.020786769050097575,-0.041524934264328905,-0.0023899862422389617,-0.03500142901871239,-0.01215157053190552,-0.021922035394704054,-0.037207930636444786,-0.003038933147029965,-0.02245691110533654,-0.0051298184923780354,-0.024310679684831804,-0.024633847676883036,-0.017921200254931158,-0.05493625286908799,-0.02347726687267837,-0.02895172660889056,-0.012420312697274838,-0.03395101150528834,-0.04039591006317256,-0.01166048097514949,-0.02383495090502219,-0.00584958437858063,-0.030060486967519395,-0.02916255901222442,-0.014356718681229452,-0.004476593706590926,-0.01425569845657293,-0.054118154283191444,-0.0239184211836605,-0.049648360786168855,-0.003537474131761975,-0.018988783219283434,-0.025721754403142505,-0.012497233840413458,-0.02900624528412088,-0.02430483227573177,-0.016142885653037453,-0.02163604588334067,-0.008585507981666574,-0.022224126798872312,-0.028009169754864338,0.00605733281349341,-0.010179871196100976,-0.035431507356830316,-0.03623940976838291,-0.0327290242291669,-0.00838954222170063,-0.010717615811268288,-0.009454041499873611,-0.001131641253331317,-0.028044279099638025,-0.025613268176912563,-0.020779933634663905,-0.033052177543988925,-0.025327617356965426,-0.0014673755358556306,-0.05889428748576808,0.013144901331087588,0.006161279824877575,-0.01832075457514648,-0.020917219210557114,-0.005302091581983248,-0.0487304628576819,-0.049822349711491576,-0.017438403321762053,-0.04704680765794311,-0.007649887712246617,-0.00441698837765081,-0.022414095003139956,-0.030435323868979403,-0.025817497740696638,-0.034500907027351424,-0.007921098079023636,-0.015122814116245387,-0.05390596558953664,-0.01097746910762254,-0.0038282091271417684,-0.0020759808992032447,-0.019437798777170556,-0.0015177831966477484,-0.020816103792640206,-0.023512684553677055,-0.009219155369754262,0.0034643411123749246,-0.01746142148530172,-0.04023640782893878,-0.03391894125921446,-0.047876174197348575,-0.027834161794767276,-0.018101513067977137,-0.021747940694067047,-0.030892690149580737,-0.009773370842359519,-0.020317547283434045,-0.03191920360497136,-0.003989061060076349,-0.02416187936427594,-0.016940195448699846,-0.029711082017739088,-0.012219787669033977,-0.03325445116354331,-0.010482059226720963,-0.02554969227446957,-0.05966489047014267,-0.01976393555754008,-0.03348036502271867,-0.06144169633736318,-0.01893853070899887,5.46834620127612e-05,-0.03808930172112124,-0.010701337130912592,-0.0295549495627192,-0.023061915391808796,-0.02616471446569779,-0.031136408246008607,-0.02623320636846671,-0.011650216258979107,-0.014795945213287531,-0.03829493842669507,-0.009264130845850538,-0.015052832771074165,-0.008314275303724195
2025-04-22,0.033549051936108576,0.020281896045331926,0.029358836727963578,0.013621783142013122,0.020564591771373486,0.01878071027324779,0.027738483650999513,0.02606829929275456,0.02374411059498982,0.031241655015947778,0.035152292611705604,0.013252265319252388,0.01940451225839812,0.005214716170022449,0.017022411818357064,0.013031952991334528,0.03403794075795652,0.012671265360932438,0.035020534582506535,0.03011570808095776,0.029580189369969645,0.03416404625930891,0.016984682407811924,0.039356955299391316,0.0289324684277954,0.017668961796960758,0.036289263852838705,0.028444534529112886,0.034274057764310584,0.03701512661994766,0.019287465388416525,0.015329830121237897,0.037708358086192995,0.02728032650526746,0.02075961458120723,0.024248128527406543,0.04042949592406497,0.0372067357309005,0.011994460994862344,0.018149113038768316,0.019027237008077513,0.01680237147707775,0.02879749790267727,0.025165773702436667,0.016733151376489452,0.022239372197192075,0.023499067856805667,0.03134615153675213,0.01432928227481689,0.011270171628089631,0.01094130608040933,0.026189962921235654,0.013025426169063437,0.026121726214380026,0.025097025951307472,0.028712333405565893,0.024915865907318313,0.03843213735067508,0.023720566716195712,0.016776260552428646,0.018778849583718227,0.021893854110991207,0.024247140207354967,0.03331911460753734,0.020448034840626406,0.02079155703051283,0.023810231415138716,0.025501919269057982,0.035769206120613184,0.01875481523116207,0.004320984508681569,0.05613306305992616,0.036340450478037134,0.010218660343615404,0.02296138030373651,0.01611433487221925,0.02537741580387287,0.0241325367908356,0.034649956379536384,0.02023090764861646,0.021247267491166788,0.028430993593778098,0.020798984863321657,0.03666904000685545,0.02354077559957979,0.01886235522022961,0.03498014850133391,0.03386100883573695,0.024149418159214342,0.02316958218045606,0.03699142525127641,0.004297736339099245,0.027045608605936522,0.042996460918648616,0.0225552431381546,0.030822933378727324,0.01502731453729833,0.023425308042550164,0.012316444305187524,0.008118756253545634,0.029033431959378575,0.014735988314886761,0.03421157560422472,0.02247468335549474,0.03274402765855644,0.017336645862190636,0.03888600837852696,0.00733369728515143,0.018563682683699234,0.030404979221589024,0.035170398948495496,0.07750622734334289,0.020138762526075382,0.01887550835283669,0.03459648699686646,0.015077304375262557,0.03635197843617366,0.019429579063477753,0.017743679066345663,0.0480335597797259,0.029413862183282014,-0.016034436287474474,0.04126079207437883,0.04967945049982614,0.016336902334549208,-0.1367395251115724,0.014483452694974197,0.0036299771693588667,0.017672251612958156,0.03167531052196715,0.016929469396336216,0.021705483974693962,0.012283952017513755,0.022098529267023714,0.013157680593633536,0.029682575721889926,0.03368784368278721,0.013371006312606681,0.010240118043941315,0.027793654017989944,0.029081420241412026,0.019465285324907988,0.018901926833338578,0.03128748973730833,0.04942741980340237,0.043306949320259136,0.017039101894972042,-0.10501791772847646,0.014068247571331405,0.027178567284201982,0.019937182172764523,0.014090397395903231,0.02941295463608995,0.021292935658794754,0.026109252035642072,0.017161237106231297,0.023323684423713686,0.03766051219941691,0.025467289670457305,0.02463437123444656,0.0223940842261654,0.005798776696199326,0.00040265832737240714,0.028383847192977374,0.013083242126154637,0.03116004594309363,0.01879451230021889,0.011104693468555915,0.04514902877719784,0.044510258832715976,0.007351945868524723,0.018470226188904704,0.008372643160981852,0.004286876237841852,0.008034118589263173,0.005147879572688474,0.0305485308617488,0.03441427904174432,0.027657140470170205,0.005400896236137598,0.0323478345207322,0.0234067219905727,0.03332063586900258,0.010221698830623183,0.03031015288703731,0.025524472903271977,0.027356833541182013,0.021791022050346776
2025-04-23,0.024091626671529198,0.017873019746375896,0.0291256882501969,-0.01489603764227887,0.0071017667508366245,0.02441926359658897,0.002121007904604788,0.011965966213627333,-0.011283232259036602,0.001026092666358558,0.003373318504635847,0.018021473918907738,0.03686072594240386,0.04383417493825803,-0.0018745560499890956,-0.039160131097540685,0.04156785843005917,0.02798329609179806,0.0011568815401616916,-0.0019805450330601104,0.07510721514441698,0.023324940979667197,0.03922834114025253,0.02943120740132077,-0.008506797244249853,0.05675032878826869,0.010229628133247903,0.016683488549220193,0.027259921218169225,0.0048318100849131795,-0.024768356890762178,0.03965175718618408,0.016031780326265732,0.02479215571970439,0.014103582773278056,0.026161600732526935,0.04183607528985345,-0.001094441704154292,-0.019901724498352813,0.008313318511705692,-0.016346274946673844,0.015296316316304903,0.03485816262193797,0.0021285085862725595,-0.0067424721472857385,-0.0033872681385069825,0.038034055779651244,0.030328026869990587,0.04445715447537868,0.009685011391980414,-0.007507725494309447,0.008403471125583373,0.0003135061440504572,-0.004749610501265877,0.023202873382381917,0.0033837479247971203,0.05688240188698135,0.02254686101254233,0.012986761569041327,0.01747280453418476,-0.009769946647791627,0.004061235109508843,0.027888254563097625,0.011710174643968507,0.0026388011803133438,5.6927829947373e-05,0.023816090530912604,0.007498367625120128,0.01640548047613688,0.02860349565624265,-0.0351545552485657,0.02069043885177546,0.025953834331011727,0.007183636117308545,0.026292893290370323,0.013862120039528136,0.023294301668625117,0.024018110866406595,0.015929302648751253,0.03279638724821243,0.005372070648538951,0.02144899765100039,-0.005650020920052512,0.03956226098323956,0.024514183167685832,0.018077723864222683,0.0011113667303259689,0.052794481800507054,0.019778563529471604,0.02017809439460727,0.0016373857818310356,-0.016115398110827073,0.020836825531242553,0.04307700319311625,0.029886589378625317,-0.0001014490438997484,-0.00853409126861493,-0.014705769844025163,0.003014939889773416,0.003146418750916702,-0.0008808028928735112,0.047345838084861924,0.004530777039482459,0.04087131744288186,-0.0021451160775036726,-0.005252241936534396,0.0016681235113962245,-0.013872641178202194,0.004100124505626468,0.03786467067891319,-0.0016773516306720637,-0.002559019719555522,-0.004728069781514854,-0.005993135853463727,0.020312543292453356,-0.002123646850071381,0.016022318842951577,0.018641690283448753,0.010217764918889927,0.0353566148916844,0.008970495181054083,-0.029641000036443543,0.05082476324949692,0.006820284043724811,0.0054924285835014075,0.01688506018249658,0.05834335175705796,0.00762470867141829,0.03534838247790173,0.02849112672557297,-0.010604064290813398,0.027843119958347984,-0.008248514288792919,-0.006123568135532498,-0.012500674478889806,0.00013243974519916435,0.02360641472790359,0.01526801661172339,0.022491474102158016,0.018408340143807322,0.04422500422740949,0.01760393895433854,0.012305216694898036,0.015754126716707617,0.035668463794326755,0.005474556002215358,-0.005386463288721721,0.054032196892482176,0.013775955152527608,0.03369935312253691,0.014870293728848516,0.013310452467028888,-0.002259937943768442,0.047788189652450797,0.020175376209518703,-0.00872116028585701,0.016667119200485914,0.007709980062895028,0.013284779954778614,0.025322835346466732,0.007243801171469499,0.011042620053762331,0.03253205651657787,0.021406296268732472,-0.002446091319513677,-0.006048481858808685,0.00401485362649634,-0.0019123348815091035,-0.009309373284721367,0.05178782394753778,0.03555355631469137,-0.01120167886231993,0.005856795990192509,0.013550884377139916,0.005736539824827247,0.022713991341318795,0.012552737848734008,0.008643815954627598,0.004866964373502647,-0.01204737190462879,0.018078541394387138,0.0013675050134462907,0.02471750529407224,-0.006026214149121856,0.004402432635770559,0.0006220219059542842,-0.00888450441617028,0.0067490549288624635
2025-04-24,0.01830962365793809,0.017809048435046826,0.028806722425724907,-0.003993420835127992,0.026371368695868647,0.06301208572495476,0.0033389305663504842,0.026529190498510324,-0.003774288413914917,0.006445394746331878,-0.0005804884851894343,-0.0011460888730008278,0.04426930954547181,0.041215257509819914,0.006879707069114005,-0.008526714717921102,0.03197563990703589,0.06005522911910077,-0.009985503858963796,0.01576412215339662,0.0625142555729159,0.05274248642270152,0.05851032966933012,0.02653194966960548,-0.012957702369417845,0.020224971025434968,0.020263936259076853,0.010902066227076013,0.01903911372491507,0.02508218503005999,0.004757452396695783,0.021937699559094526,0.05718706639328097,0.02571013962609836,0.03523833234855278,0.05820195350867774,0.03705053792312363,-0.0029112449365999993,-0.01241393918230127,-0.03739144650619197,0.005958638226841728,0.03472271571676444,0.04626983884538127,0.020817268003360034,-0.009460225297161173,-0.000288488817043131,0.02705601394627921,0.05683210664218219,0.06936993233030098,0.010816654529945069,0.01909397582397343,0.009325762701643647,0.0038052749990837853,0.017111363743769203,0.030338755165733033,0.01700219227839561,0.05532710101551963,0.00167924506595174,0.02982904590447788,0.013649433903982988,-0.00661716477353913,0.006461259362933625,0.006341413939416896,0.03758798209115799,0.01719381358287375,0.01941237538475349,0.01040262840093753,0.028708001348530576,-0.2013959563526999,0.03874919564297574,0.020662755501772878,0.016257669115569584,0.06577221644949827,-0.003192510834288953,0.018446523184677766,0.021350890091650587,0.02227398503681588,0.023707910987459613,0.02805501261042842,0.014432389910487231,0.008766689261071825,0.017691626096677737,0.016942396939206184,0.025838860565622568,0.0423976860491293,-0.0688093388042752,0.011469196856400465,0.04169829126988933,0.029622601557158568,0.04172918064464959,0.022167906363169898,-0.0038781652708657077,0.014119775526132194,0.05828572647202446,0.045798823943902,0.009997729040414072,-0.01107999442796892,0.0024128748777467734,0.036637496708901374,0.006978284332517681,0.019362932581871384,0.058031964295673255,0.009692033826516955,0.02777829509797325,-0.007384741055577848,-0.00663436630929759,0.019822225332227106,-0.028450362694726117,0.006098246687222364,0.023139531625001375,0.00028318862658327504,0.019937926469696166,-0.010015489104568509,0.0009950673929779441,0.022245022573538442,0.014666446503755814,0.02756147257736785,0.03211630787264763,0.009201166523209459,0.057092233464145714,-0.01420956576598087,0.04303720550189727,0.04867404535483111,0.04202925450663475,0.01854045147535377,-0.021890014906624344,0.1442419397900121,0.019887303773640674,0.03302494044166693,0.041770704446260076,-0.02193758192639894,0.04442818891830491,-0.04993638341860329,0.017378423346184224,-0.03773912808886504,0.0009246236730069413,0.026099796185309998,0.01843267616722688,0.010001485369914853,0.014181121134312136,0.02581153681644377,0.03712928219102096,0.04692140855062643,0.02880193640080808,0.015398088510949037,0.021509696493027697,-0.0029576322215945083,0.012165611819417776,0.013493019162810427,0.037142208060519266,0.017884872894134318,0.02805745264697812,0.009465402815802548,0.07167140046363141,0.03776216091880347,-0.0016205817962919866,0.018629095872197965,0.022760292411930116,0.015920635844046238,0.010798836759321695,0.011175823539419927,0.0039567197313945535,0.01114941412040693,0.019887476474352184,0.007162372412578222,-0.010519813832163827,0.010810488945016239,-0.00042983959821274453,0.004343066700225329,0.033894584332048616,0.0630167343643917,0.05487762423522291,-0.004674384962729761,-0.019537889130665675,0.01936077508624301,0.092003679725158,0.013135562979613269,0.0037212281596170627,0.0010005531706775983,0.0019355907654725613,0.052662593227656984,-0.0006683208910835958,0.02279087517701761,-0.00531252339686894,0.018741333633089496,0.008687347496550757,0.01140654194307178,0.00980280234965214
2025-04-25,0.004409018717639768,0.03028991251390778,0.006771767104295279,-0.004549562074422475,0.019953399673815042,-0.004362713798086837,-0.009612987179658639,-0.007164358024460249,-0.0004049303251179026,-0.011137157076721138,-0.0279715230027211,0.03243875108886485,0.00854123139917462,0.01988044060445393,0.0034900125883563504,-0.0009724671280357811,0.012663132744235917,0.03220881790352248,-0.0830536444560428,-0.006134418253212814,-0.006193622137908861,0.0012271011514872754,0.018781206195727762,-0.010128306050985358,-0.0013519843610065863,0.007450573658117854,0.0018460125821042617,-0.0026435775547772877,0.0009219754378619882,-0.010543747121867675,-0.01489200723998696,0.007229699670572742,-0.013201678736617595,0.001995700462932959,-0.0029081703640621015,0.025866503687643316,0.02069987487829472,-0.000979916083779564,0.013309940658570163,0.02161606410033734,0.010579940248252484,-0.003293296480336494,-0.013878374952743577,-0.0006354461812110301,0.011074594529651094,0.0018012653184404925,0.006371734477072177,0.013443887692198508,0.02439279118455584,0.006456188179166489,-0.011362799448743743,-0.007001088528724608,-0.010661925375195835,-0.0026714877606446308,0.00048069044699516894,-0.011803192670837959,0.003395788483182116,0.003963449488055382,0.0021392580143304585,0.038596706610231735,-0.007736798746545759,-0.007145528974418447,-0.014867043457419626,0.0011518647095440926,-0.0030476884553323202,-0.002502298153085114,0.026164123605403766,-0.007534996781492165,0.006932617161843346,0.011781504529034592,-0.0006353220211261501,0.00233566107027805,0.02824509382786644,-0.029503244542437912,0.004303676019472125,0.0038109621221309453,0.013407845274993058,0.015410848982741143,-0.002770823993719418,-0.041914507438701065,-0.005971385167176102,0.00047292813733257333,-0.008194127328649436,0.013898167416331653,-0.0006324343648835828,0.01258509360030402,0.000716686133239719,-0.07044246458649805,0.013598278820683873,0.01379697793022494,-0.010939075787785413,-0.003239160877021696,-0.005834488620093836,0.0030892202987304884,0.005299513071511441,-0.0008460132699972256,-0.008828646462188061,-0.0030447316088757503,0.029195120142894382,0.022905227052584465,-0.005293384568584969,0.004723553910114475,-0.004243195248430531,-0.0002427883374451767,0.0013799668393614795,0.008426399704103638,-0.0026093562278424187,0.0006103290658128202,-0.0021096315600841464,0.024823951570398073,0.0019262499797205734,-0.011872604245051654,-0.00015336175836822008,-0.009257504324517107,-0.002320895985135074,0.03647175355820842,0.002228895975691536,0.0098945808517934,0.004708043055003053,0.02737499277725597,-0.004365374223562313,-0.03593259714258146,0.014019992873528508,0.002207710143576236,-0.015089311210136458,0.020226837660898944,0.00734903967481948,-0.023368850154507292,0.03957983456752778,0.0034217146458104253,-0.005033364805408169,0.01614679825568288,-0.014214690267802865,0.006236721952778357,0.009685544237036936,-0.00035785622326223177,0.0009501093178982956,-0.010818739275650913,-0.0005910192294518168,-0.008682919900402375,0.01607168023085226,0.009574887803291965,0.009112844790641894,0.008037596356419208,0.0003217211876584969,0.006242420194674914,0.011135606572910461,0.02450994407361229,0.00029675397435813267,-0.017238050660458804,0.005452391965341086,0.02517625050394301,-0.00858651992655357,-0.003650169891433741,0.016477320898135694,-0.007575226784726219,0.002698985619161931,-0.0030470189507028067,0.0016949212629358001,0.010871539786647233,-0.027752584353034848,0.003941345846462774,0.006732912237833233,-0.0064563879606405195,-0.0003000980724880975,-0.004603400363698107,-0.11902264257913053,-0.0025744967089327275,-0.005512147009013368,0.09303437076804588,0.003977780934937947,-0.006651799930904367,-0.009279062206191568,-0.009715929270096346,-0.008339675425277804,-0.023600886388985387,-0.0036907748271204355,-0.0018880976548816264,0.003677066919317795,-0.02188461691120569,0.01184080019182776,-0.006706528758549268,0.0016671756152986106,0.0034602237995873253,-0.010174712760878002,-0.00839337259691142,-0.0008126891483746235,0.008286923227148968
2025-04-28,0.004152175996444463,0.032426380365425445,0.006648006902983283,0.0048190427145780035,0.003704754838939728,-0.005560007712538173,0.006088683083653734,0.005097294125909535,0.002213639644943477,0.005001260242095462,0.00490787395910619,0.009206090175498005,-0.005633758795372756,-0.00562721011316647,0.007902640159514362,0.0017284387223073239,-0.0072345479605404606,0.0031227088179930362,0.022751042204433247,0.009081133868513724,-0.0034280566508337884,0.02257396535751699,-0.0022562785190176626,-0.00016597975156873446,0.0011109276748957342,0.02205922897607948,0.0013358428358793972,0.0015464482065148388,0.009345543617326868,0.0054964739405027885,0.01308919348149118,0.0024874457710781783,0.011867282454797845,-0.004152384949626331,0.0004172986825849989,-0.01513313008970485,0.006562348233432047,-0.0015779944770013543,-0.03157567842076858,-0.0033927302962912798,0.005201654042001458,0.002358759571475133,0.0009247396573295319,0.013342497141875853,0.005171650348307466,0.001491845433986505,-0.0030509569463004205,-0.0066710678549588565,-0.005672819308673915,0.0013122511224263889,0.00043225984301198395,-0.0011199346591368453,-0.007506795099814667,0.009603104475520041,-0.001760464514386939,0.0014339510556782287,-0.006217370056614158,-0.005546952529470239,-0.0021859201966725195,0.0024365928774647827,0.006148826324241519,0.0029890750864369764,-0.016962008353268665,-0.008471619638980243,0.009814269575075585,0.004850068315969569,0.008718715712467073,-0.009333888838631399,0.006190048699659556,0.009333352556954999,-0.0017019830470257347,0.009353930234683006,-0.010670121820201217,0.029235164740060604,-0.00432224493840927,0.0016726637390820365,-0.009989943175357396,-0.009645328023543343,0.0009872229074447958,0.010825383498357155,-0.0020743559815832313,0.00826372481363613,0.007211428701916489,0.0013729114654230656,-0.0015786667096344686,0.015250718623279091,0.0007143404141283227,0.021599587259644615,-0.01088077888768968,3.600885353360894e-05,0.0023197827115764014,0.003991221473406803,-0.0027249929302382014,0.0023762745970774546,-0.0034825999621368453,0.008058788730915367,-0.0020519710780035894,-0.0014201901535786376,-0.00748437691624293,-0.0028601707370450313,0.0009395685489090866,-0.0004857364146735321,0.0013530288555729797,0.0030969939034086735,-4.196373193199321e-05,0.005710796181468858,0.0022178889805530844,-0.007956241353569204,-0.0018743211245064728,0.0031877405212306087,0.006197595123276223,0.0038558629340021966,-0.004590480902522565,-0.0027653267027698547,-0.0005755219825829272,0.006217212460982502,-0.002864564648218604,-0.00354755496365744,0.0016962558257027638,-0.018062883226011017,0.0010731658464377958,-0.0014176129558571837,-0.003740070624916214,0.005970421608856746,-0.005668824239186243,0.019727012042763725,-0.008092835840411539,-0.001109647774851119,-0.023305589351626743,0.008163913842555104,0.015845043666099734,0.013785892408799683,0.002996390200934229,0.005765661827018764,0.005530128699229309,0.017418591880499434,-0.0026317057272562394,0.010584373408281778,-0.007895229974462126,0.0069064978394504095,0.009088266898495512,-0.005481472922292063,-0.0063634420245914924,-0.007675412599438047,0.01747094926869508,0.014999604425162794,0.009988034216452668,-0.005146865572360326,0.00196639676785626,-0.0058224446150516584,0.0014200635504622028,0.016689893534825195,0.0016287140185395899,0.0015191598476214097,-0.006910321530543051,0.0027899384566802965,0.011498079869899591,-0.0017387734970562008,0.011794080628533266,0.003735647391068575,0.01539431483771514,-0.0004180660183403795,0.012052764594927545,0.017260787866907545,0.0037195158731568867,-0.0057744802893839875,0.016996211921903814,0.00358035449680294,0.00867041575365679,0.0027742670992880747,-0.0030971720704870975,0.00527183001385545,0.0072758889635045065,-0.0028328732757225694,-0.006487357538256688,-0.009116650025007722,0.006052574266617317,0.00667891421021416,0.006250795735332382,0.010750824216020582,0.0018835897630733456,0.012776034203526798,-0.005085331128017678,0.0031410968296405883,0.010218923360477028,0.0008293447236988882,0.00029231779252292256,0.001285487829827403
2025-04-29,0.0051301450781631175,0.0052954806735545645,0.017825870903418917,0.007016207090175364,0.007642139812457316,-0.00651417309733926,0.007370023661211533,0.004625489324847187,0.012581013513301542,0.0009320882658281349,-0.02057976853706034,0.0053524095261385796,-0.008863625182372381,-0.00636292877744804,0.019061128533691907,0.04583013371647038,-0.002038266624769136,0.02843680998092868,0.018863668723942517,0.005836127534473157,0.006664472734599691,0.009316713813412925,-0.009865246518743653,0.007087965701026988,0.02250988557608835,-0.0037388859902938165,0.004336060985226098,0.012464623001719133,0.0026908906712179714,0.006246110735131261,0.01702733140823698,0.0052089714419656374,-0.0008612867885338105,0.00679115508247552,-0.00046461512707107744,0.05446182157961221,0.005613116324054701,0.007146158305567418,0.015290747304851138,0.0054709466897904235,0.015572708733083473,-0.004518635335331034,-0.0015350837797152295,-0.01112684051894064,0.007096664004148323,0.01343951457625625,0.0033380957579614012,0.00956301706789997,0.01709632417392637,0.0077806119035725985,0.005793058460854983,0.004150210438847779,2.0675520170598816e-05,-0.005950307672896393,0.015273953209377744,0.00043204194552348696,-0.00911205848867258,0.016009354934558573,0.010283992579051215,-0.0034969718138126993,0.007829810063016751,0.03169366225238157,0.0014426622455925298,0.004594955131385525,-0.010261960745842735,-0.01860509354268247,0.009116218182175118,-0.013530322752220325,0.04334764248218814,0.01629614314857264,-0.0010770832105011507,-0.004611803645223844,-0.0012640323335437742,-0.021261429585921476,0.0056201522988788,-0.007454084654872961,-0.0034430924610937552,-0.004080750400745181,0.0027660604255768106,0.023854756047645864,0.005583703063020806,0.020761948648161166,0.052273649880914874,0.005434979376585325,0.012254917964581669,0.012828492975317296,0.016467105239582835,-0.00940706540497116,0.006528120588389363,0.0028743631623004973,0.006499810930655769,0.002620597372801292,0.00437056407350056,0.0034192045030501106,-0.01055262176396532,0.005056958765323305,0.0073882642835547685,0.005214562401199885,0.009721787415324812,-0.000891015794259431,0.009394461539649512,-0.01198944080139075,0.009124892875980173,0.011509474552830135,-0.007581257589658996,0.009660327319444661,0.015860798697824308,0.007955633507712001,0.006193838224599624,0.007197753543003671,0.007609438776740696,0.002680984489257021,0.011392134537940635,0.008354909176754965,0.003698458593906828,0.018899705760141217,0.0019637250514525917,0.005550699160865591,0.01082196703949112,-0.024269725330995584,0.015448580515998067,-0.0245673283192005,0.00637392703158568,0.011617697895914603,0.00373102405401049,-0.003919799133936586,0.006043589514309389,0.006124544219357375,0.00011042470528277448,0.0009475806453451696,0.019791954091316732,0.027343152721361008,0.004254881537745447,0.0317094218172973,0.0029188623084808185,0.02497922787246587,0.008342814667148701,-0.0020551422541510433,0.004832400302566597,0.005357789642037147,0.0037757562696780766,0.02199485899049769,-0.005041338022854447,-0.00587160603068515,-0.0015494089397742883,-0.06969363598206968,0.006012622660710676,0.005637178511084251,0.012152436617387963,-0.01110866192265103,0.011802324801016617,0.024714065154269882,0.04671991833660449,0.006696283938991243,0.03618277733285513,0.00694139640618463,-0.011088313034604447,0.02509260666297841,-0.0037621547806745426,0.011841521851261305,0.00021500961010723074,-0.0030350124620066588,0.008051675634352051,0.010525891542189747,0.006280180656552226,0.015669061187756128,0.020110662750752795,0.009768168436258051,0.008544687867692247,0.020800249892953815,-0.010848707481770248,0.011659194210352553,-0.021944942875251172,0.009396920419384003,-0.0017915919247535328,-0.0005279974662526499,0.007493216885360532,0.011532738724876701,0.01491943331169665,0.012486956838847707,0.015450002217466619,0.014826549560021718,0.022994449636533965,-0.0014489184230352947,-0.00022955254972778505,0.008037742431466377,-0.0027487140761541795,0.012672981613760292
2025-04-30,0.006140398275657155,0.007414138089494315,-0.028640731453974944,0.0014692648027949673,0.011984785377234353,0.010531197660289315,0.016102533088544924,0.0043795544826386035,-0.0022555181274350744,0.0006551437463233611,0.011365294692430084,0.019463455048966516,0.007120278716501893,0.010406301187884104,0.008068374277489632,0.017720457575400417,-0.016361590769641055,0.01689797796626724,0.01419464398353032,0.0009491196082471731,-0.00030844148799769044,-0.007181892429537484,0.0036892809695583395,-0.0029815897319940277,0.014177105671693724,0.004698237277554362,-0.003683703272876926,0.0028581420893729614,0.03673804306756878,-0.007970308325639941,0.021181042967647556,0.001008011680681875,-0.014360247631870493,-0.009243329817716806,0.004493578509059404,-0.01654578255971817,-0.014992092582944316,0.008390915622351613,-0.0011759912395525873,0.00808089249970445,0.016317969143184285,0.001407515162250128,-0.016784876406457094,-0.0302630554988923,0.0073005699572030736,0.002900036250535365,-0.009869934485038812,0.005155614294982236,-0.0063583204272301685,0.005800992655268011,6.809885520153713e-05,0.010954287772453775,0.02398780054701799,-0.023757594631059753,0.006243775963305609,0.0057953084129769294,-0.023556514984877097,0.002720557997487383,-0.003271843579139677,0.0036832075436290523,0.001956324294693168,0.01739942248062576,0.018468106481537738,-0.0008449800324603629,-0.022896611940746325,-0.011746083036006105,0.011526749087185983,-0.029325786484871497,-0.0005157120758596534,-0.003211752332052953,-0.001444786815770982,0.0023557392149102796,-0.005310300500068088,0.0210841682151095,-0.004310907936793118,-0.03797167023705139,-0.008469746412912649,-0.009802812651222403,-0.004334295104694519,0.01152613480905007,0.003914771857989052,-0.00482762541146009,-0.004984204691628413,0.004860242393534442,-0.001584593141724877,0.009343820739784903,0.008995534383822168,-0.012953444362087563,0.005509841942792804,0.00292954432846404,-0.007905774830291534,0.0015845887683090254,-0.0013690563990822469,-0.0009603650194751623,0.018999431698944136,-0.02329058920570093,0.0023788422898753936,0.005336313854693131,0.016159607277748123,0.0038920708542660165,0.001151809916989599,0.008217901834675523,0.014869995245666345,-0.004547085652442107,0.01597938642735741,0.006688246895962813,0.013175220547137378,0.036622477006065246,0.0014419487259349495,-0.011175570001949353,0.016158075167376218,0.003246251444759096,0.01305894977742561,0.004881981522701473,-0.008121944941621884,0.006560761968337658,-0.0001413318397984753,0.001306291158660322,0.01043068571777983,-0.0017426191599758667,-0.005955996327904778,-0.009125789651351024,-0.015673915105236524,0.003355009873891035,-0.020285450417626194,0.007672210080566622,0.013050435436123387,0.001884565738865085,-0.003470669426510753,-0.004177200169735329,0.010146214049628455,0.0010829615590797204,0.00956290683174732,0.025837458842150163,0.002297631193474814,0.019782300005323883,0.00276639721742189,-0.008691394268139696,0.004849826724810491,-1.4910966616987764e-05,-0.001202236150489533,-0.00645091840487666,0.010683622372959611,0.004321656557771725,-0.0105375183628027,0.05259049064343646,0.011810950616664151,0.0013891229277733785,-0.05734039699173188,-0.03767005718007077,0.00014365693289430936,-0.001872262496585897,0.01354676339635752,-0.007387745210265528,-0.004786168249227174,0.0040575016158950206,0.0034505458719751303,0.016291806045321877,-0.014886947413208063,0.007881653206026407,0.01329459338062744,-0.009195370548166437,0.00304237674968455,-0.01126412032503632,0.004289944165173587,0.004517185397585166,0.021901592180785023,0.008534465462143537,-0.00043568407864036374,-0.03486635684246231,0.0034918882558043762,0.017662113882479957,0.00941835669790958,0.005567188565352765,-0.012970778522875648,-0.00010301975704329891,-0.004397913078869831,0.011308104205395964,0.01274518428339988,0.024878368447650345,0.0072667001192199265,0.005955534170018595,-0.00204022585437702,0.019508241667232973,-0.01900384774251407,0.011983229154973962,-0.025776918989513398,0.006855552297722944
2025-05-01,0.003902702543704173,-0.009831055654224485,0.017217396546398867,0.0005492194539113981,0.0003264120250925373,-0.00715124692813518,-0.006470091186915106,-0.003366784150506952,-0.008191307081137467,-0.048724200364351766,-0.009322513510144681,-0.03508043876722411,-0.012285883192745928,-0.010149938836961248,-0.02492621781221338,-0.0066867705230286845,0.030475036262561872,0.06351224827200586,-0.006784534832894096,0.00429786165335333,0.01777395476162713,0.010905811146002975,0.02184913003004052,0.007269030514624575,-0.009182863336546276,-0.0040037977594575835,0.006316206124793222,0.0044449040592722255,-0.000822712817289073,0.0009075388765946713,-0.010356584087061638,0.002849325029203875,0.01211296015866381,-0.005473642762315656,0.013479761955422553,0.005050377232655556,0.07244435162821627,-0.014362024196380219,-0.01606308137577983,-0.010723891518214401,-0.000755034019012335,0.002623733313593668,-0.0014838612099659088,0.01725854428167395,-0.008961549484863163,0.004635206930243108,0.0020724652644723562,0.003918509789598623,0.005566665444041163,0.005755353733257529,0.0007793687998232102,-0.010657280699535754,0.038733790756490194,0.0012450955947409525,0.014615027129325497,0.034368296947634214,0.00028696847302622785,-0.012519369766009092,-0.0023963515478397923,0.007813324770796548,-0.006340480296745277,0.0039805714166893935,-0.02775445776630736,0.005602480837828772,0.012557308814789891,-0.0009468922756070697,0.00231463436058732,-0.0001488387358961063,-0.0050557931880597096,0.005443296913049345,-0.003835992210009742,0.007400610649792583,0.026149646503006885,-0.032395313105294754,0.006462865459333056,-0.005291873942895986,0.010516056250015282,0.014345362943972262,0.00956886751718411,-0.007529305302434786,-0.006320508881941578,0.03676264603350354,0.0008474735269281553,0.06300331797958858,0.01239329173667425,-0.00972830559056348,0.016125987198112313,-0.007071964017745014,-0.008242947578783522,0.0038356810606217095,-0.0030621146625895435,-0.012883598690065057,0.007867904950092708,0.0016629270014885122,-0.0404646567542688,-0.0001014490438997484,-0.017901734714469875,-0.012022787265412838,-0.12327227427519993,-9.265902915700508e-05,-0.0057082283066423045,-0.0017469976379063112,-0.003151102476942391,0.022269878288657452,-0.019243806354881876,-0.009553324673799324,-0.003207842915617043,-0.004280908291095287,-0.01470638362718546,0.040092265498170576,-0.0058927358206641856,-0.007873934033692187,-0.011547966228347306,0.0011382190622182264,0.000659870100357729,-0.022239858978650773,0.010231243516448885,0.07170104018381718,-0.002935232446718672,0.00794707039449527,-0.01292687990109087,-0.02667297438476579,0.011297821824447496,-0.0004866227208477625,0.006088347156744334,-0.0010636670727226516,0.003320231379530192,-0.011428196899209375,0.02184396240239206,0.029655443178048024,-0.006530489747778034,-0.003952960884071821,-0.01493443656420368,-0.01975019120217869,-0.015671056719906318,-0.014266100026468997,0.00725265754384985,0.008650109491682656,-0.00926417442426164,0.001290157813813586,0.09295787241122966,-0.005739192016749328,-0.09350220952205568,0.02324793013283255,0.02410531784022485,-0.013286463134176252,-0.005785451486626236,0.00831008768535657,0.025082723773455662,0.0026369753763448855,-0.00022714585154393063,0.021185681229667352,0.0019192991022833894,0.03413362050372282,-0.00019703969504636376,-0.005432960409239129,0.009181084778050241,-0.002667687546543007,0.0053231996883909005,1.3355571882200934e-05,-0.0034196658812173375,-0.006172195666126701,0.01420551649283297,0.006130241378259349,-0.008967419395839116,-0.020379352736887846,0.000160320272096115,-0.0018310370494960537,-0.01093724776836158,-0.0063134376142945925,-0.011761806543225894,-0.0036427444100590733,-0.022467612613423782,-0.006992987013513918,-0.005449364510025312,0.012270350063915636,0.003519083573345405,-0.009145249649856524,-0.020205342982728247,-0.018037049802325456,0.007223515480563769,-0.016266923037868253,0.010429128070872373,-5.4470426948505235e-05,0.003522059456491533,0.0011069171427928737,0.001158902535705053,-0.004172892849998888
2025-05-02,-0.03802628798853469,0.02541869676773789,0.010249618135965477,0.014269603586031465,0.0177794587483886,0.02364608603813423,0.016110117740398167,0.022897123542394482,0.0006141362583473864,0.01914912409812164,0.04167511502650534,0.01277198820832215,0.0397859648977299,0.01906797006511951,-0.009139164461584137,-0.0024669538601749252,-0.0015426957147246512,0.033564082215125524,0.01362521799255667,0.020221921492857398,0.021666306896016785,-0.017817011553878714,0.028388333041450053,0.029781505805511976,0.004988311543977275,0.011862511051849545,0.021228244152187603,0.01333378529324758,0.018431795516384852,0.013008319238377197,0.020632030556389402,0.01646492537597588,0.02920285569400871,0.033366241559862786,0.02891863751994972,0.026093412349447398,0.025631385668087425,-0.0012503175545708345,-0.0019768386309708674,0.01919638137557822,0.01111743001600285,0.01580455073259035,0.04009707983911248,0.008585538082479083,0.004523739399136417,0.010608814880524342,0.024291544837930168,0.022738539162835636,0.018516940605167953,0.0196278125985625,0.02012704669174914,0.008954977596415503,-0.030590420858252365,0.016081783258823812,0.04191492837687605,0.0029078789221701484,0.026525419649144233,0.01253722557716408,0.017475199551395093,0.01586017048860988,0.0013887176895055475,0.010125092388537205,0.0059351968022332,0.022409640645143725,-0.00697387396460325,0.019616620037021804,0.01687275398267296,0.008889713264421673,0.010726703749351252,0.019843457101231365,0.0039909172659848835,0.01707046471512541,0.031729525737544506,0.003127705175972828,0.019138795111305118,0.004450831040572645,0.017157368923946592,0.01550849004887489,0.020077575645986556,0.012669224564792358,0.016983813563387073,0.027964653173699006,0.015666103504927698,0.03702844752768364,0.03853148880513624,0.02352340677227005,0.014345943289623797,0.030445888696037038,0.012132780527866593,0.02455486180220401,0.0125263583023143,0.009711959792666036,0.021138840578866613,0.020827454361640463,0.029596259964779215,0.019850295243729832,0.004655314072914862,0.014754982803236949,0.037245681436846034,-0.010382099319261151,0.021522718117174655,0.0355745086212389,0.022536401879801105,0.02238658335230248,-0.005634043481913764,0.0012457533056462466,0.02770402615081924,-0.002227179642551036,0.014872613903448517,0.041129177635485625,0.015228984637371212,0.029285144934830143,0.0073473202794440695,0.0034823327292023976,0.025836826857385198,-0.0001682163837930517,0.027891221052649406,0.021174489287611564,-0.07761504366692407,0.034578067199406703,0.01518393758667802,-0.0030482257162773863,0.009386051400305462,0.018074074578412258,0.03145799412321537,0.008299718047745763,0.02030596612258062,0.01651716312223339,0.023011172639392008,0.031702846788615346,-0.0021406913847048514,0.0072316285286495585,0.0016479407380431965,0.011329489402044146,0.0037585886766935417,0.018698985833666804,0.01340672354565342,0.022428516388732334,0.003161789295738515,0.027295375415662626,-0.004718859491724459,0.02840619380875964,0.033439193594563044,0.06575409718137326,0.037943515678045436,0.027565517960140618,0.004013468819374921,0.019951099342534917,0.033049494370721355,0.019175603775339667,0.017861727156177842,0.029192869387666853,0.016705322574162906,0.011803182203511398,0.026778636382252863,-0.005235302284711807,0.01784778706518164,0.014870079455112872,0.00980534429649893,0.01107322606537231,-0.00233709485571465,0.001789507333490814,0.010526312411989203,0.02217870792312837,0.011529357702384502,0.009763416734660524,0.007540313021708656,-0.007184013128710198,0.021801074699125955,0.023084518041158297,0.03821729005446528,0.038894061285567716,0.002133985617372325,0.01983489616674028,0.02077174202178611,0.03586698730947191,0.023228908626336864,0.01464841350481283,0.005479023170277486,0.009473227305478282,0.009032338207190627,0.00124564501547475,0.026561296072004303,0.002085204332491486,0.019805650164684607,0.013125534342073308,0.0037966186181410677,0.012068771375813192
2025-05-05,-0.03191268494379429,-0.01293522264817959,-0.0027380004384705003,-0.0021024158575491114,0.0017589871799312817,-0.005469634006272983,0.0011880227238867391,-0.000305962701474094,-0.00310389062726113,0.0020013789239587965,0.01158622906438822,0.0493640481848443,-0.0037706187424246806,0.015021732962968493,-0.004210232686942206,0.0006610451649695648,-0.019677464916256326,-0.009054459534911352,-0.001819660697393033,-0.019320807943675078,-0.00991688904790422,-0.009693785177279146,-0.01753086927307912,0.0035586609361182298,0.0038402647991730987,0.003285638660151413,0.00028743989928781133,-0.0012671068201797198,-0.003491574957163124,-0.010521018264956439,-0.008670206253954316,-0.0068541176702572315,-0.010140244890342487,0.0010365247554329216,-0.00333383230154638,0.0005931234255243112,0.002465583034685359,-0.005177956406432926,0.0032107996171131248,0.0001594258238393209,0.006631834203733256,0.007228197353435384,-0.0008894394056202515,-0.04222334474994227,-0.0017917319336753224,0.006595105239570742,-0.006772119895016804,-0.007332403082134675,0.0051108618330699684,-0.0011461957071290385,-0.008691061802807987,0.0007315510237964062,-0.006869160218388792,-0.022122427379632548,-0.0008890509260552903,-0.001209074975474067,-0.004215894665470898,-0.007612114277782744,-0.004972858068999386,0.01212244102107185,-0.007519844241179463,-0.0018382130556755527,0.01715132322622459,-0.00048143133022815476,-0.02093809757014231,-0.015160070308983364,0.009266513099503548,-0.028760918718373052,0.009487882431242767,0.024479818298037692,-0.004856600540930955,0.0031345765528758562,0.00767583808004435,-0.009454759663482193,-0.010187834300944942,0.0006814109130863777,0.00022235505854872883,-0.0001782391761642188,-0.013455256075314281,0.0024437257755005604,-0.007910148191048627,-0.008797265811637978,0.00026812432589640167,-0.0012128631932331047,-0.013125190700258749,0.013919052716731883,0.002234853311401608,-0.01820341652500046,-0.0006073097174770226,0.005686853194431407,-0.006267355480719772,-0.008177463316877187,-0.0011710220268428273,-0.018731515703794166,-0.009200251815618898,0.0013883830983245637,0.00031583363648746143,-0.0059497666642833735,-0.0018802508411699392,-0.002655898717678795,-0.008988397306590734,-0.010803133076965565,0.0025493595233365696,-0.00884667006964257,0.011717619388930345,-0.0030642551881463476,-0.0005737836099122262,0.00028019763407005627,-0.017084865269325178,0.0024461522810206304,-0.0025243486523391923,-0.009626366323302271,0.012702009196614128,0.0027890479261634127,0.010903084000234209,-0.0033027392441686843,-0.006482218145596796,0.00025756869271376104,-0.0027253651737524365,-0.006376312927717009,-0.015305350078111957,0.025057425080490248,-0.00044520664690406164,-0.02161724970814838,-0.021665417399455045,0.0024660384710690764,0.0009522087023050574,-0.010513910716540842,-0.008509694102359688,-0.013279342571992814,-0.014963304860867055,0.0018722700204545362,-0.013094873145191421,-0.01362034214555985,-0.01019518386053786,-0.0019799073572430714,-0.005041136198656204,-0.0006829189486818876,0.011954639328622285,0.00039094832302666305,0.002335840182921878,0.019962352433400277,-0.002665958046346617,-0.03653745567403455,-0.008028941407120627,-0.0019055759722146348,0.0004107314042487431,-0.014306608214404548,-0.03554008948339149,-0.01872789525452845,0.0015458762556459504,0.0022228910157178206,0.0003815286389894368,-0.0007583395888461908,0.009844434109069766,-0.0007424421666524239,-0.005882857497510052,-0.0018476822718600516,-0.0019085075848126465,0.008094017165391598,-0.004879711231350559,-0.0044195207032529105,0.014656393018200653,-0.003414103113247524,-0.0028659604013245854,-0.0019419671917360048,-0.0023752716404903396,0.006104469838416726,-0.0002527843258990359,-0.024979970383196992,-0.013300574028029644,0.011392442601562358,0.01618565296416108,-0.007735026556558999,-0.006828935086292454,-0.013710015049001711,-0.0006806500894374068,0.0027090450752398354,-0.0010183703911836872,-0.005220250024521089,-0.0006945575645458391,4.683845809605458e-05,-9.659082629198679e-05,0.0034009792652449633,0.0024321759580372415,0.005319180654542066,-0.028331513644024753,0.0045643531038841445
2025-05-06,-0.0018612619809497133,-0.04733042259957276,-0.025900649512590412,0.003018535295161051,0.006286207823257506,-0.011859208886617623,-0.0021707747840835623,-0.005710626856934908,-0.0007797641042142089,0.0013361983150259604,0.010365589421355459,-0.017553927944708114,-0.010878286129550219,-0.02271214822874068,-0.03503072541652319,-0.0008137540691084411,-0.007602153319359317,0.00230761654026157,0.007156355568418427,-0.016647127712125176,-0.00957764287982421,-0.03485033399596915,-0.006231598484967904,-0.010308000186507904,-0.00884859564869167,-0.004777016591515526,-0.007761800406469899,0.007089878917517112,-0.006797840364372476,-0.0072050085375012785,-0.049554019003592575,-0.0014083717330999335,-0.016185341272047182,-0.012980765712827136,-0.008465572774773555,-0.0115361742558866,0.09634334565312219,0.0024628435474456367,0.0032026748574818242,0.0016098936691846255,0.0006219353474650191,-0.01409549267607435,-0.012985511885299061,0.0004646720427761153,-0.005259216814808454,-0.0042544998241886844,-0.0017805678436118022,0.004288035467696183,-0.002013765819671498,-0.002664620878340962,-0.014081843044261966,0.006465620995034449,-0.014568612186599772,0.000514054621484128,-0.0797558419408535,-0.013151377342146553,-0.006136039210298705,-0.037233111713400824,-0.0002047311147075348,-0.0005590145581360062,0.01730446466183011,-0.010391798943118147,-0.003734816500060134,-0.01132975018304716,0.002236964333221181,-0.001611082669483288,-0.008006604250649474,-0.023295238509689842,0.0004082017128084203,-0.013247658990653832,-0.007229962844481186,-0.00444650412473635,-0.003988955682060258,-0.05016853124719489,-0.016927380071468878,0.0006780489686963875,-0.006356191112223186,-0.0072609947317197054,-0.020232124857985312,0.019134947583073547,-0.006744856995001491,-0.010679013146082106,-0.020661524996126168,0.006451453208219604,-0.008810356665001517,-0.0009967941324005025,0.006114683242875785,-0.017498072013729438,-0.010344195185679972,-0.0013967153157041778,-0.004425836857036458,-0.004402862824776754,-0.014561515578956019,-0.01024133222123691,-0.022409347523590917,0.012472692001803232,-0.00010289566034682451,-0.012623011535572104,-0.05731967839811336,-0.007159182344127046,-0.009874116305328862,-0.012783199009400725,-0.004341668626874018,0.01880072593291171,0.0031202122552000944,0.004668465719794845,-0.0042178870920901446,-0.0047439798616828455,-0.0140810474400892,-0.021474912381476585,0.001221869353397409,-0.02051811538757331,-0.016237332029903406,0.008574076333400349,0.006882189455820864,-0.04616378031333479,-0.011987106182226981,-0.008363831029159385,0.017637051719577634,-0.001534154372293095,0.00619568579852281,0.02534589492257222,-0.022774367162633702,0.0011639935900387144,-0.005694290380328759,-0.013342075455637037,-0.01291681954449686,-0.017756839166630733,-0.005015997803752725,-0.014387384970053319,-0.0015630790098875025,0.002556188737560028,-0.009363918934928606,-0.04224961289270768,0.0030296643636340548,0.005623120101637902,-0.0053825661400965785,-0.007834762485112279,0.003535656154888045,-0.013757585619138979,-0.017787099368928416,-0.006361670686735543,0.003277502358604245,-0.02014776911756666,-0.016707414840364088,-0.07613642413802246,5.13188604891468e-05,-0.00513674210949322,0.014515184801997982,0.02107200057091152,-0.00807584939914463,-0.003053096787380305,-0.020615272497030546,0.0014390707042934991,-0.009077396844864083,0.0011228658134099234,-0.004540340094182582,-0.00854293043264942,-0.00430539690465892,-0.010294090457986016,0.022101767736232958,0.001794231544967051,-0.05703221011290438,-0.01007293608869908,-0.004503921701656921,-0.03569779533777506,0.021866686099717647,0.0009127432907956035,0.0011654979119342102,-0.01815886392428112,-0.008737190428827368,0.0025109726457639425,-0.02174083830593343,-0.015138087655683918,-0.016559836994057164,-0.011403063849441786,-0.012084356785964534,-0.0029781353516753484,-0.10477474284578303,0.013275693995770332,-0.0015435919398152365,-0.004198361040726795,-0.005796360375599718,-0.003297014744222615,-0.025131270042416,-0.008420531520105357,0.013587501494704668,-0.05257235495167123
2025-05-07,-0.011398811465934244,0.0042410853417056416,0.01206731381407522,0.006221859962940002,0.0064428624391013045,0.020466217369806472,0.005984754751785282,0.01620573630005051,-0.0004076571279014729,0.009878398995797788,0.004010607907635411,0.0208860431801261,0.0173971194243574,0.014556174798788568,0.01969373021681875,-0.020036525986659726,0.019416290116904378,-0.05076082814878102,0.005304517678403897,-0.0109524110317345,0.01025348235484902,0.0008595475602115599,0.02022749339500063,0.002459987028583299,-0.0016584312297887038,-0.004245240841794562,0.001272131559432399,0.010711718088721511,0.00529530439846404,0.004727078220717829,0.002516525810692727,0.00625312858613114,0.01528221046359235,0.009207493994138005,-0.003442769911180754,0.006726034030243966,-0.022647344120886537,0.001888957076977782,-0.0009781307199334677,-0.002454156210832892,0.005617757467934581,-0.0022510837611324774,0.0032509705034602376,0.0011489223364060663,0.04498531294834063,-0.0032400869821227474,0.10066006890000168,0.019272560260581884,-0.049234208546868885,0.004915221867121566,0.009273907592976194,0.007859028261338885,0.006751728874771601,0.001176465957477113,-0.0739090197505261,-0.00664370524067337,0.017614255078583163,0.016580978304656213,0.10136418766600652,0.0027963951990566116,-0.003439135984109498,0.005886378556883898,0.010152730801415544,0.02282268792646036,-0.006526751634116756,0.01233514853510087,-0.0024200169828691998,0.06653505146334826,-0.011657807817806898,-0.0028120188598643736,-0.00588742057174052,0.00349007906358878,0.009498441897718202,0.009338987745205252,-0.0005011821546774264,-0.0008630621196004107,-0.07925095293933371,-0.0766418335973178,0.0028139777174187586,0.010327380242436845,0.00910661655287992,0.020450114229524807,0.021756248520862442,0.005472973341722032,0.00621764815363246,0.01616029428381438,0.006803671587844562,0.017301677696632822,0.02162062419035138,0.011833210748108058,0.0015671073068119767,0.017177265172170664,-0.0008075211059681564,0.022014857704219182,0.0195363813632472,0.0148541589034199,0.0090548004584603,0.0052935034808241355,0.0028078210489717037,0.006590551322306126,0.002093403901191948,0.023055035306179583,0.01250694762901805,0.015879301328928896,0.003958106463310962,0.014694667059869992,0.010212914792936623,-0.005357675582414068,0.009704934506549634,0.014730640981966303,0.005971642273791211,0.0039055217795054276,0.007438966840935812,0.005521494211762956,-0.0006255734407440983,0.0018047914190297831,0.005174467172424535,-0.0016926761729525452,0.005925883971266366,0.023217547042751363,0.011809180422678978,-0.015242902633534339,-0.008494192948458767,0.013423622082725295,0.02704882982497292,-0.004371480461832,0.018753082718212077,0.004955949112495972,0.027978334983581377,0.00756340775134845,-0.007387634570382495,-0.0033351482619465855,0.009136447906216816,-0.0038312807194746945,0.0006399409483996976,0.009864304820816017,0.013638712109989903,0.005230464808126278,0.005735821796370999,0.0021728533243354775,0.01626513492394821,0.010174042517654414,0.030950809005362956,-0.010093735587980213,0.007873482924433794,0.005757675655980954,0.003392531703828361,-0.006950321662630543,4.7145080564803266e-05,-0.03532061084989646,0.01256800477610387,-0.0024215213708318473,-0.002788871580656327,0.010438135143439276,0.01369380486315741,0.008966860542523492,0.007841825523256851,0.007316456847264341,0.010018466306900287,0.01700149257499195,-0.003384136475604649,0.008414891633662158,-0.00718957171966661,-0.0070632617790025165,0.0007036974078191705,0.003121810670451808,-0.010100590922808905,0.013076113435332992,0.002278527251108109,0.0026704929820011714,0.022193876071356478,-0.027887485071679485,-0.0047510034349480534,0.003404398808513065,0.003520745059796049,-0.001962701853739368,0.007338864645236587,0.00588621902629427,-0.033483031523678264,-0.006543731744850234,0.011870234105874289,0.004220565069479321,-0.00486505447179475,0.005907212273283946,0.00368310460422272,0.0023000925140914674,-0.0012155656159578143,0.04065780808764696
2025-05-08,0.006349877604434617,-0.014203514426117891,0.026433096716412585,-7.130680091371744e-05,-0.0012886799178266628,0.013425332612958307,0.006143234270338027,0.021259872292030302,-0.02231623882753997,-0.006270854486460031,-0.0029519420921424455,-0.07186386453185101,0.0006122825911152319,0.01033010133229606,-0.013912338883995012,-0.007907934574198805,0.017315138105607808,0.007442338459140885,-0.006966155723362455,0.019189465192784638,-0.0070447790975869395,0.029959773741450313,0.011260993709973022,0.02581188884653951,-0.020349531873353754,0.030461492763407705,0.015307563404732605,0.01654101200510638,-0.007222123283142423,0.007809715330779454,-0.01419563290258763,-0.014769792039833085,0.026038806214783605,0.017635490380909502,0.010716748635770657,-0.00284432087706854,0.007559275493886908,-0.003951214698629357,-0.0002087884798198658,-0.004505948706720719,-0.01084940403992185,0.027122651957232513,0.014427875798554979,0.012812519982200676,-0.07204791577477643,0.0006364545747148398,-0.039345053377496164,0.007026354501576293,0.012930043938069957,0.0013698547908420622,0.01993862834471516,-0.0012414559845117523,0.014377447000162746,0.00893955977590899,0.030774892195389647,0.03603521906598672,0.0026975170332637077,0.009631476520700843,0.028391956149172337,-0.003374125972126052,-0.022104888059641503,-0.00440464899212234,-0.010318052150771528,0.021644005126999488,0.01638269771659928,0.010555677912266859,-0.01235839229939284,0.028478743948141094,-0.0010231239906213219,-0.086781951329435,0.007753933639721211,0.018718737619989767,-0.0363083621966096,-0.008538691444151425,0.0019395373501236435,0.03943074290517634,0.017898207799449395,0.017700901592763607,0.022825490298990836,-0.021351737533835013,0.005572876033729024,0.005599897396810327,-0.0006183014440317436,-0.0005482059344679158,0.02381371424305012,0.0022785674197569605,-0.0011559991542648973,0.032325208142998996,0.021636234087724304,0.004905634226658684,0.011236447828772533,-0.011458384551616518,0.014858455486570499,0.02119273434261082,0.010649666361437937,-0.021324364016390263,-0.017516702607387025,0.007380196355539326,-0.032329514886403565,0.006757802445833683,0.004184248710927818,-0.004717785592775137,0.0008555469169371221,0.012858475187370821,-0.014955851397791875,-0.04655546583283421,0.0076660157073478175,0.0001377280201584341,0.005068741889523665,0.0006933309798293763,0.002927290276491412,0.017153611674255664,-0.008477281719911467,-0.009971344146467942,0.034248205102406004,-0.01796096457726115,0.021761810614812305,0.009276203272030159,-0.01171906475010065,0.027509970212891588,0.013712074534503849,-0.025544353173905687,0.01739719717478394,-0.011580333356964623,0.004660686742477438,-0.004854976484765849,-0.008743412733564604,0.017222095450319053,9.173968134312815e-05,0.0025269922215125362,-0.014306051120320795,0.0016547338206924778,-0.003569772497359125,0.007976890228254874,-0.0036370863831240996,-0.008305989124411717,0.028155133078497485,0.004351248613810199,-0.020936558640939573,0.016056154660485156,0.005924646067919426,0.026538477908735203,0.005512729186782472,-0.010971921161022635,0.018165214847480016,-0.02247151662704283,-0.010324669015733257,0.007347517292451755,-0.005413773821911327,0.006132550931048364,0.002698459280275678,0.019977982427728413,0.005525540592910438,0.01778571112567029,0.007247735397261756,-0.02047775786826911,0.009250528632509969,0.0033245851861067877,-0.0016369692929574242,-0.0043484893414085235,-0.023926325537859672,-0.005721007654245103,0.0009813373514679924,0.021351515633608376,-0.005136489881280681,0.008243059441081613,-0.015160179148966613,-0.008687019073932767,0.006524715548817284,0.030175650225223727,0.0046300478502177,-0.018430614592252148,-0.010157612258729465,0.01424512861969962,0.03324920976004986,0.025500378246988475,0.019695572678645856,0.0037722505274819795,-0.011178568012169876,-0.007037306872349269,0.029777449140150125,-0.021974146545023387,0.0010010586615640804,-0.010382935505989899,-0.03281374520198721,-0.014803939933107024,0.013599805599624482,0.036523192090567314
2025-05-09,0.005303519881997509,-0.006063725260070818,0.005349893600795852,-0.006132298617804288,-0.0005904484831456003,0.021978735158291407,0.001953571086225736,-0.008008078634895277,0.0032404662209932766,-0.003190588166895658,-0.0006233764423972943,-0.03205248305415864,-0.0031093570269558057,0.008213629605926087,-0.023092972543295787,0.009000980220871924,0.004703704707398337,-0.010629367845361948,-0.007527384512321156,0.005869337497394156,-0.0001073105357987103,-0.004868537982957832,-0.0010205414575814586,0.002297542643923123,-0.004261284330162596,0.014206554334575294,0.0036277719330310987,0.0030301006848478806,-0.01935983417004472,-0.006761971092176466,-0.007748648397560398,-0.004428294516888975,-0.0035703491159928546,-0.00461353729127989,0.002645005617400109,-0.008715130707344088,0.0012675397770207653,0.0010836144687376148,-0.010951903326923862,0.0013256858366972324,0.0074707915217056,6.931425962886095e-05,-0.010486436165176194,-0.0023565072893374506,-0.003995473198280308,0.0004575381417843971,0.01213569950901272,-0.013949245377181008,-0.04447491779372026,2.692008027604942e-05,-0.008270408842462551,-0.0015680143592584628,-0.014572954246681924,0.010301610213190315,0.0006566608756291004,0.004788863580717617,-0.00500837228093598,-0.02576225136280552,0.006914421621112332,-0.0012791075807578878,0.002076540343690425,-0.003626217551181199,-0.01724219834232521,0.0004763604072586247,0.01316582063371552,0.01527998008330167,0.004839441287780133,0.010265596859841075,0.018044335812292367,-0.0021635881123280853,-0.003137247122917408,-0.0006290738328420531,0.008948936850021738,-0.013844090458550617,-0.0018441823499237842,0.0020797451009069157,-0.01005924258889035,-0.011241638881662297,0.0006363303747063398,-0.002221872358345145,-0.006137013432620186,-0.0014108132523160677,-0.0073552342872806875,-0.002900059217313178,0.004006554020927311,-0.013752929910488376,0.00966882565814764,0.0187187505745543,-0.0047574775641408,-0.0019068557730719249,-0.0026955342745642596,-0.010271673543269522,-0.0029088588989907294,-0.005750202160889728,-0.005233398135188416,0.009834172442082068,-0.00955670527506669,-0.001786307286010036,-0.021973576556073127,-0.0021605277976366466,-0.010085001186082465,0.0035388372133802193,0.002138151614355266,-0.005131099684022367,0.00034278685459465663,0.0035679159267818505,-0.00254556543224993,-0.013183145144759045,-0.0021230664806060062,-0.010588920453238337,-0.00629242313944367,0.009856675258134828,0.012680879436053338,-0.01775306115887254,0.004522249080657126,-0.02107974737251439,-0.0027895658103753718,-0.0005079338518783061,-0.009613501095509847,0.005650781513399039,0.028272605449960686,0.017709594959837816,0.05885584412305711,-0.00571722355696469,-0.01068298093373965,-0.005032596425690095,0.005946000937884222,-0.003746910673499748,-0.008706466372918165,-0.003413701914429801,-0.0017982750196656738,-0.00893900472429543,-0.007409530815519538,-0.011492288074032242,-0.0058709060368817845,0.0023968785061612152,0.011183228790687672,0.013447611438334839,-0.015052443334693244,-0.0023159437867024124,-0.00336605804722101,-0.0023133074319536817,0.0005351902040207079,0.020368788134181415,-0.00099470198010021,-0.03554129266401329,-0.003439779517990793,-0.001787142947025977,-0.022370829156072247,0.013720220511561187,0.002812241008337324,-0.04951939720724763,-0.004967064707311231,-0.0010333474617967298,-0.0042670576786170145,-0.00029954838653711846,0.0008619405780914136,-0.0001890747943580351,-0.005079747805357471,-0.004208499296056267,0.012128157706375653,-0.001755209922925438,-0.008968076209305842,-0.0011379761790779597,-0.000696109731218364,-0.01771397971855393,-0.015023167339254684,0.0013831595945568154,-0.004697724906018941,0.04562407135787172,0.03873141500360777,0.004017339117556418,-0.008784276359906862,-0.0020405731394657067,-0.00907061019097366,0.0014596472327266241,-0.0032910990486403335,0.0033306685133833724,-0.009889897365507494,-0.0006372590703347392,0.005314249766977142,0.0049082338206254406,-0.007102858846510074,-0.0018571151900239613,0.010063259743351871,-0.005436078228717278,0.011362423364051466,-0.014445920136638257
2025-05-12,0.06128391120068599,0.028432035124137833,0.055124031454655054,-0.009870408079198256,0.03375714867637214,0.07158549900945044,0.005284159705077229,0.01910997342005416,-0.03666635907407745,-0.0038630569243718327,-0.020380565359293,0.06928752777106961,0.07594516869253987,0.04713395588850133,0.032851265474811875,-0.05688355957762159,0.07722392441681869,0.06288702974725702,-0.0018029358712778887,0.018921656680143784,0.039488176862936264,0.0803333403248736,0.05919660564481699,0.04871317108743067,-0.0011214507605501467,0.01661827830921858,0.03595104600093446,0.012002614091357167,0.022608840017461773,0.03562672508116016,0.038033524165108634,-0.00015933035336335166,0.06610877393691617,0.04533184965785253,0.04911537078572614,0.017788676908232937,0.04837708726866197,-0.054570384984135245,-0.007146682623276668,0.014078916894433302,-0.05090806640441059,0.07406688496699143,0.06164079301189229,0.04093649980524283,-0.0177381350311121,0.008044070432132067,0.003172815944587626,0.049120345703014046,0.043508297658608974,0.030316169356863654,0.052543131630578443,0.009879334521120775,-0.03430318337316507,0.022125547761010722,0.043292995509703225,0.005588386796530287,0.07360672691353454,0.057568532326826904,0.0411962109006776,-0.003926776578138558,-0.03861137772160461,0.006396725721793395,0.03134662785422382,0.05813029302287198,0.0265095194441205,0.009335439959258451,0.007907523415450868,0.01373185952813527,0.018207047796638065,0.04744916495342277,0.015495196412141254,0.015573494437024493,0.03827274966443728,0.06784764889159156,0.03856052905483187,0.042379553559841465,0.03190414796680141,0.03542459973963119,0.04002041593579797,0.02512462559508233,0.0373263436307969,0.03728017786142601,0.028897981784024473,-0.005826647852504863,0.058835332367971116,0.01710138239610348,-0.028620070231031747,0.03378204681642716,0.011396001635805675,0.04656565647394384,0.031432865490933715,-0.0014964538931359073,0.025799195597703495,0.0600172258336924,0.07894298302294445,-0.0001014490438997484,-0.014519856673866904,0.003352824214628569,0.02893296252588673,-0.0007903274366096724,0.04609973603919748,0.08490285067530667,0.016254898376095284,0.05282274222926553,-0.005889653239316672,-0.009674644135595045,0.03380689872586906,-0.008627006017767336,0.02708084425141699,0.07492780642497454,0.0014414784607668096,0.05221290154158442,0.0043664855070293385,-0.0441885783343281,0.045336042620077066,0.05784180768088554,0.04178878263938479,0.021932580373257515,0.015507272612224732,0.06956503177089068,-0.00929596874102856,-0.06493582184456326,0.06924465339251995,-0.028893012997118994,0.07056940413547519,-0.008608091085815062,0.03586753697074041,0.06631236804119833,0.05045330453868946,0.04106681587050698,-0.015823295192779696,0.03412729460392949,0.009612834755126087,0.035820032280290626,0.02073109958880437,-0.014765281461830426,0.03109210725685685,0.03156494155995482,-0.030707602773927256,0.04957590916813981,0.018689721827854555,0.029572791794096887,0.04667957761846875,0.01673137054568219,0.034730764338177345,0.08823741886645298,-0.029488051991171105,0.012794711111875579,0.06562613114351468,0.03078227509060749,0.009020709661213822,0.020452288369802396,0.014803754611006248,0.03408271300267263,0.044957270084600154,-0.02959985782170005,0.049076393762751636,0.020294764814059008,0.0028593188217538312,0.018448393085664705,-0.031517889617489914,1.7148705282465926e-05,0.030683971559935408,0.052307545871667305,0.025345295124370004,0.07161602013120039,-0.014459931247058577,-0.014728145593227993,-0.007023596264462917,0.06479590797458279,0.08302697985318908,0.05976340437658756,-0.0009452606268860464,0.06545620866777568,0.05591886733902207,0.05486946221829214,0.045831691963930776,0.009066940704927973,0.03417529910799999,-0.014723617451525062,0.02878771015038506,-0.02542977920858469,0.03221642174598571,-0.031560217548650016,-0.009631395020595512,-0.00022695154662866202,0.01683274329022577,0.01713562493051235
2025-05-13,0.010152329251759795,-0.011719567478616355,0.028430421772823955,-0.022970819662328168,0.0049408712464753535,0.014615918174363252,-0.003949614545652125,0.012319122093001234,-0.015040798636586139,-0.0052093975086418,0.0045109946865453665,-0.016188853421940763,0.028954289987454196,0.03642240377688122,-0.01588779826964437,-0.01977522927554798,0.01261451076159581,0.050025975622840946,0.0045494551322358134,-0.00898939233018492,0.01168442208274012,0.011857438304390122,0.044674342718799664,0.010549377048669761,-0.006599277798962078,0.02224070749365481,0.02006646856371308,0.007730252175216279,0.01165202416678568,5.300846666411729e-05,-0.03209207009185011,0.000520756072942774,-0.003249855815240288,0.006814101185794286,0.027175234674275295,0.020247874736528892,0.020026503988299638,-0.04482289570479292,-0.013894478431566881,0.002463671578981863,-0.008769866112485758,0.011087714076847277,0.0041746403990003955,0.020619111529186718,0.000946415071351403,-0.016910879722577654,0.013742288773226363,0.0028250333447283893,0.023319870370538176,0.0008046230585119218,0.006914989301651353,-0.008223479472641237,-0.07033487440945496,0.004917809817329477,0.026840903694292706,0.0054108997049135965,0.04016153050029736,-0.02052494233460056,0.00716686320769,-0.0017045186831206038,-0.02495881491072449,-0.012520480146668511,-0.10249681797314825,0.01623377034347051,0.02284896460385344,0.011456727857095839,-0.001033523615836529,0.0320613328894046,0.025505384379528984,0.03018732638618271,-0.013316744213583753,0.009122466356378034,0.03498798701763395,-0.024317767876381957,0.011233801220785544,0.015905375157180934,0.006951485951753433,0.005454759903491535,0.019033033367500174,0.011580683920941581,-0.00819827007491103,0.01341069044558818,-0.005411497626606199,0.005537238428859226,0.025708222379067447,0.018374868553864943,-0.004281592235563458,0.015903526992384176,-0.009737602185373007,0.005642318056879425,-0.004950705437651415,-0.038658068751002084,0.009949169727806684,0.013066746332852652,0.04333661377328735,0.006831697438354212,-0.008613527190224346,-0.008814339090037926,-0.011920655365500465,-0.02860652081902959,-0.008818360255992808,0.03324098591456526,-0.003447818802567504,0.007995256330494804,-0.01067226450811809,-0.0006937318828272865,-0.005280404374010672,-0.026465098357191685,-0.008638571685748886,0.024313995853771253,-0.013815108022559919,0.0021472290738122624,-0.020105424876410538,-0.010027196611712696,0.027693779027148757,-0.04760549245044654,0.01655095957024333,-0.0020522028742542275,0.0007574048143501599,0.04640053576335834,0.033696852012098155,-0.01790532781424803,0.050933287200955135,0.023267130191857,-0.0033149464126465134,-0.01929043589422541,0.020828779906476136,0.0035981047045163805,0.05225843930361762,0.02793565546767507,-0.01534354028392837,-0.00819818226533453,-0.010307006424438825,-0.009463814581823105,-0.013189529762690277,0.008636060480451846,0.013266028338449587,-0.005650285701769953,-0.007736474889873612,0.013778498255165417,0.029646187648814326,0.0005365161345460834,-0.005156802251938153,0.04149585210699591,0.020063122601632344,-0.0011052721686866107,-0.014902335427475322,-0.0005622776406264407,0.014918161400884422,0.010170951037212994,0.008329699546020919,0.07596283744194743,-0.0032314477240245054,0.0006451835347478507,0.01885937109359137,-0.026241313926295362,-0.06381625547298153,-0.00582224660729036,-0.007611733821199174,-0.0015920097188129034,-0.02220219066458151,-0.012477398709494825,-0.001576171596085807,0.005208573724235777,-0.005882598351260704,-0.007365269673570651,-0.01251990874479425,-0.0031955372010621375,-0.012521602451568192,0.047620797304596785,0.004385599152374908,0.03810764199432892,-0.1918298315359479,-0.011053006067298199,-0.012006260274870506,0.012000634044051495,0.007707276642392014,0.0021956549975641337,-0.016017239562764907,-0.008810041700925364,0.013532671027283172,-0.003751588086635671,0.013941072193613735,-0.014468717195837755,0.01592258367816779,-0.009569960053175564,0.0024842464494696515,-0.008735295495446493
2025-05-14,-0.0027705450735542314,-0.058578480995377546,-0.00413551934847689,-0.004248795015425522,0.006455604092884926,-0.0004616260635446068,0.003854869806474426,-0.005553328170962324,-0.010570355318755276,-0.010898414453539118,-0.009006244619025772,-0.0012052528801085316,0.005788178186613813,0.04277789487675676,-0.03075167053769956,0.0020983286248510424,-0.005698172964365256,0.007926683119240607,-0.007742961987207586,-0.007566222140677148,-0.005573544707420552,-0.0051102507753508775,-0.004379577743244489,-0.007998592168984686,-0.0010768443069490985,0.004278524976061959,0.009405684253780855,-0.0016401404456196644,-0.009998928139305363,0.00703518585313212,-0.05300673409461032,-0.000256565915266016,-0.0017738991225337841,-0.005669819284837452,-0.009773960259706449,0.0006771181114579861,-0.013238265603887633,0.004858103189596008,-0.003192409080844172,-0.006183654831375396,-0.008569960817431443,-0.006153468967419862,-0.020344527746907204,-0.016900188439318953,-0.0007408473204417731,-0.007445015410887379,0.010894323687195229,0.007028578412268338,-0.011151858446432072,-0.008940477273039704,0.015272395944711636,-0.005852295947548214,-0.009150591989774526,-0.005012280292975291,-0.007264666599549052,-0.0026721238940687897,0.027187619402751828,-0.04502621119510408,0.01305305308281035,-0.0012832501958035536,-0.006079138792203231,-0.006123449709067863,-0.0011076825722913242,-0.0011997769463185648,-0.008732971670172063,0.007585169531416636,-0.01018969428271177,0.0093054371967356,-0.002608884395948863,-0.016361143054565375,-0.01016250882808123,0.004645871430993154,-0.005444438420126652,-0.03155968894935679,-0.015402358636977365,-0.004060184855929627,0.0349104672487206,0.03467837883769054,0.01098362162315869,-0.003231434220806406,-0.0023437458354340635,-0.0125386640596723,-0.005069244710468546,0.004337389223783461,0.00155227552588455,-0.0037380216701325963,-0.0060367124725635435,-0.048279526675396145,-0.007461424726326271,0.00468624171301002,-0.016451062493988644,-0.015089284751722332,0.00858093342032884,0.01638505914875399,0.009168364714200905,-0.0015571256032558267,0.002514355324426454,-0.011011538724207348,-0.040994878240067756,-0.02346302970230507,-0.00998783370592271,-0.005873749674602635,-0.006295702633684286,-0.005658885841459238,-0.004125631961646725,-0.009100675319940521,-0.012148395628068798,-0.009856033582488877,-0.010603423114265986,0.003747693090887516,-0.004998387247200142,-0.01973184112050408,0.011185487392221916,-0.004045414459621366,0.0025736611508424545,-0.04131829702969192,0.01166882255555901,0.006639919524570992,0.004496575611233844,-0.019402200839229167,0.0006698003250402706,-0.03238940778072319,0.023356911500558297,0.008931739119431015,-0.010909240930500275,-0.03241987019261927,-0.009348742968136925,0.0026220870836510812,0.03824119766134526,0.0005019283280143227,0.002523158572207862,-0.006161715091677955,-0.014224976146151036,-0.037764973449853745,-0.004094132087224089,-0.015443399286353632,-0.006410747729203692,-0.019252219339934484,-0.0003090939044838592,0.0012258658467976247,-0.003514350408006628,0.006193517269637461,0.010762447130212571,0.025642850548051932,0.011587903082290296,-0.003436540371766661,-9.101072986616998e-05,-0.001251831859488739,-0.003027979191875474,0.00024710385248027933,0.009265801115958539,0.05421485040194529,-0.013322060065769747,0.00036253105506478533,0.0028147630366150977,-0.008485270825474345,0.0016211537678261223,-0.007491161262850099,-0.004050083338961841,-0.003300938204510828,-0.0016293675748753067,-0.007645710474744938,-0.018193593688236476,-0.003275289561815331,0.0025072969811210655,-0.05377947049813603,-0.008717089145708456,0.004008624630966295,-0.00957302471101329,0.03944779844969659,-0.005094937880766537,-0.01654586372597766,-0.006849232804285066,0.0007545464228124743,0.00031881727757632206,-0.011617474692517504,-0.0035996125628834363,0.0006197472786642066,-0.024513726781021816,-0.007696206761715008,0.004923572496055684,-0.009747944369031813,0.0030352286402113293,0.0001787833432764785,0.0018391064310891991,0.009322495039699064,-0.009253516357373037,-0.0341901354685934
2025-05-15,-0.0041018062715858505,0.02284539231715943,-0.0045930896635058005,0.03613708914228653,0.014242923649584682,0.00024254284304348062,0.02050428351266831,0.00022000281312894998,0.029392350294655145,0.01785127774971329,0.02610646180211873,0.05376533599798883,0.0028904880881315265,-0.026397228386701777,0.03517201678509263,0.03396196525342976,-0.024843746620977214,-0.024130991215859154,0.018239601181621268,0.011129948609251983,0.00013927751889486473,-0.0011070963811077306,-0.0008502377684802553,-0.002528921605032153,0.029247696502196163,0.005305493369197833,-0.009008288993706426,0.014600139535656531,0.002809723621956195,0.015283469801465444,0.0390552878642807,0.01812616321906102,-0.011877330111995654,0.0069017354074194515,-0.0011423365869998037,-0.0035543064979481898,-0.014710454213004098,0.018034258376196988,0.023593104594447745,0.022485176381408234,0.027716339783957267,-0.0030750372591556996,5.538716374431374e-05,0.004440723263458679,0.022859429217430005,0.018992077804885987,-0.004801972160608958,0.0016828523363994208,-0.010876770435360505,0.04634316502351066,0.00801887383955302,0.021155313311721713,0.005618024812307887,0.003932349925274359,-0.0010793816437262294,0.03660763528552646,-0.003133341613884788,0.017239369788669023,-0.007251391569732313,0.012216424260151904,0.029805587726405847,0.022023882952082907,0.042969444286853786,-0.011129578840304966,0.002728783020458536,0.009078603358833703,0.010200681690894164,-0.010061768886340694,-0.17318787077959819,-0.005395799338277385,0.02688802249706157,0.02431470950204062,-0.01796736237652663,0.01869886561313905,0.009962557742871248,-0.004867013617948501,-0.009712809317555582,-0.009837771690762942,0.005171007870746536,0.046217830302073715,0.015263546808005124,-0.0027294075902082326,0.02296429938471345,0.008447081107083143,0.015012436405576146,0.0330318237154783,0.01596687302757438,0.0003091442979692438,0.011507282529001017,-0.008887570156514535,0.01121282126510259,0.02098499388079844,0.005570971498505273,-0.02688478954689355,-0.0009589801686704646,0.019372678589084646,0.03443022838484211,0.017802224802340838,0.025221605626468246,0.03488505810240028,0.016948968595785097,-0.004704569215231658,0.01490139698379167,-0.004105909592115431,0.02218231008503846,0.034179093845750685,0.01671333959408372,0.024411672474967006,0.021389567771791462,-0.02507269184966976,0.02168306312973467,0.005222341753055915,0.02005119869850791,0.028686565890157834,0.009172611457757718,0.018734001260657607,0.009844054632518251,0.0004685287198746835,0.02455419430469874,-0.0012899037671365576,0.03172949990488938,0.020135801546958376,-0.014739578800979203,0.02114687026046891,0.010521006970304114,0.02614575547385911,0.00835513456643433,0.010055962054256185,-0.006328415148089128,-0.025706572273064943,0.03173979767656121,0.010006147688192968,0.023618630639527183,0.026108560444332962,0.02779118884300491,0.010976838462345206,-0.004296185156844601,0.015111516063715413,0.02908729803921606,0.008436725261351086,-0.010396459256912571,-0.014577114203301988,-0.0024374390989789774,0.011057794098808138,-0.007822010521707945,0.025027090783915185,0.028102960805838073,0.03373911866017387,0.009178517673537279,-0.013754109126608682,0.009262953783726324,0.006004163326925216,0.028165192438146747,0.006332055023609229,-0.007121166943479196,0.027931958414075808,0.011170829178587915,0.013810422133046174,0.020828946561135986,0.014932018404069325,0.031855777265012986,-0.0008882420313081063,0.009688967497940126,-0.001582596898147326,0.016015127165511345,-0.0016773962588434443,0.020444415128547,0.026963871337941647,0.030417044606362076,-0.01456106921082867,0.002097406718610806,-0.00492932458754769,-0.11169524953074017,0.011292754915502634,0.008923009546090377,-0.0021581820483635994,0.007442651572982406,0.015972220768756706,0.031805964380438034,0.025695384911176067,0.013643566828169362,0.022700788898595725,-0.009860533871167476,0.024415236247012473,0.009349056899767838,-0.005506444070525696,0.009829227313485234,0.035084300507209676
2025-05-16,-0.0008477237724244802,0.012028526195313027,0.009027079862702792,0.010370319063213174,0.03153683484896508,-0.0011232135387837516,0.010986972398300487,0.007154223784270997,0.013195551921422854,0.009702533680790104,0.011872001508086427,0.0029294435622668757,-0.05456856294853285,0.015847262434766307,0.011368018670212976,0.007453235747137299,0.001659638978158462,0.00163833332046881,0.009559603752054002,0.016659743532700055,0.0067060723750183016,0.0031333806934092934,-0.02056273382411522,-0.00012706506208814972,0.006172199197632011,-0.004130404474357974,0.006031683461587445,0.005824383140501155,0.013788019463691015,0.00557481545779126,0.02177774078828376,0.010933691174331628,-0.0009026011060182526,-0.005122298597144415,0.009148330992048592,0.007103199545121619,0.023108307461701116,0.03839948236011104,0.018035160760619284,0.004686072810856867,0.007459347396907567,0.006201608816574833,-0.0026806789533537767,-0.005481225022663239,0.015399277377246001,0.015167018676882194,0.012595824209647777,0.0029543255591217843,0.015609087905033903,-0.010987079356319818,-5.827862826546237e-06,0.01019952276581293,0.031980763391211475,-0.0013490067669117423,0.022157022900223033,0.028414969083861763,0.027723923094173486,0.027375883675754054,0.00978062515952871,0.012880424840551186,0.011140707035458774,0.011608373836350161,0.035362723843463506,0.006354597337637102,-0.0027164537432131652,0.003766317655395479,0.01085737021371802,-0.0006574949960449494,0.04961190400336246,0.02071571267502481,0.006276295490115658,0.007590716815600196,-0.0017633549667754878,0.020270242194216692,0.010431252411069014,0.0038925704950161233,0.01097456549208431,0.012234143692164245,0.0032337962125463804,0.0036261880176100547,0.0054354397031719515,0.0121954064019274,0.007455029461454821,0.006354803991111879,0.00838908190968679,-0.00045578451660155395,0.007158909654054746,0.0040075730981916635,0.012074265147662189,0.007071814259640874,0.013233186740832181,0.010453366141758735,-0.0011073661156402181,0.0018068369861694578,-0.020771206364172734,0.003107684796789467,0.005049543347344532,0.007257346891409,0.03513053456998261,0.006783614217286349,0.00748218083098795,-0.006838712992844442,0.001314814343506221,0.006473398594495805,0.012784228845627688,0.023276957838633372,0.004724015800689152,0.0023019159681263446,0.0033774395300518734,-0.006828535839653149,0.018746222423547287,0.02838040850599377,0.006949343555858967,0.012631188584346198,-0.008697205682962839,0.017497786837715523,-0.003805272990720532,0.0007274963949237545,-0.0034333313032792745,0.02371223715201065,0.005579058872739573,0.0013782923085261523,0.024585312942135396,0.009405342696584107,0.011039731425592336,0.007332219363187065,0.0050649223954337685,0.007738792383257476,0.0016656211325312142,0.0031350703214645392,0.007177426962022615,-1.3956412958648912e-06,0.0037951618344083116,0.010235320163411554,0.005731384051131272,0.01752943883581981,0.010395287455255975,0.012088499354758753,0.006066532382909884,-0.0007981964798142727,0.010640286518818876,0.009300158682696846,-0.0007370614989055113,0.0007514163445270228,0.018211611731335786,0.017275033512926363,0.01105942955461714,-0.0020824046606726654,-0.011649061880466327,-0.01645079268134708,0.004983478653585394,-0.021976091956070753,0.007752292993389531,-0.0014090256453593852,-0.0010563730929646908,0.014363828203073581,0.012496635205234696,0.005679765350077304,0.014347847979517603,0.004938004922931505,0.012917965901458217,0.0009225394418734822,0.011778207544312025,0.004959134313180957,0.001478212734290274,0.018539590374057724,0.010313788704181093,0.0077569396534347135,0.009288193978906456,0.02018636872915902,0.003045946363006813,0.015757145173626697,0.06607343658490628,0.0028263403020192257,0.011542779048621554,0.01504901413780857,0.007158267324463896,0.007475144602700823,0.010681120154258927,0.011024125523514616,-0.005387498648690148,0.011036082261519198,0.007001315316482071,0.00785477657927558,-5.687440914847741e-05,0.01888899031830249,-0.0038584269707220287,0.01727069767999545
2025-05-19,-0.01175728942360088,0.008372791102900123,-0.009976444613564617,0.005103864989655094,0.009734743998331297,-0.01245977528478548,0.011082258911988774,-0.007932030436679227,0.006376283469127664,-0.0037389239822074316,0.004839919832233086,0.01891033458804081,0.001625856787712543,-0.023890619631938392,0.01247191395238989,0.007622218559534488,0.002383365032923024,0.0009015334915929429,0.008680466539804144,-0.0053940364394380325,-0.009247755151434056,-0.00796030860310637,0.005709286199236274,-0.002096846571641109,0.023143075194122176,-0.0048651623031270574,0.0008592754171803385,0.0011285966967014005,0.010150060283280027,0.0028364696836593595,0.0114693540745332,0.005573283536993046,-0.009119002731654113,0.0034421902924437475,-0.004431760245051208,-0.005537264548232557,0.008301360979908523,0.003206578999525256,0.0059160776405899895,-0.0006784821252101558,0.005090776179629941,0.005557358497076947,-0.00029906829837411664,-0.013385606334097133,0.006991462186891617,0.008342035690095173,-0.005138506687182964,-0.0105496614205709,0.010093752377598797,0.0037269101770389668,-0.004163021410755086,0.00927853744798135,0.0024717914750027603,-0.013849929267914618,-0.0015087732772371965,-0.0036329568650623756,-0.0009935392586761793,0.0022403773447372544,-0.007579190374998213,0.003843202751641961,0.005589665513352493,0.007982113395894608,0.003142215148550953,-0.009611720704431725,-0.013115169728021847,0.004367341319279738,0.0027803042303915504,0.0032376287716280316,0.018148521800205764,0.0026444213405225625,0.0007567375180972391,0.012212223292267232,0.038086946509737096,0.034056499003412455,-0.004378077200158259,-0.007856154277814387,0.0014003644836018125,0.0008287707998793081,-0.012766771891863371,-0.003227126189882412,-0.003910465084544512,0.0019436139243600437,0.008908056287737054,0.017946393845273967,-0.007505726085544673,0.005410205624388986,0.002016699866731919,-0.014095248467894006,-0.0005337489026278064,-0.002337669310436219,0.0012055914088344721,0.006658339705431615,-0.011435963427588014,-0.0035224139725800185,-0.005067851540162316,-0.00331058288458852,-0.0013543860551594733,0.005048890304611753,-0.002269195111490596,0.010040574033843619,0.0007072973211963429,-0.009834979228939389,0.00481340112578188,-0.00013520225028784694,0.007926524323554673,0.0019890289828268237,0.006100767918369776,0.005647558623780746,0.005665184909386944,-0.0011748801071398418,0.002591195315401862,0.00612815943208922,-0.0008816704396377162,0.008237593587706371,-0.012929787077561983,0.016058577060516832,-0.011500992860027814,0.00829011729651885,0.002475079939801894,0.00395805234351343,-0.015755557752330063,0.012606426365112444,-0.001642889442463158,-0.0019394469063689357,-0.016729585115035306,-0.005755012850599428,-0.013723258970938623,-0.010712626375392276,-0.0012983024871671134,-0.008990204329189844,0.007617353875718713,0.006400795813696902,-0.0012892491253193583,0.0075285724795550735,0.009472902661880944,0.008017853625036153,-0.002722855902622001,0.0009805237996758365,0.014300303062861452,-0.004931865579359318,-0.0024941793988295657,0.0027507363684522446,0.007822122737876747,-0.006158441660515379,-0.008253707401198795,0.005180253001021207,0.009931157494375675,0.010828673021605617,-0.010389223092390765,0.008278246687900115,0.004492560357491904,0.004621356687029454,-0.004281307365872955,-0.0076518741862106054,0.0021074801174520985,0.016276886234418697,-0.00406446170016217,0.003052110242448336,0.01006043211371832,0.00104322870352469,0.009513191392823916,-0.0008882420313081063,0.01112623028601778,-0.00036911439142306435,0.011820518775524924,0.005588457807683689,0.006488801942536426,0.013738341183797687,0.002581351850479585,-0.023286314964846788,-0.0013640299165871284,0.005112425770943396,0.08298109089966221,-0.007970981026622859,-0.0038116668511429808,-0.004447765848756724,-0.0033375066464613745,0.007306840579262008,0.005470840465714666,0.006610768690474167,0.0015887465186184002,0.011548527601372705,-0.0023503354053291403,0.008782133151117755,-0.004658544459045899,-0.0017591583577498682,-0.016285899555338545,0.006139067967853684
2025-05-20,-0.009187513347391096,-0.005410637682015107,-0.03305041971233624,-0.0030299550628978267,-0.006064237399497685,-0.0013017390565863707,-0.0005914475233073091,-0.000794490929108882,-0.0012616568753269775,-0.00772096498160213,-0.009968857704937939,-0.004404449819518597,-0.0018727808297676063,-0.013711167103633848,-0.003126792473856277,0.0007084559138261781,-0.010574818597291369,-0.012706827770979423,-0.006640379571689614,-0.0056449740962012385,-0.005213069119848868,-0.022928108146243353,0.0014543790418377611,-0.01120717480789235,-0.0012170044586472528,0.009629649563047238,-0.0027177175315995505,-0.004303419540901743,-0.013840871658896248,0.0029210108340125274,0.015137524717073081,-0.0013822953400159932,-0.009192969058076983,-0.004983504752162915,-0.010345448079308817,-0.0008309253368459224,-0.007135894075946503,0.009431428520431773,0.0030628482109262833,0.004673060618821001,-0.001115247641613415,-0.016174654130460375,-0.008685216988041589,-0.007759225574231365,-0.00025361107891619383,0.0024754148222463357,-0.00367113393567875,0.0031078493706209187,-0.006164507304535327,-0.008830512907479715,-4.109813645847282e-06,-0.0012615971449623231,0.013657481092078427,-0.009072011140693448,0.012329824087616181,-0.007151327936556484,-0.0022190407584359306,0.007612258828994634,-0.0035222865014032934,-0.004370703592315728,0.0020619298276649545,0.003153887586122117,0.023120919151583763,-0.0144209152401098,-0.011699987819561386,-0.011064650819383015,-0.0010178788230978952,0.008203538325551207,-0.01614486918287117,0.0014975697118826403,-0.0008811581542014224,-0.0029454098087908775,0.003360137779306882,0.02638081954203919,-0.005631394354574937,0.002508271250087013,-0.016530839202439473,-0.016765946299760692,-0.01131986044469091,-0.0037735479835241392,-0.006387592042621293,-0.012636587660737497,0.00024119097608998885,-0.009844895913725615,0.009195132792917171,-0.006210014757856541,-0.003421930071770163,-0.006242095893423727,-0.0009516008197829606,-0.006827086549368033,-0.007322341486588613,0.006665656605283843,0.0016465704034889228,-0.011076593836118143,0.001958552962333826,-0.0008159906286882013,-0.003723911601986707,-0.0015710587111881225,-0.010039067762266818,0.005787573133812174,-0.013803808373011428,0.003007714991131394,-0.009617631120780068,-0.02163512293544123,-0.004724810295448911,-0.011047161994640398,-0.010861591535415549,0.001822342064332183,-0.00737033759407435,-0.006528537125429779,-0.003804276622576097,-0.0005115622148030852,-8.799501052347836e-05,0.005641382137986817,-0.006164487376439709,0.01032936899229675,-0.014467081215182809,-0.0033116472913414796,-0.00570307545933435,-0.00824371149948977,0.00697997621616242,0.022719437979332735,-0.004375150996426491,-0.001712919928407608,0.007428017869526293,0.01015164216242237,-0.003572645522809559,7.09983108659884e-05,-0.011369469783655717,0.0005082825628663912,-0.0067275323166722245,0.0005098941261323375,0.00022745705751070489,0.022466828928773275,0.005654970525143632,-0.008775064933058019,5.75296017863991e-05,-0.01742798353400321,0.003880677612977834,-0.007089844662896638,-0.001537051666969269,0.004815120149911145,0.0007645537859550799,0.000718081949200311,-0.02199343795303399,0.03306261642910435,0.006815750451790059,-0.0019330115406486215,0.012409056982144229,-0.0004949426024429826,-0.0021381417502706057,-0.00474947194301123,-0.008162096599207302,0.0025387955771911663,-0.001734733305209346,0.014231981911300373,-0.009709357403204777,-0.0029847373830760304,-0.003003098046924002,-0.013282327840710373,-0.00985338784375367,-0.002249876404262441,-0.007899561457795024,-0.017913392311739162,-0.0015151633875598591,0.0006738946289388537,-0.012566574666755592,0.010177002202300223,-0.0037667278193289633,0.004560313071340971,0.0014478450308246238,-0.008561858160542002,0.02188465124684491,-0.004750739803650816,-0.013942232091779694,-0.013940242190725982,-0.008959778540059471,-0.0031636490707462883,0.015586614175659541,-0.0026704515259385886,0.002647514721918931,0.0024311004274339965,-0.007898808740281815,0.008103190619062062,0.003524063808306721,-0.003803624892130486,-0.014639462015424876,-0.0011364485846847572
2025-05-21,-0.02327791151690395,-0.01740656329242629,-0.03529288593830504,-0.016474622285463703,-0.00734926826845772,-0.011242436872698214,-0.0006224684853197715,-0.010476815049258903,-0.008522024832072539,-0.014464514529734629,-0.008027545426102733,-0.0007067487539460515,-0.021951038589477,-0.015789981371386652,-0.013511966651029717,-0.00832898858201414,-0.01494673018934023,-0.03645135339397143,-0.011814768105832485,-0.02164671987495126,-0.010800889633544308,-0.0631790691541676,-0.011540382864128063,-0.03563625732082443,-0.003211024085654657,-0.023802187049007273,-0.0336817805440921,-0.015161965341123462,-0.0045203407865184175,-0.026399882875255187,-0.016875412735639195,-0.018251194121375214,-0.04821164452020987,-0.03517803333437719,-0.021745308704689492,-0.011014123728773306,-0.019868342260586758,-0.024606228440496203,-0.0031433159817861878,-0.013414178122152176,0.01296761532917401,-0.026385673604212734,-0.04838725462418303,-0.028492041659806233,-0.006652385455959475,-0.011092518738600177,0.007343964310921436,-0.018655412351106015,-0.01855449068242976,-0.004452426323755532,-0.02462512007083628,-0.008743695566217902,-0.027423577980247416,-0.012759200234929935,-0.004399617413577417,-0.022945721165418043,-0.022121734323598652,-0.056300888659523984,-0.01791051086980744,-0.01733305442776878,-0.00811354388607377,-0.006206219628529297,-0.02859381837186703,-0.016752588320684936,-0.010320834869441242,-0.012447101930517235,-0.01304136029488312,-0.02071473949092484,-0.018873291430896444,-0.017668237145221255,-0.015431457810906934,-0.010155792950247822,0.002308893020130931,-0.013849347167056436,0.0016499599526680342,-0.01795445977289223,0.027044193499538238,0.02627227684953848,-0.023603131456510162,-0.012643858380233297,-0.016834042514338954,-0.027304093667769536,-0.01456742198996519,-0.01723849787424747,-0.026391171296261007,-0.023795141369627792,-0.00976169783462666,-0.028731013447337972,-0.01819657896046145,-0.017111836633406874,-0.021657845392463848,-0.004106309739200675,-0.018987928861572634,-0.05302181956305141,-0.016666345173071306,-0.01849686402703643,0.001847467237949374,-0.010032435842291854,-0.029230114884645886,-0.011741140552402385,-0.01706692863880921,-0.020539848171700292,-0.020649481455278007,-0.025178027859757535,-0.01082513287862863,-0.0017117470737453289,-0.030036627143229744,-0.00976136996787691,-0.023402081861166657,-0.003830009429178105,-0.0071808106330264465,-0.03187520632111607,0.00022691775913408208,-0.009104000306070503,-0.02630176152951158,-0.011985301620455857,-0.031420514571135705,-0.014082894430176296,0.00812664069581892,-0.02595990594592479,-0.03977265645582495,0.0026551289000176226,-0.009473627068776302,0.00015534209696355106,-0.042389237638316146,-0.00709432370145624,-0.00670632252369785,-0.02047652559711377,-0.021939120459048667,-0.023397746394447694,-0.012614857607024632,-0.0708129155413122,-0.012446670115813241,-0.020509495121490584,-0.0008797503219710734,-0.01602158704977974,-0.028308319112372082,-0.037978904391006374,0.0013919527989347813,-0.03037001229037184,-0.013133705976476229,-0.012496408732607378,-0.016468367163062325,-0.012173741334394528,-0.049832899571623734,-0.015228666867436402,-0.0004271628059875354,-0.018176787122462734,-0.03007575812146346,-0.009036474241023384,-0.01968172667953194,0.0023774067654729336,-0.014592249372845423,-0.02278432149966747,-0.02878601747178333,-0.013707209750684513,-0.030269595092875967,-0.024952145125475944,-0.018507990154059684,-0.025652763930296807,-0.012473089168384632,-0.012314684460224878,-0.01584771786385808,-0.03947196736084546,-0.030103921590647786,-0.037021951922912244,-0.0019094999011315394,-0.005140579509838261,-0.010135867547230504,-0.02760686409063684,-0.01810278819543143,-0.03761328512018203,-0.055546956104668865,-0.020483613812491974,-0.01565769786630611,-0.029993509351986525,-0.035265304340079684,-0.023833566588497668,-0.025980728310970314,-0.011322890278984588,-0.018870488242410666,-0.020843779639168503,-0.032112270007823795,0.00071433247966457,-0.014793257074773969,-0.014644235356400692,-0.012627886131728161,-0.012962234093073732
2025-05-22,-0.0035675488088502405,0.0032930037374310217,0.0012392156492495587,-0.012162785158127853,0.0019845406067906524,-0.04849113567421437,-0.003138046863635502,0.0064500013088863994,-0.011818809973102695,-0.01066439945692732,-0.005858293532473802,-0.016098950133033085,-0.00836344206198536,-0.015053702883687237,0.001984717549820658,-0.01686678064596414,0.009411435452823191,-0.0005927554909890276,-0.007337704009518831,-0.0012373832641543459,-0.00885414697018927,0.001621930385276471,0.00038836840362588276,0.003422763396105921,-0.004716655101061562,-0.0011081701550947898,0.0004571356604499144,0.0013907905388483854,0.00789540480497486,-0.004162993017156502,0.002104045589511827,-0.0015953763864198223,-0.004643164093769414,-0.001957791215692062,0.0062229189810860674,-0.0045124718225499905,0.013460905409714563,-0.01397176683993262,-0.008093668901492101,-0.014186817274268293,5.9073789681285405e-05,-0.005312385164054412,0.007420062507852876,-0.011536677914891769,-0.005577785811023084,-0.0069370911189183815,-0.0058562619440944985,0.005644432808409761,0.019806808950910693,0.0015509302454921325,0.004262903098578796,0.0022117716639176166,-0.032420795311945305,-0.0022174803840471213,-0.021628939962729632,0.0013982600067681261,-0.0016027732076882018,0.004291817282278565,0.005191356978787809,0.003438555028002277,-0.008169371061335085,-0.005697122812632571,-0.037941087077146385,0.009243262225018256,-0.004915554983833559,-0.012605497495921547,0.009428585840451476,0.007189913015628324,-0.002061947374159878,0.008671813395520367,-0.004007464240205039,-0.016918652520978128,0.008386622333224736,-0.010167429906943859,0.005140284063549938,-0.0029078243949092197,0.010002793951851885,0.012336243677403047,0.0061701574414421145,-0.015233359906392963,-0.01300915706397543,-0.0011979924004457132,0.00760919510731739,-0.0014288698540783074,0.005046910750126088,-0.0103855238445405,-0.004945478362663458,-0.007873494037005102,0.007786610130596117,-0.006911620868812918,-2.034519246940647e-05,-0.0047057074415590705,-0.0027873920506742422,0.0034690234052998647,-0.016982857967454024,-0.004845121904303529,-0.010312712378657274,0.007126697248895475,-0.012794684542862811,0.00033162817417675683,-0.016195439302864933,-0.005365841005268379,0.0005145700175983592,1.1210527206095833e-05,-0.00701710603258654,-0.012391613344990837,-0.0025829158545427333,0.00306047404290144,-0.04279586287059711,0.0003670608986849899,-0.0017124136431450054,0.0019640071938686887,-0.005169477285269508,-0.004089409393947641,0.012285476924096983,0.011902830739680681,0.0063207845394464,0.0032621160144827854,-0.011268443093237046,-0.013247110384296157,-0.06689908004900147,-0.0036347402661247585,0.006999411633690222,-0.007622323358202898,0.02182059763687505,-0.003567768362561452,0.0012413407738751658,-0.0002813227866038659,0.0052314697966711066,-0.0028531207312747497,-0.005370305056580094,0.026150599334097357,-7.900801711624439e-05,0.00010981656568631593,-0.002031969504113995,-0.013582980044894555,-0.007792008790817206,0.004080951964718693,0.0017825657522498872,0.0035957306528455746,-0.03321423978326088,-0.0019822636874389232,-0.026400293530778107,0.002556976381421272,-6.665206494371745e-05,-0.011482501160925196,-0.005156993884855687,-0.008329353338984546,0.012753062713689367,-0.006555859095242589,-0.004665265542802999,-0.01870948700551267,-0.0029481068173318192,0.1240262648008601,0.0030609781930879265,-0.00993031506150377,-0.0013174951596619522,0.0016302848337614861,-0.001491752178266026,-0.004052258295141442,-0.010026377546828336,0.005059626725883337,-0.002642107739189825,0.009044606999226712,-0.01190213467608281,0.006593318836462636,0.00020695867572406712,-0.005676747329591336,-0.0009971391939194163,0.018520129262816987,-0.029015468985578607,-0.009745091945601914,-0.017014015188265397,-0.002999161037840814,0.013540217764362872,0.009116782310321092,0.004908782229015696,-0.0011996621481111802,-0.0020687125506322346,-0.014910041153705311,0.013733084725314981,-0.01083049127954272,0.0019549017365605437,-0.0036059865611051123,-0.003509149920958521,-0.005735571923359828,-0.006938821313158705,0.003911673357458234
2025-05-23,-0.030659741527210294,0.003167542738817808,-0.0070919692166322434,-0.0019665128557768696,-0.014895390399085606,-0.007992001477940214,-0.0018385141565513408,0.0005940506687585057,0.009773408524933913,0.0006993337084555407,0.00783570751060747,-0.0004712857388282643,-0.019536040853362913,-0.006553043887638665,-0.0009601343782676963,0.006987520980404227,-0.010828658351380582,-0.016800400312476427,0.003715558341918168,0.002584706911937573,-0.00042780757222971033,0.0010861902760499476,-0.01097049351996926,-0.007542685147208239,-0.009796158368576613,-0.0072672468202448215,-0.0034722851796860077,-0.002763676391804637,-0.0029510608515064263,-0.008099203293547852,-0.002368652400320137,-0.000256565915266016,-0.0064947403316368835,-0.006462668405477601,-0.0067993963074348684,-0.00515464620267192,0.018832646393869723,0.010563751981911729,0.01876250977513294,-0.0015763143342413244,0.0064501612280940535,-0.009509551986232267,-0.016702934745556064,-0.010737177334405601,0.006413369073349884,-0.009422981532627439,0.004015006723102843,-0.03536803840563163,0.024183763635111433,-0.004931007314564972,0.005212819152221382,0.0022941113610350783,0.00856026361335438,0.008973248815330237,0.023546691831899835,-0.011423606486411941,-0.00035314760646354415,-0.015094096237484145,-0.013624839085577989,0.0005127657395167518,0.00725932680188901,0.004789369294126544,-0.030496872108113138,0.006520386626371,-0.0051255457490135825,-0.003133859181762233,-0.00261624346067979,-0.0012232658926478734,-0.009096073859226728,-0.003333399089976652,-0.009855911247637295,0.00806623064664258,0.0077537888704029,0.004856664746673012,-0.006431110250803673,-0.01312782235438581,-0.015218572201430192,-0.01542031778033337,-0.0013172322623411503,-0.0017328990726586113,-0.009611778349879252,-0.007713941109829037,-0.007472407327449915,0.009715469387888476,-0.0025243619092889524,0.0002499636457748977,0.011294237094940485,-0.0257156683989348,0.07663830138498273,-0.004620696326071538,-0.012063003366119318,0.0011823200209146734,-0.0012157503756702326,-0.00892737274982558,-0.015764048701019995,0.018739703981333733,0.008435028146519308,-0.0007456991273384617,-0.0013397469448319654,-0.0033726346280227304,-0.012196191160025904,-0.02091967113679516,-0.012111173114351281,-0.008951137280440946,0.0005639134354140651,0.0065681684307570265,-0.00490590273850966,0.009418783576593093,-0.0032943046472988513,-0.016367629386960125,0.00440542734229421,-0.010216882452824372,0.006245854407822549,0.0058294498140440965,-0.00020996411702878248,-0.002552430638358416,-0.002817589473585791,-0.012127282367004,-0.006799956831798681,-0.01816842636014826,0.01173655162200049,0.01499039996815732,-0.004815254461201235,-0.0042058709548484785,-0.02170241582324195,-0.004420475132701718,-0.011040063965512381,0.00038460965711983874,-0.014214526931694671,-0.012234447208569144,0.005792281585864423,0.0028557067110748235,-0.005860963342402492,0.012189222569896963,0.005405609221889485,0.0009703338953830354,-0.004717702175732086,-0.009965248628741818,0.015160917719937217,-0.007361553955822053,0.011337887408244818,-0.021834664695038697,-0.013611136663662649,6.561386623360477e-05,0.004392007099597528,-0.012908811749117177,0.006955898169312746,-0.00961444761912933,0.006000910460837616,0.020080569240355395,-0.0005473265031428198,0.017912584570539458,-0.0013378457563968382,-0.01753493884136237,-0.01019775623739605,0.008222219578475354,-0.007740364184501303,-0.0029712265862480436,0.01172332044179658,-0.004571839817007373,0.005702115815271025,-0.0018135227428408562,0.0179487439993693,-0.0057011712273200565,-0.03117446842491045,-0.016091553521647484,0.008475582709367657,0.004340933729143792,-0.0008861985120542926,-0.005481376901717461,-0.022450629051244064,-0.005005265814340909,0.00031785543725071363,-0.0030556042238192305,-0.014714562391905162,-0.007188335574223714,-0.004622552229328392,-0.01273079750190842,0.005427633805371812,0.0037583050880400926,-0.13307316439010375,0.013989239150461685,-0.00843339981224478,0.014621436188651415,0.020847515934786287,0.0037278274183742965,0.00032231951502836864,0.00439322104291584
2025-05-27,0.025034808705969525,0.012565384407639435,0.021148645925077147,0.011968565759998384,0.014442868780808915,0.02896810949331563,0.014190129148135,0.016228884633441076,-0.00048816663023121265,0.008464970306176767,0.014070762163624018,-0.003304791386413264,0.02645121190071542,0.03487067591719395,0.02819512351789122,0.008101743440996678,0.024332746663981553,0.01204743642970385,0.023931226434599218,0.017699438589885652,0.028155437959163088,0.018049615796459584,0.026761120824374984,0.028807766109788524,-0.03604432704033833,-0.008686022501122714,0.022407425012266113,0.010961088331498559,0.020814130980847168,0.0175116665733972,0.002319439260059397,0.015597928458907617,0.02253121776225786,0.03008595511541934,0.021800161842365107,0.022098381675815126,0.036543919528958746,-0.002215998511744921,-0.001387961566376994,0.012829124088657107,0.00015685994728276142,0.02715818950753235,0.03570570465920575,0.004453426066982402,0.0022728633210729043,0.00925001649039281,0.03358466075919253,0.01636930629643274,0.03442442063389706,0.009112417081272639,0.018954299304113853,0.015477165685770622,0.006830788572266933,0.00917980922806283,-0.008530212141280025,-0.0013670474826517065,0.014848795172589746,0.025544438025676186,0.02292043651417419,0.014613590495028639,-0.001614386047625871,0.015894684282493188,0.011770160072612335,0.0217909784481769,0.009880421271523332,0.006745917663972811,0.016241118618165906,0.0060426283997316865,0.008385749846177681,0.016315624233825154,0.014582431393971973,0.03507360738264875,0.010902567475437053,0.014864278529526764,0.029238815747338887,0.007098560974589496,0.02433252135734243,0.024680707108446498,0.026479944100938013,0.004277601566417211,0.020752775392800515,0.032675050808800066,0.019463737060693376,0.02451876545503584,0.026258083461042414,0.016873867757288608,0.01283092749408521,0.023547907832066173,0.04185275437794722,0.020710582217706275,0.01959061900975989,0.009583586788112441,0.016045918808210047,0.031157379630668558,0.0390541923492691,0.01167382840997222,-0.0002424124231161784,0.01900135057197705,0.016744137572311857,0.016825342108481856,0.021068317941684178,0.03232898530425654,0.01873938981811829,0.03208724992262901,0.0009441458732801777,0.004900965785732403,0.023955148711956475,0.010967835907472079,0.0057307213664916645,0.022728930601817687,0.01019572792246315,0.012011726691857127,0.012275461919642794,-0.0035739001462378184,0.018441989897826083,0.0009219470701200549,0.02329008494602114,0.021292845682840067,0.0034834407219950236,0.029075787793599872,0.00368472711405321,-0.01683029160251026,0.01952552762740023,0.019813399109257723,0.04548062579670997,0.007056375049987018,0.0229076180495964,0.018478550353573375,0.02900992510126965,0.03369703030170168,-0.010699089435716402,0.0033786592970646012,0.01572460197983272,0.012468876395656636,0.011779193200393223,0.005536449776298191,0.022985437377280427,0.024572019864377737,0.004229352383159579,0.02482410563199977,0.01836702114873301,0.0238807472248892,0.02209307707506003,0.032392422742149485,0.05944335208832641,0.026495152643732922,0.007647356822645612,0.012019766785644315,0.03134875854212904,0.007909625816692412,0.012397434448232936,0.004324239202731839,0.019015624229289152,0.028996395434718103,0.024649733165889032,0.0023763508734067074,0.021464052309599246,0.01258716195021048,0.015131548706764697,0.018659100051094057,-0.002345883203877186,0.006864909766681748,0.01480029183465259,0.01854456722649589,0.017045408314657173,0.025897395113476662,0.0019321859566163724,-0.0020783795265666427,0.01696065162224869,0.0666131313697651,0.03809493321951152,0.011984193704054569,0.002102119020578108,0.010394955865377753,0.024524109756715262,0.022517259270665946,0.018019802814935648,0.015882684115248402,0.023575752450266663,0.0035092219898280597,0.006078923293080685,0.020535944389069805,0.015028114160885231,0.0049127153607555485,0.018244716338360334,0.01225198053702492,0.004484407060989959,0.023016691117974553
2025-05-28,0.0010995606700365812,-0.015031479659826985,-0.005437113207423572,-0.007389019871062885,-0.0008479892380055531,-0.006951961036686605,-0.004927717147963584,-0.004360868703217946,-0.012803937021599765,-0.013908177701092761,-0.008410326060126039,-0.019561106671747375,-0.0020904647613964045,-0.01788400808706392,-0.0038415192563912015,-0.006365121298167686,-0.006715417000768831,0.0012401703409041787,-0.009981684330909957,-0.009891850930704216,-0.0060902985200543824,-0.011916124761397917,0.012825420776012564,-0.002057147238268442,0.011844198646150161,0.00024336216362641494,-0.004554029153416739,-0.01772920870324679,0.0030607851412440823,-0.0114304058428365,0.003170685701943121,-0.016015350647452742,-0.006971291304814109,-0.007805058663824305,-0.007334438368197915,-0.1144348231781862,-0.004884210131663735,-0.014085039435335567,-0.00693365152713632,-0.00874859495449476,0.00481732636387644,-0.010827774831660086,-0.0063254966667791734,-0.011166787938719835,-0.015697212351532208,-0.004498599410938553,-0.0074837405796643885,-0.0025796986075414807,-0.008632066949521011,-0.007429694294162736,-0.0035122285942428277,-0.004092037459531461,0.016415802835298088,-0.013442767189491889,0.00586345892117901,-0.0037468879221664864,-0.003713299539675141,-0.0001871646832318774,-0.008360000778101728,-0.006964545435035774,-0.017392342707662323,-0.011077729173625706,0.007079527832146937,-0.01125507092634237,-0.006641676453682521,-0.00216776775074079,0.005234216679300907,-0.01018547343673415,0.007117340107948955,-0.0010825151184343795,-0.021814104332776196,0.00496877467664536,0.02391618537488238,-0.007004247718983336,-0.011969502920226915,-0.02083277089373281,-0.004678652748562051,-0.004403080105467971,-0.013745633340001895,-0.002577298432500541,-0.006564445670727892,-0.009841175147514925,-0.008494880886558143,0.0007421071190449879,-0.01011800578564559,-0.012179937472451385,-0.004969368159636112,-0.00988151266147641,0.0019072666479758027,0.005190586640275718,-0.011926768324044268,-0.006342834306913403,-0.008177252920329003,0.0007314734343379925,-0.016959085183770206,-0.008651562287806502,-0.009197254927841847,-0.012221067495049809,-0.007325608944679374,-0.014541537985024888,-0.005875291723969944,-0.0018694679905042477,0.0018431696828073996,-0.005906417577952183,-0.006985147511023193,-0.012590252315142436,-0.006112102905031946,-0.004651566239634697,0.0002912439519588972,0.0006443899960970612,-0.008070886763119844,-0.0061440742276932525,-0.00886098620479192,-0.003914108913408043,-0.024776555784990606,-0.01767766620299227,-0.014555828823318073,-0.009039690276805956,0.0007888228020584975,-0.004729914772939381,-0.012712780282239322,-0.0011722775926208406,-0.0023809474939762154,-0.004527472630685203,-0.01712729967618465,-0.0017285679454603908,-0.005698819711309255,-0.010433910676905356,-0.007658232208718196,0.008230931735952574,-0.00401251392604518,0.0013960160676527167,-0.0051912259330615385,-0.01827070737109837,-0.0019983067571276436,-0.005868424759805535,-0.007970343275753855,0.012195429800669899,-0.0040480853120001825,-0.013538858303722812,-0.00820926675215361,0.000253323235189562,-0.006970096174953255,-0.014710289058999848,-0.021519979249965182,-0.017643244777967304,-0.0036884833868846556,-0.011823179676398787,-0.010782695162187217,-0.016291311937674635,-0.008143060379575573,-0.004781055912054022,-0.012975256236445354,-0.01150499709226338,-0.10237842962876087,-0.019829157893329175,0.005980667612593749,-0.008719686328171328,-0.018479819777776463,-0.009046232551347622,0.0027568237464716816,-0.005914857712368882,0.004009132394656945,-0.01775651881259499,-0.014465501126658786,-0.0024402015392723797,-0.007673183733939659,0.008046553971442272,-0.00885501056700555,-0.01712830822248712,0.004438976330703781,-0.010509655369012272,0.014519550328004449,-0.009359298756831613,-0.00641516362925465,-0.009698185645007129,-0.012167725755555026,0.0009177661754140587,-0.001120918506334334,-0.009179304288871926,0.0031777188784163357,-0.0064083918847464005,-0.004293900818701957,-0.003929707693862028,0.008217972201920887,-0.004027465237879113,-0.013974281119084608,-0.004552002032021107
2025-05-29,-0.0022965526894074273,0.012954644072478594,-0.0021919032443324937,0.005822693508587662,0.003997623155553853,-0.0004764149432734399,-0.0001576069033717431,-0.00807211377622341,0.00754499690389121,0.007926599446608229,0.006394822962795921,0.021591526320984045,-0.013750065631203512,-0.0014283026811341415,0.018217235639862217,0.005320485469133551,0.004390241387159932,-0.07369666756092386,0.015695884093384294,0.005533731233666295,0.00510078896991395,0.0020712869098407083,0.007464701914934757,0.006167686471720835,-0.016003938562041853,0.030521798876272932,0.003147809427695769,0.0012819200584761603,0.003627715237794149,0.004029060020126707,0.020028031637849164,-0.00035227555725469983,0.0028281526465008255,0.0046841139942532806,0.004988315248477093,-0.01595413063733009,-0.016919801371341414,0.0038542172281994524,0.006208989692182421,-0.009708858420459432,-0.0012482365673633922,0.004708714921153323,-0.002938173044263692,0.012223940380390097,0.0038951380765404053,-0.004271894198902615,-0.016790928815719752,-0.03194656002265983,-0.0230313114865055,-0.005566442403838856,0.0019046391695538567,-0.002011179439472599,0.0037519310914504445,0.013575611398227494,-0.012176458473620144,-0.009500938656633373,-0.003012751205655917,0.008406557831368566,0.00361758008271984,0.015181178697904585,0.008029837566805753,0.005102852775706879,0.008656732989862803,0.0004669771762264574,-0.004778446661465985,-0.006326762328893842,0.008601710866011913,-0.004058720234215052,-0.003614645118875437,-0.02280210651050485,0.004092904484553017,-0.0008089702245648311,-0.033263548315908054,0.023295457022677546,0.007750663328600194,0.008428860033948826,-0.0036493940018775817,-0.004180140686714573,-0.00773649022270817,-0.001045297996428829,0.0003978171792180518,-0.010811074140528731,0.0022867897166038986,-0.004315084634333388,-0.009180665014007605,-0.00672960074391149,0.0032812210573665013,-0.006992358169078727,0.0022661378122208475,0.007191865877818948,0.007496560791089735,0.006538541871909942,0.001965077810878846,0.010340807468717905,-0.006750970252002553,-0.001175371725041341,0.004385382294554319,0.0028608538801222494,0.005156375726397933,0.00783303452499684,0.001678199410382497,-0.0006809171662887081,0.0026860778707398225,-0.003472714771458385,-0.003400616167029469,-4.7224579200921823e-05,0.0060966325369937735,0.012220547672944448,0.013851670044727094,0.0009660827910851211,0.009194892356691575,0.005927383141480114,-0.0035584909523596053,-0.0015631124521053863,0.00663172933797096,0.0038082567001245238,0.003773051799161209,0.0010969579783663974,-0.005857736383378942,0.0037728578528852807,0.02570068777421497,-0.010088358795095065,0.009628669221288355,-0.021828471265211036,-0.00579284174681316,0.00711310327429171,-0.005714613218685827,0.014183871607579057,0.029420528096689047,-0.00949486154914414,-0.005262119079208816,-0.011015122218653417,0.00967209627376242,0.011690503839942856,0.00753328816176424,0.0012951799532308073,0.0003194502724674919,0.01214201944135418,-0.006749058325617341,0.005899226468445207,-0.003967796292861259,-0.006351303004607622,0.004985039829429994,-0.0036492580074254377,0.011612468250199903,0.024071576816742102,0.000988692241719491,0.012784274122063621,-0.022042361435619995,0.0061289662316825755,-0.004876656138922186,-0.025595149077346946,0.0027525015776914685,-0.012287705831346862,-0.017178965671740265,0.005247264230821003,0.012210615248583245,0.004683791042570107,0.005339703983686661,0.004965627074948742,-0.0056244143467854,0.002668149489431393,-0.0005204971306280726,0.0062181963744860624,0.005937474532035303,0.005105182298587252,-0.009234981723778901,-0.0010997257518399195,0.0020345321343020473,0.0037936259137953954,0.0040363393748537035,-0.0480654405183758,0.004233938540031623,0.0018444638848196249,0.01588346027618126,0.0018638338949523714,0.011745989991875483,0.007116487568776364,0.005359962482565983,0.003989106649414875,0.008396913541003137,0.007645196327930037,0.00974985160922337,0.0023431589696665256,-0.00618761549098501,-0.0019776856953459543,0.005403908351226505,0.011099280033267434
2025-05-30,0.004542326175031697,0.0018673873152810216,0.005193832090302664,0.005035259173664208,0.005436754101199703,-0.009316908272126945,0.0042449560066906145,-0.0035590851271356527,0.008539726124539015,0.006994174495732253,0.016307541525021563,0.03524932047284324,-0.017872674548013556,-0.023491867511343578,0.016154934733260795,0.0038430587477469302,-0.0037453928025392713,0.0011229631341143076,0.014280973898880056,0.021153392883473288,0.00747121931703898,-0.007070873495760743,-0.002674732239945854,-0.005207335993888229,0.010433397444041148,-0.00623140089775287,-0.0034187590426126846,-0.006931763847838113,0.0018282034826082594,0.002503272985689975,0.010412269388313966,0.0069898629002995705,-0.0014261847319083643,-0.004741995504820906,-0.012316996741072117,0.007381721221876525,0.007511109775797387,0.014635616334089718,0.0072515290439119084,0.008873664913263468,0.010026150819540725,-0.011368129893007506,-0.009737614439459641,-0.002688470285958644,0.0006120651956305068,0.03077243899029458,0.003523094133611071,-0.004209906094399862,0.025579875787348882,-0.0011361811474435157,0.008897400501167052,0.007212313921804991,0.018353124617211947,-0.009036346507176773,0.017299642430263162,0.005042378754018806,-0.02276929370909997,-0.0022853422205404428,0.00820848582053646,-0.004803910877215323,0.01880176186420801,0.0042784729677034505,0.010514330550738471,-0.005548329171046085,-0.011598158513086432,-0.013158426213331076,0.0024634737248065974,-0.010920655360267872,0.02304260750256404,-0.0014355207882115195,0.0102922721755343,0.004323979740939343,-0.0004788267054207651,-0.010341452527578454,-0.004323106293812273,0.01969144694083047,-0.0018603445805727148,-0.001973426012972901,-0.004180756796714924,0.005610087128331109,-0.00022697208237332234,1.326140353441474e-05,0.006258650099358221,-0.004140190032130064,0.001351884910188339,0.0006732860289542231,0.006272397189453827,-0.03626342642964486,-0.00636325882147748,-0.004990916917665622,-0.0029142278422966683,0.009579841515769516,-0.0027695143456556437,-0.00739786641402862,-0.024528731558723038,0.004187339112630806,0.008114708483697441,0.006985709716662569,0.021427933954364597,0.01814935165596232,0.0034042060843164634,-0.04345041764830526,0.012905231365462733,0.0008454658846952512,0.006097706013619586,0.00821351594352393,-0.005251753509925017,-0.00016107092797845723,0.006445353710109458,0.0024600470059121804,0.009978671673718686,-0.009167629553715528,0.003341528750485878,0.01725671729236211,0.0035209452096358618,0.006535783421888652,-0.0023266055309543177,0.0018708373757529984,-0.007454199958815799,-0.027123333039950737,0.023196048529310787,-2.3891103882789366e-05,0.006743259509436328,0.016672076613167164,-0.014205403057305332,0.009746959836408386,-0.0038397735130457633,0.002123867251222933,-0.03215568363052412,0.012336134069243165,0.01015226874921904,0.03448592896508185,-0.0034176115468005364,0.0018141154336097642,0.008248278629898742,0.027464711419550092,-0.004874234756180762,-0.005708050741861648,0.013586219940749267,-0.007969700498415833,0.006004064733090786,-0.008393187677952163,-0.021410782867550715,0.020080704428227847,0.00709743627852788,-0.20944436142641898,0.010711611772214802,0.010598836322723848,-0.00029730128882476947,-0.017080128914639836,0.005009559454108192,-0.008066846337031919,0.008445987075500483,0.014461731452703575,0.018606845715384956,0.01324381800796992,-0.0012222298430772938,-0.0028403227501421213,0.00772690744578064,0.0005843294293965684,0.01397198186498283,0.006024200592505746,0.004661683368117231,-0.0028975400166939558,-0.002112901737904238,-0.0012213079793150783,0.015687762173056896,0.010902202014086981,0.003951285217424605,-0.03445013854558887,-0.012150373387533442,-0.0038224223880236607,0.016497653794821154,0.002573409960767492,-0.0038018080198147786,-0.01139003787684878,-0.004331745348228999,0.007390814267533408,-0.01043789442136589,0.013797603703856964,0.024986840540178967,0.006528446348458061,0.002843376240398321,0.013184827159112622,0.0035770928184568618,0.016009194658243686,-0.0040652047073903574,0.009509250019536175
2025-06-02,0.0042743022651441365,0.003948239110559193,0.005014899692973529,-0.0005193451995681997,-0.0273064976989863,0.005767210180342985,0.0007332458898057226,-0.003500111315020149,-0.003779660115243111,0.002426716494201564,0.004054365303614027,0.0012235097433395126,0.002705581967410886,0.03168124600517874,0.0009288206309872038,-0.0030646044865054733,0.00758243715889062,0.03360241668757702,0.011221738425617467,-0.0003944647929507994,0.0009467824696489657,-0.000674080638246366,0.023972656237529755,0.0036491141264143323,0.0032188841999012396,0.017727746934601996,-0.0020628493467271802,0.002413010599698673,0.002369502869811413,-0.0030056450856745798,0.01197405692948772,-0.010665903716903458,-0.00020152654300353845,0.004394897125727937,-0.011272425914041762,0.017229968184514277,0.02189002183593569,-0.00519116883283921,-0.01058532720814398,-0.006516992068013927,0.005035976655632268,-0.014186180875019438,0.01087658982657036,0.016160618233441504,0.0015675391349940782,0.015979435527574637,0.0080883039966122,-0.012618173447840775,0.014984844202206915,0.011789653958288682,-0.011785964898438639,0.00029454227527914156,-0.008412792916058898,0.008081203909474866,0.017248125169629702,0.0025923315102538425,-0.030869320537578737,-0.0028226171972418612,-0.0016524222590019733,0.006473015752206379,-0.004840762332497306,-0.002512280152414448,-0.015994476154497228,-0.005400566359710979,0.025589063624779307,0.007491890177877103,0.0027754931390111537,0.000455950521494497,-0.0014870681632466187,0.007872247847768854,-0.011624370203493939,0.0035461999998496196,0.021112611166398842,-0.011713694714786449,0.006523659843593599,-0.04055390328998021,-0.015675758592843536,-0.017180538589681937,-0.004720680275926981,0.0004167791383018482,-0.001123545344078991,0.002061942744060019,-0.005378390486044715,0.01315139999791537,-0.009075533981058204,0.01775469089262316,0.0020719648066229723,0.008587894720738731,0.013774944834128888,0.00288217795091672,-0.010230188466143098,0.00024561885647766957,0.0011278173959956561,0.0031094211670694705,0.005118717837791387,0.021419883153532826,-0.001769761459475383,-0.006985965111331538,0.013475016679205254,-0.0005726319694945303,-0.0010769588717929324,0.018118776393973413,-0.008046017086959623,-0.009969063096998632,0.0016576231723357537,0.00302369866375507,0.0008486340106470536,-0.00016115878089983937,0.008669529006785304,0.03420144527976099,0.005344963301299188,-0.01380833376991042,-0.0033960293264279073,-0.0012331562873528767,-0.014051205067720396,-0.0069148084126986475,0.0015741660896528842,0.0017061869659844575,0.008944458212877926,0.035973359132508875,0.0006592067570965199,0.049003753610290524,0.018967169207082968,0.0076542152434315724,0.02239418192217446,0.0004920182765522085,0.0012547496501040811,-0.008754981773216208,0.013960460152770082,0.0025833179518386373,0.0011202076235630187,0.012184839888981003,-0.0039648220239048015,-0.0011681983194375967,-0.012108632943585995,0.013604053652576553,-0.007716904119553725,0.00145666161818081,0.010299712657874771,0.00017258206682679855,0.006370707897469963,0.010019386998504132,0.009784611283685685,0.028155761483384723,0.016321079375886782,0.0025323179113385663,0.0025999882245812955,0.005367746138418283,0.015555782957951791,0.015866586408182393,-0.0041845219799689914,0.026225215945176572,-0.009555255744976066,0.01963374488445968,0.0037067795337959453,-0.0014092630535307293,-0.0012234838303974982,0.0009970596830175538,-0.0077291214136989694,-0.004836494613055464,0.003414200777260401,-0.0049863380318107,-0.010663790351286728,-0.007228039286627741,0.011210306959720917,-0.014804806245562574,0.0035023102597282474,-0.00675078290678055,0.0015797728009818712,-0.011425214861286115,0.006895407667664166,-0.008358238922096639,0.013296738447867718,-0.012215154864413158,7.583411572742449e-05,-0.02673993256443641,0.00024859520832531956,7.768714173472802e-05,0.00851616484034512,0.0025424069454280662,0.0008350211507766048,0.004729005404236375,-0.0015765025637843877,0.004452634366800545,0.012084601099868308,0.010042857620215173,0.007044360170064046,0.005307912531005599
2025-06-03,0.007804934574031641,0.0006204002478131798,0.025210113189498173,0.0006029777011562487,0.023543576268760802,0.012657529186260064,0.0021423039707242353,0.013733092018809678,-0.004177653313950813,0.00251647369425001,-0.009910092270934534,-0.011395915038963977,0.02741968322257904,0.020177012404622552,0.003728976286843988,-0.0039142018784081856,-0.004944411441762497,0.049239407320959216,-0.004160199669094311,0.016693872952844302,0.010679155635878068,0.005061481930283662,0.029116709035385213,0.006256671668520397,-0.0017462011581539372,0.007133850870226333,0.011918894462191076,0.002059828553027998,-0.012836957153316675,0.002995867739166158,-0.012985133236584012,-0.010581352111135978,0.000877982913605635,0.007626637703604722,0.012058700663839517,0.0011198487993802075,-0.0028878556885247875,-0.005757123244268136,-0.014011024479506418,0.010016137201526387,-0.03018392910498502,0.02162512440820663,0.020284278307473258,0.013865447243492035,-0.0030602941817940987,-0.001112492025423073,-0.006440648434602458,0.012448859809659929,0.018388836480773385,0.006978250368762318,0.01900726395722785,0.0033744006982585617,-0.0016754767705897677,0.012105699221306665,0.001867986338323746,0.009878215399299783,0.032952498202009295,0.015556426880828589,0.004882380990611779,0.005389178147995999,-0.004943878234015209,0.0002766759255887763,0.00690648982984321,0.011754965392222871,0.013600675210555302,0.013810538008742768,0.005771475641333623,0.02419910276804993,0.004056367668427541,0.005108921358448093,-0.00039546866914275114,0.0027830020395915867,0.011656582808705629,0.0028208347086522423,0.012169946759574835,0.02723927628248557,-0.01696027930143451,-0.018279653557305764,0.0066634169128354515,0.000752230883025895,0.013591671887170698,0.007164820645192194,0.005235290412183957,-0.0031953358780913987,-0.0033858923983554057,0.004158204096573748,-0.006265695235321722,0.026397296265873837,-0.0018301392147108686,-0.001442222057864484,0.010433226717159627,-0.00730393999042267,0.0046957325072165546,-0.011731618747892192,0.015157599650465592,-0.0032477577349889764,-0.012116883159190017,0.014957456810287262,0.005632675640422136,0.00278563847916935,0.014293234610472716,0.011621258500134068,0.0007510885549919522,0.012149594807151054,-0.0011909214804459722,-0.010635986353167759,0.004025846547073719,-0.007443877843636315,0.020819913793293843,-0.00737040857083926,0.001074263001211051,0.011171480584030391,0.0009857021013974787,-0.005860731340255221,0.01848697212799877,0.012397635572271248,0.0008666493617806026,0.00037715557234463404,0.007087878407075365,0.03796545504103488,0.010900513168336623,-0.008152260647890763,0.013030768819658256,-0.002885342779575417,0.012635441077435416,0.008549894930099278,-0.0009695610346307504,0.009829366158418118,0.025015044003926512,0.011631244539746177,-0.00018898477366047217,0.011115258621662072,0.007306232667439794,-0.004589923565448295,-0.00516953080920679,-0.0048525830737151665,0.00558128722916873,0.0025560196994387496,-0.00367166669436525,0.01295825179388821,0.028964611409394436,0.00643663349277368,0.015615107060054534,-0.005419919222082292,0.015475262830952019,-0.004576773295784875,-0.006685417564236573,-0.0014961547052623203,0.017308743471705412,-0.0003905796941872097,-0.0028268552309382855,0.001207366439564872,0.006387178447189612,-0.0068750894054536715,-0.0007232248434441146,-0.004641694762570481,-0.007202254679427256,-0.0029404169609019704,-0.003402274548745865,0.00022002441751389767,-0.00017767728473838673,-0.0008952638361812149,0.0008682778700714877,0.009523273321065506,-0.003190829649232896,0.009773924600987804,0.0033258119950287934,-0.01395119925502275,-0.0017163876831594038,0.0041158225718049835,0.020276207993350504,-0.015520332131607972,-0.007519957893302731,0.013476868579716417,0.009291121024895155,0.014727290733257625,0.01683374548202643,0.0011986877479124303,0.003253583567627061,-0.006778475318667709,0.01418430202132459,-0.02099338295573805,0.011595848170027345,-0.008146436465668039,-0.0030119297672932532,0.0015657002339075632,0.0069915401332973914,0.005814952357384051
2025-06-04,-0.002164904048898464,-0.0002885027654562222,0.004799669189500477,-0.006069403699570763,0.004696875630691544,0.0037839148965188585,-0.0010763392490318324,-0.0044721020290330316,-0.0103558006763258,-0.012067825832960288,-0.02591243234416485,0.001269295343747423,0.0005677120158349425,0.00783442687976077,-0.008956967062619725,0.003989682807525874,0.006976481709019211,0.0026470969171734637,-0.004663366653123724,-0.010573256004517972,-0.00131777102554409,-0.005493354915094173,0.013246558144477838,-0.005616027001710044,-0.00955807911972073,-0.008908839936826674,-0.0074454719149454895,-0.01289946659503105,0.013609299736108582,0.005793664364354356,-0.0014494972961349717,-0.006776300710388483,-0.002361730307165466,-0.003657845692060846,-0.0017715900289134723,0.002030017611623691,-0.04566194364618248,-0.004952164012122395,-0.00430418514831743,-0.0059181412278674905,-0.01667989099450029,-0.005976656951673931,-0.015522520367662551,-0.02231141671387693,-0.009993951658495703,-0.0036207326663308947,0.0023987906560174466,-0.003313684718322385,-0.06085574278624417,-0.000511515012430408,0.0015500412611815229,-0.0014671730532525018,-0.001832910278274369,-0.01596877608509928,0.027699857970556963,-0.011043661108557146,0.005342403275347074,0.006008588793554814,-0.0018247215072761946,0.0124250871652416,-0.007115502822631292,0.005343805211478703,0.0047783092665030225,0.009047603130991178,-0.017941976538918603,-0.02113164469677775,0.020112606132653532,-0.02043083691074843,0.015944045354331138,-0.011207068308310753,-0.0052573898854708645,0.005226254849495682,-0.014179548800043129,-0.0038676489994022845,-0.002903758100120779,-0.029824959015866348,0.008743324461535806,0.009914943029889933,-0.009515795767797819,-0.005261600217757234,-0.002051284466781489,-0.007384534336170034,0.0027021377700773286,0.004711925172970588,-0.01107565206373673,0.00044987438697496884,-0.001987646225496853,-0.0030572856907049584,0.0014091428988196597,0.012156937145305413,0.004818201526208377,-0.00877897416233342,-0.009097696060853977,-1.1515857829991205e-05,0.005887692464275673,-0.01883310031831753,0.0025648976739827134,0.006780866015164477,0.020606430965180778,0.004209668754674212,-0.0019397714852820158,0.010596801639339404,0.003166212274710034,-0.00937462119796173,-0.0028915002358331776,-0.008682386971710088,0.0067080007487119175,-0.006592064381302443,0.00025360288538678333,0.02983569145187115,-0.01022550113061449,-0.009527510616842427,-0.014573477735684293,-0.019277421355174518,-0.03307749400079896,0.015335592513014085,-0.005360759257366787,0.00015702251618776586,-0.011596182169994584,0.007079705560642857,-0.015634795588096218,-0.004909621363506034,-0.013347464263530284,0.015644505333374248,0.006118634069058437,0.004855393881241454,0.0020848079949162823,-0.003541457592301178,0.0023915310749096363,-0.009847592241926328,-0.005204530467470825,-0.016009740933583316,-0.0006831688474893127,0.001821323608612424,-0.00501991414979841,-0.017521975973236792,-0.0004286598728135971,-0.0053501561336934955,-0.01101083457912555,-0.008833284558967591,0.005060532238621462,0.021212009711598867,0.0007223423233684301,0.00695459253737063,-0.004188721414768004,-0.004572002968263433,-0.00959333279975283,0.005820170912365086,0.018179391408075674,0.012384910799467796,-0.007504199240034204,0.011472060820013397,0.012270585964901493,0.00013927307687033874,0.013794358345161406,-0.015359142876119058,-0.0012312183746807648,0.002770782771175817,-0.018087390023451277,0.003859911492157586,-0.022944015710799626,0.0020689745507520563,-0.005622111984696865,-0.003149436882972534,-0.0011644157710515302,0.010368203104088813,-0.007946051542457866,0.004427643542451065,-0.016106201756631577,-0.0366248013103494,0.013424096790545903,0.008925451042268051,0.0012399674206404754,-0.0037513285196189017,0.006703506551618332,-0.011148254731931928,-0.011313991007112278,0.005553877675599672,-0.0005130010369756022,-0.014189705873110192,-0.005878576415235592,-0.0023312547919767113,-0.004349253990801216,-0.005652984969304775,-0.016730115302635795,-0.00685824349702191,-0.014816457337139433,-0.009457782598419229
2025-06-05,-0.010805186111665144,-7.537558890380325e-05,0.02813933647419642,0.006899038216217512,0.004372040793258591,-0.0031866250824093,-3.451204984461498e-05,-0.0010609961444130178,-0.0015655681935697885,-0.006128926675369684,-0.024570464857302632,0.004984586508347988,0.013253810290210666,-0.027607076711858802,0.00023641318962752678,0.008093815023647366,0.0028907018153567776,0.0005264926392847258,-0.005416633026952056,-0.013982903253474177,0.0027914788663352397,0.000473910650656606,-0.007502444276098252,-0.0005931132082839241,0.0009429226640111921,-0.01615382347945804,-0.00047842552922627846,0.0010723547962685487,0.0011858216985398684,0.000580064830667304,-0.0008307119233936788,0.0036409497046498984,-0.0077945595916748545,0.0015699267117534887,-0.0026310057599889802,0.004788227964189318,-0.03439186490704227,0.0029313550472993555,-0.00021293771901031988,-0.005958834469555363,-0.011645456383034158,-1.133694899291271e-05,-0.005731108223194781,-0.006768869318269921,-0.0033909341616586985,-0.039565952305465224,0.004482269617277268,0.016586710376887304,0.003727039838922863,0.0025881679744728103,-0.006612995862638638,-0.0026132494622190805,-0.00925617283798541,-0.0036509569564850963,-0.022534489273851044,0.005308351480707962,-0.009620326831459636,-0.004116555751198625,-0.009350710828365472,-0.0010104064779801192,-0.0027411360202922452,-0.0011533427121674933,0.01383188869303531,0.00625667788684936,0.0027400244519730776,0.00781389052848036,-0.0018021420508089747,0.008410435944273154,0.010781883510533774,0.019446991802369418,-0.003812108059547903,0.001318891735970773,-0.01216955198257974,0.01209401911465946,-0.0005417821157496228,-0.0099327996563634,0.0012523661193624136,-0.0003232520275862072,0.00923452893971266,-0.002019360594180064,-0.002445007283256473,-0.004567716676595168,-0.003727348494235727,0.003168945583715832,0.0018350525693273667,0.004278223632949718,-0.004003260620422111,-0.014006536773490286,-0.0016203199877207197,0.0013608932112827432,-0.0018895524636359795,0.0018898913256251149,-0.009997432867133504,0.0008176777435240368,0.01025219767474983,0.007362535583324004,-0.006847992561069383,-0.007963967476642964,0.0005367308882924249,-0.008736031345727646,-0.0036551736474148555,-0.0009336576095906324,0.0017017176572604598,-0.008115347146109286,-0.008610614692471152,0.0019399458768409872,0.0037286502947875277,-0.004367150482075921,0.01577543864148101,-0.0061677437521314715,-0.014356905720354973,-0.004329717377478559,-0.004054277905733983,-0.00021517822302552503,0.0064024120617203195,-0.007545960192004486,0.017701112538560437,0.006394864654613919,-0.0032096614722840755,0.02636522575634892,0.022478997078962948,-0.01785171594394308,0.027421579116275296,0.006690530143931284,-0.0018686056823113972,-0.007886459649036226,0.005033856988881702,-0.0031418549953423636,-0.016245513127648437,0.014242974331242664,0.0026025381338401488,0.015126953347970762,-0.004642164004914129,-0.01150066560589913,-0.018775200081048382,-0.006685051643792406,-0.005852692887074795,-0.005565327737331316,0.005579957597074525,-0.0014905720494624575,-0.0009541279053468799,-0.003730172392185871,-0.0040737869202498445,0.028371791734929097,0.0186548396670263,-0.002391101934421158,-0.004212009404117367,0.001958909419517596,-0.01189982936496392,0.02362075187872037,-0.00432495011830536,0.010390092794334116,-0.012172713291586312,0.0003726155506527107,0.017902780147403874,0.00027639034724202816,-0.005639237224009719,0.0031095160559466706,-0.006750037282379218,0.001262902661912868,0.01326278409134396,0.003427441416282484,-0.003540340526775765,0.002663581794346559,-0.006254995212882086,-0.012132201184645197,0.012035326458999407,-0.0028923925572206244,-0.0038334353459008597,-0.15433360927549344,-0.0017214404544301232,0.01235339880834907,-0.011197019957553955,-0.0006363378750355864,-0.015271088917057085,0.0016238086568893806,-0.005463486502721437,-0.003626280271199711,-0.0036644511607581975,0.0007492195744891461,0.0031557098972818665,0.005079164571410999,-0.007161874143477576,-0.001272841325191898,0.006895016908705642,-0.01462667331725509,-0.004865128691858622,0.0007527568337692969
2025-06-06,0.0163164960652038,0.011741144591633557,0.024328250315638122,-0.0031359844339862164,0.005394275102925228,0.01809018924941075,0.0016804081045602715,-0.0017996523873033965,-0.0005831599771104479,0.014198549387072212,0.00422651250457573,-0.027342057053827418,0.014805166514928025,0.001379137928236851,0.01111042521187322,-0.01771198765727089,0.026474028087448254,0.019516936177733868,0.0019341081988955011,0.01316449049270041,0.005214893854142311,0.024668484429017035,-0.05439547308438453,0.021063347444526315,-0.0028779978381408,0.006387994895272975,0.018153161105934235,0.017698922327156197,0.00836433310540663,0.002489718725366963,0.013310420879845797,-0.007478981653444627,0.018776783188634738,0.01856836363428016,0.010930651166273009,0.0006139431135983031,0.0286965306371334,0.003756130535397695,0.0013392730910508632,0.0143788578391697,-0.0032672911368720747,0.009711251919897634,0.030216569370367985,0.021909723905986667,0.0005575732907985298,0.004158126158599451,-0.005355787618913865,0.0288288196954829,0.010319240834207655,0.021061903942881877,0.01467527385163514,0.002799984717304582,0.006376918749599447,0.023666925275811046,0.009620336559010845,0.01740555657615328,0.015331105429766012,0.020652252286643247,0.01124516349386262,0.004774002277959433,-0.005085782177275178,-0.0002543636126723925,0.024245018477872193,0.007175935791168264,0.027232120817802574,0.012853029488175238,0.006040461055486723,0.015063003628770222,0.011387512396127342,0.014932941108422249,0.005886984398776107,0.011801699792533427,-0.0028892812264738055,0.016915955601133348,-0.005463538075322738,0.006741819375935876,0.028424448387111667,0.03072617920114773,0.011477711949030578,0.005816667654790386,-0.005521523537165507,0.016604513714002955,0.0089735589265727,-0.0009088719465344397,0.021943086605844098,0.006747966115333348,-0.00014425421581165665,0.002411738564850552,0.005024466133809469,-0.000593803631458556,0.0056088560114027075,0.007898631982482307,0.012957962721999117,0.022359701533908094,0.017939191271292287,-0.003648813171573728,0.005804055277478071,0.004668434498765528,0.006216151474854215,0.007597461007076589,-0.010392263328955487,0.014233120333983607,0.007423805046036236,0.02216492511957391,-0.005519983829370467,0.0007393532005703918,0.002464684547823559,-0.003777856023845949,0.0045971398677187025,0.0176242413836194,0.005660627051171652,-0.005786153241753134,0.004969031588318629,-0.004091964780885249,0.010406666590022873,0.01803614838349432,0.007833489791554626,0.003971608170910912,0.004177988379838737,0.01847901787577122,0.008749537073102331,-0.04406602920163971,0.01502450432427338,-0.009295067749166996,0.0017979364616085292,0.0012262500037687474,0.012562238328372999,0.014271903823744658,0.009729169172009833,0.013008504861986125,0.0031036681189444693,0.012137400997478842,0.002792835295858609,0.010008791694346098,0.007854823687525325,-0.002824601112972225,0.012861081908671856,0.009032710328585658,-0.0028549819065899484,0.021671278311575115,0.0026483672305630535,0.013972997386308528,0.011304961693419102,0.011422648424505688,0.015241413577873786,0.02224563332847218,-0.0011779481719216278,-0.0015713095713234537,0.030901571995196164,-0.005417215324102109,0.009933185507556175,-0.031355505165540976,-0.0012371376287649838,0.0015058579322699828,0.00689042625013947,-0.0021010870387154768,0.008121333501413197,0.0065302880000910335,0.011330417641792323,0.001886239154128333,0.010210307840393451,-0.0045325573097221294,0.014076160041811114,0.025289201005267437,0.007669291538824119,0.009931919431128478,0.0038701577529005604,-0.002077039213398635,0.009064625657932979,0.03552970929444044,0.009565898074540335,0.008763625611492465,0.02867220574478324,0.012880758664834069,0.016068366530722855,0.008511028889492955,0.024208609228448363,0.009084163078212804,0.01583802949711899,0.010843957815942495,0.011094881178078886,0.007891119455205597,0.018138410190379872,-0.006489793591901716,-0.00039711835329647727,-0.005551568703078047,0.023418698312127617,0.00978493402767544
2025-06-09,-0.012135225131953753,-0.0043047932762858565,-0.01143734739908897,-0.0017929852871034768,-0.00032405331073359633,0.022926290932565152,-0.025632685624333185,-0.00277630478622104,-0.004519956993846108,-0.01143015986697904,-0.033577759139816976,0.006694874306957033,0.01752028190353716,0.04364525765650207,-0.0012830876296794358,0.0008178429523599817,0.015455139004147966,-0.0066361641111569725,-0.04731204639690301,0.0008589932997473682,-0.008117135675244747,0.0010771192293326237,-0.013877755056220131,-0.003707611653148035,-0.007131220342557754,0.029243095442152978,-0.0031554344330175788,-0.005192099266340122,-0.014728290358750229,-0.001358947297005919,0.013579899906842385,-0.020541192063776137,-0.003913822007640455,-0.0031085703013218335,0.01169821989215869,0.014125612725337078,0.0012631371668962998,-0.0024682658671881796,0.007298609560542069,-0.0024365583094092536,-0.01800638542013111,-0.0036384772626911754,0.00301877934046324,0.009593983638573,-0.018699015926773477,-0.008588040037155409,-0.001494641098131133,-0.006653071474301164,-0.010046527037859576,-0.0034024846113327456,-0.008431711944246523,-0.014076204030371464,0.0028758894344722563,0.003691164645164946,-0.006803673085750361,0.002721202152325297,0.0023420020705833267,0.016804398609074234,0.014478130964064917,-0.001404195228935201,0.001410898956676121,-0.0034032262311596284,-0.007725424701869876,0.015744949829299415,0.0028476794400571492,0.008287384770077288,-0.006731048779437643,-0.01188999795231549,0.004756246796656427,-0.02651617169892173,0.0014057478943936275,-0.019463924965545942,-0.014675816200509395,0.0037621223814507943,0.0010334627127166485,0.008560469956135464,0.015351230978844832,0.013715666370043955,-0.0026173579182566797,-0.03152238456239331,-0.006042440880403177,-0.0036429030274476304,-0.007530382102545197,-0.017321784465686108,-0.03637721964989371,0.011112144811159297,-0.016098982344569635,0.01963714162535357,-0.010773986834808014,-0.05595870866054309,-0.0013972372674171396,0.00031151278116414716,0.0024245145733239326,-0.001476786298812982,0.023807408371506966,-0.022017130722340017,0.005487408117463843,-0.001670703108560545,0.0057082820616978225,-0.001816733026138273,-0.007542361710102696,0.019747400896551248,-0.010398430987260454,0.0011399301308241405,-0.008692514998276835,-0.00764423610363707,-0.007401163599090488,0.007822409782320072,-0.00033315878942818955,-0.006560560512395064,-0.03245748731775144,-0.009343400925968304,-0.008004666239758151,-0.004436933008076238,-0.0006571309730327712,0.005341490634592105,-0.0003260122707304802,0.0032406983081694207,-0.012537860537037204,0.019123913460671993,-0.0040485991822176715,0.013593361630612755,-0.014202555134391837,-0.01582803766059815,-0.014547565624884129,0.0025633373493469946,-0.003010656112622634,-0.0019976292244665572,0.0038476554865303214,0.014146717407900411,-0.022936287702556513,-0.01693451004230795,-0.00038686182462566165,0.026315763708451456,-0.008552384145449565,-0.028774885244262194,-0.0031333094083647595,0.0013623758897711724,-0.007661458558837708,4.049214809676016e-05,-0.01813387831457991,0.002445937410998411,0.04049511191901889,-0.03057720058068636,-0.01133729499229208,0.049699265411367044,-0.014640090974186393,0.011637735717285658,0.012317965807756792,0.012466570871014326,-0.0020309378566798486,-0.009081401859643456,0.0011951417460744906,-0.0019625652622199397,0.018944256852305053,0.001973004165841452,0.0023799123895145158,-0.00885581131187596,-0.028958993321664295,-0.004376481310658598,-0.00911675613676799,1.7148705282910015e-05,-0.00461507259983307,-0.005547246049054433,-0.017258093552257492,0.017446738224981218,-0.03274384703304367,-0.012612307860739413,-0.022569196174679895,0.04404709262059825,0.03416435025750708,0.015440931147010062,0.003933697073640552,0.0035329837689772603,0.012654027846823013,-0.0013240106000989016,0.0017916670814903668,-0.009940753599439134,-0.008803828603406672,-0.004067705072101191,0.0013855503595880947,-0.02851597205304035,0.000927882432349314,-0.010176515143068166,-0.015369992956424383,-0.0007422867380428855,0.006430699149761132,-0.03252603616722638
2025-06-10,0.006089018872669882,0.0010266608023501433,-0.0030221575531159672,0.005012843146218415,0.0007796335486807138,0.023564168611889258,-0.012890471815318882,0.0005180601350360803,0.0037460784582972195,-0.002425213339016352,-0.01061674544825486,-0.008866242924797874,0.02256387716510666,0.009394707261255242,0.01175003425426091,0.007782989228604542,0.002513966287807534,-0.03454707655558753,-0.005693549132713471,0.007336287746556813,-0.008892075386140341,0.01630802877467641,-0.0016562009973588587,-0.0074822977296440385,0.003078817376739096,-0.01030906989287761,0.003961922875513668,-0.0018649888661892433,-0.010571952652872696,0.0019431795295421495,0.021068528609632597,-0.0072784082614933965,0.02050365362653661,-0.003750253395603309,-0.0001758487547096621,0.011659817874638989,-0.030867437018933686,0.007137357513554932,0.012047748593739804,0.02950318436269228,-0.009283474125798996,0.003104967896390143,0.008788379548600567,0.0352807737234917,-0.00025764404390926643,0.001163288021547082,-0.009600822696880229,-0.013299172236734158,0.00556810543076125,-0.01242366289305874,0.01886364009525554,-0.011197213674434714,0.0047259105901389376,0.018009237256944033,-0.014053837906546462,-0.011820133641020192,-0.010310076278503999,0.017734710831445177,0.02534122425321428,0.005201407978543848,0.006750573919704017,0.010533304758435058,-0.00845974150825235,0.00957714156248013,0.030973710326980708,0.007281758347159606,0.0007440613672526908,0.016142569343513102,0.014516908586085897,-0.003302325119062033,-0.0013754679585646912,-0.04096523607239444,-0.03539525097757412,-0.027117783855683086,-0.008027170722531007,0.019565858115609736,0.012085517640839427,0.01287853320178467,0.0003627113824986594,-0.02352720751501458,0.007166315559747005,0.005103215915051251,-0.0041297877910020375,-0.027855972402226037,-0.0001371933834759531,0.01441802369132894,-0.0033196964922659333,0.0741395598505532,-0.004385901146328308,0.00769935754931339,0.006666106190964527,0.006850956792862739,0.005579850855551349,0.005967475025533631,0.030189148122944154,-0.005565024188085577,0.007667099159664126,0.006626021497957879,0.043107677815299006,-0.00823679673155997,0.005561732072695058,0.027535423210128585,0.00833803540910516,0.007914418656504552,-0.014638552254198522,-0.00582750354170436,-0.0015153793507591828,0.007605963222082401,0.0053674732495458954,0.010629300628862026,-0.019323229902713734,0.005161801181396086,-0.0008830836446707124,-0.010234394636432498,0.01308562705152827,0.025937551246268953,-0.002297262397713773,-0.005663476737035822,-0.0014232209159628084,0.025693365280901048,0.012138063486055728,-0.017430422147155067,0.004884014235264189,-0.01919801935072929,0.030893726827374124,-0.0066367918393144265,-0.01651674975026829,0.008134995712722137,0.006728568399224422,-0.0018188269197434437,0.019027538868265914,-0.002353458988875623,0.01443781435794289,0.013783100466373988,0.0021098196737074915,-0.02136389950959927,0.0004908564745393917,0.0052041409363559055,-0.010487447831033947,0.003166321634825664,-0.02185327146220928,0.017130703748970078,0.02363876695644418,-0.002213728031204454,-0.018578120337119586,0.01284355698834272,-0.006096760301308457,-0.019390486547167463,0.009240208910322067,0.006161992116713755,-0.0008977287328750805,-0.05082193643748578,0.007617655926956957,-0.014465761858561521,0.016298298061424354,0.008256592295694531,0.002683793675558377,-0.00252468590473498,0.016542264126910844,0.007046019317032304,0.018649860147023745,0.0032040972262903367,-0.01930956877727752,0.006529183728626986,-0.003230722137494091,0.015688860896301726,-0.00412703613705645,-0.003711028463274424,-0.014634132562043156,0.054708196942169884,0.014827838385681247,-0.010574902527516805,0.006009356755690476,0.011275761461509326,0.033149223867440014,0.009873176078600387,0.007772885410515684,0.010679809247990057,0.01286348344606214,0.01029924913317215,1.1608898065063045e-06,0.0025721865607852834,-0.01407129605716495,-0.0002258264671395338,-0.012199640929724254,-0.0018718989629293858,0.02094805421806356,0.01564756176954507
2025-06-11,-0.019329061980227102,0.009729786833153398,-0.003394822877322845,0.008092630827268188,-0.006509127658248737,-0.004513550337672534,-0.0069550669404359056,-0.0031830148599976127,-9.291217101825566e-05,-0.00911778923694051,-0.004420795554278989,-0.016698701007481276,-0.00626188889417012,-0.020120204015081633,-0.005613239076708965,-0.0017113125845700239,-0.02085913725682964,0.003429959246155967,-0.006044592032188767,0.0015286627930235497,0.002427949579065114,0.018241707308215283,0.030198850600439364,-0.0020976811551172148,-0.016179223066949078,-0.010143465598159374,-0.00894532718855956,-0.006654847130342922,-0.005206165653007133,0.0002637683116830658,0.005261040586007848,0.00034729028335167555,-0.011604718412866255,0.0025175022120169643,0.011093344773661862,0.0033163772858983975,0.0024015600516218427,-0.010931293032748535,0.0021886890347415644,-0.011980006897748918,0.012389123833154159,-0.011392559195001262,-0.0036030739614902885,0.023756774076849396,0.007129991305243166,-0.01038829212777781,-0.0014898509275758087,-0.007035741669572992,0.018327158068018434,-0.015822349463351593,-0.009577531493791813,-0.002796457196898139,0.020947626864886715,0.009702444462570625,0.010679305948364082,0.009161521818446872,-0.019689167891383086,0.01102270125257121,0.005775807299836622,-0.010964921738106703,-0.0004977927400053872,-0.00606391360640135,-0.005965077897346127,-0.004586460742931564,0.01755335243398992,0.005052300407042409,-0.014248778913046323,0.014805034044605314,-0.0010156228017068614,0.004945871756248721,-0.007159433543264093,0.011622783688925331,0.033972413140016755,-0.008229981182714674,-0.005676352887538094,0.017945822150233326,-0.008024605543329066,-0.008298545710243133,0.013176603307204715,0.005689962333360832,-0.02068444740771458,-0.0007115600339018258,-0.002238690076613814,0.009530581428805363,-0.0046290823155370475,0.018177573006867398,0.010344653261135761,-0.06658903383970927,0.0020725829107028915,-0.012505501118277529,-0.009869839700717087,-0.008613095325703313,-0.003045826482046543,0.015578625432967286,0.015629639225109848,0.004998748869332381,-0.004259425633208025,-0.015399289611558231,0.002503389722284588,-0.04352884193340678,-0.014883602893965175,-0.003133414775496668,0.0014950384093017632,-0.007403265777635504,0.004021519656474126,0.017064205610076044,-0.003479202062776743,-0.004779756699980098,0.0006886999948259032,-0.013144819209723657,-0.0031642062089112244,0.013932523340921321,-0.00868175402379645,0.021228404149501223,0.010750050685175871,-0.011949032778401758,-0.0013876302200106494,0.0018182970290627765,-0.007857845764180915,0.013770251247255061,0.0021671315806255365,0.010343835683372937,-0.001679017825510165,0.011387032108514106,-0.012244710018533667,-0.0021088817862002784,-0.005175240588603636,-0.007506193523280302,-0.010364044160962926,-0.009896938009784861,-0.01991318122697283,-0.008409103660562245,-0.014596755378457615,0.007489943578887104,-0.004104122865445703,-0.008265767553017334,0.00014619305136420735,-0.009006716043526986,0.022362476349701232,-0.009926944757805423,0.017666503200500117,-0.0011953922556697805,0.002181038622925513,0.020385893797942423,-0.00926935547487684,-0.00800961544863199,0.0005804830799975846,0.021686170762279744,0.04329316622152923,-0.01704070986134365,-0.00010587646580084709,-0.018454275413456678,-0.010148623921922173,-0.000234843867433554,-0.008261742979156494,0.002053115271965389,-0.007665568486645569,-0.0003086145472988022,-0.000318137269676555,-0.010537608342580107,-0.004070040051780133,-0.004082212357189086,-0.0030195621727031607,-0.011975684162699451,-0.01282696075588241,0.002555151497089625,-0.02585994860604579,0.013626494681301615,-0.0073386234941139605,0.0005579793268157829,-0.013450867740434802,3.662817470662105e-05,0.02607295378285901,-0.003530744407783004,-0.010845978867076056,0.003748632100894156,-0.023696304287872394,0.006737706916060127,0.00293456250593227,-0.009514051782538946,-0.004761949212380934,-0.005728600033758191,-0.00768961762218634,0.0010553405878033217,0.007374456728950207,-0.016278762073534736,0.01904486292297758,-0.003984549404139948
2025-06-12,0.0021618983137905445,0.0040236385046226175,0.005637967132519961,0.008166938880131092,0.0032928578325934765,-0.0028869121229524453,-0.008518714272621963,0.005455337326369936,0.00975891581067323,0.012469177614088167,0.023011883085663598,0.01640385847504966,0.012102653255590567,-0.024967380074140344,0.018528124156754977,0.014915379229430314,-0.00019770288405140946,0.014424917717300367,0.018182128971669265,0.004143047109297804,0.012482202846822332,0.001207047431121211,0.009329162176507921,-0.004412492261372414,0.005514005541165545,-0.051174137543045006,-0.0033914423107965774,-8.05122989024909e-05,-0.002036567672634604,-0.006243591566980733,0.011976718627688232,-0.008743219914241429,-0.00481435930490548,-0.003873223447018681,-0.007592531362496047,0.0005024909888140527,0.026033127986937465,0.0165627012826306,0.011461688023786998,0.00300449992773677,0.0039829461884819395,0.002669094034634334,-0.015576250322283158,0.014488978736024727,0.027605512918336572,0.006012100340893944,-0.0011371159301161171,0.005367634263503618,0.008481943184558638,0.013099611669330713,0.0015188381978963328,0.007765308057092746,0.008022150191440147,0.0010877916451459413,-0.007924291140685824,-0.008194576344576099,0.017449966348879187,0.0025663162853692967,-0.008498819333731866,0.0034174713721828454,0.007291697363447369,0.010430114751397213,0.015645179949864918,0.0007814830688426255,0.005967107701446928,-0.004625513415219995,0.0039372675300848314,0.011355271307777581,0.0030800244804156662,-0.0024191192577536214,0.013163167978798462,-0.02559904531768442,0.004336724530057623,0.023820713824956208,0.004797353483664946,-0.01339042316718908,-0.011455679096099125,-0.010622171130891367,-0.0003303510952346045,0.009438111993321563,0.007235615322073841,-0.012574652547100662,0.0007259900829010846,0.0015941705809723317,0.00030345931460917797,-0.002497955228811577,0.008045940770176507,0.00325871524696586,0.0005086885640821492,-0.017013035007225952,-0.0027420196778606964,0.007999131561729378,-0.0010335692812839525,-0.006310494727247651,0.0012340736622240556,0.004972868788297724,0.001974319929318291,0.003710331292320568,0.004966364677030377,0.02734077374428434,0.008391217660448369,0.005192391419282849,-0.003012896280978339,-0.010682507007548026,0.004498323980606678,0.01693265379979536,-0.005669203836996317,0.01686726334676969,0.0044236664598145126,-0.0024396626397438226,0.010312013245782126,-0.01708637603279506,0.015904202120935018,-0.0013962589387359614,0.0008932851645564455,0.019296282148421717,-0.0004774391968584979,0.011352410004886515,0.00959244645269397,-0.0013607482855819697,0.011002211391412331,0.04397335301667615,-0.05453273517144108,-0.006015504705600527,-0.005198428233912367,0.016180874926357447,0.003268802084660294,-0.0006429426073708555,0.012525568070810067,0.12129645955048574,0.010285475047527193,0.016316475273177034,0.018458707487964077,0.014708654560795953,0.006967468333054505,0.019883754664904885,-0.008381502398410845,-0.00047675018609005804,0.0023830248989922254,-0.0005751272707810173,0.005772319932821013,0.0034901252811891936,-0.0049188740470276215,-0.016503235995084964,-0.01115377532581796,0.007680122787272481,0.014010482420745873,-0.0076571130561911005,-0.010387369930696444,-0.0021814923136638242,-0.00044705178217885333,-0.0016130460153798154,-0.0027263007984430487,0.01070773944510961,-0.012488721571565442,0.008262149728607504,-0.005956164309010248,-0.01633009292487486,0.0028349686331052837,-0.0017232863613010352,-0.003724263506226233,0.0013855897744265988,0.0037112749700281,-0.008349160409002021,-0.0013364343397217482,0.0015182407312748225,-0.009789086832040717,0.011249485198322695,0.017015144988320685,-0.023163806378267537,-0.00066508213690053,-0.013310244049103304,0.029277763523149147,-0.0006591570646374834,-0.00045230714898902846,-0.006333774173272744,-0.0013448810353184903,-0.00540780506000349,0.01760079117312774,-0.013986070809707929,-0.0019954689989347685,0.009708865046310855,-0.013127903234465776,0.011907398705991667,0.01064909149221549,-0.010713903301954097,0.0035748219080531385,0.015493456380621495
2025-06-13,-0.013850111117666764,-0.00775732746484703,-0.023619075099864162,-0.006545925711264999,-0.05338730192165553,-0.03209990809685781,-0.004615959562721095,-0.022294533202918743,-0.0019452672446735875,-0.00447550495088489,-0.01079042398338892,0.00705046489839134,-0.026129283619569676,-0.022877822107200352,-0.0070642498001785015,-0.006116703595376194,-0.005745769989266236,-0.038361965780579155,-0.007528491188700137,-0.00996699537886947,-0.026380265316250373,-0.043788075616842725,-0.03229153970401377,-0.0355233275144613,-0.012420873410791344,-0.019069502288811435,-0.012878367611510733,-0.014204275377359465,-0.031649030702952885,-0.017911665896467532,-0.017252147836818832,0.011644737770271085,-0.032166045771818474,-0.026152107463331298,-0.012462573629512974,-0.027441335712005355,-0.01329744682858891,0.006449714459303202,-0.03106787678213152,-0.006949502506211402,-0.006266173322241109,-0.017082963222261327,-0.02610245988812654,0.023926565609841965,0.000415017425459574,-0.012464039221145029,-0.009642821224717935,-0.030788975075127567,-0.003734173428568077,-0.016613825776319757,-0.009015534223677513,-0.0076813615758801745,0.01507273409285581,0.006239490007754256,0.008437303273604257,-0.014689203728416977,-0.03623047201808394,-0.02112417098350594,-0.00652069029943636,-0.005301944349525911,-0.004257258280857101,-0.025931481108258936,-0.0024798015285050212,-0.010390686872638888,0.038550470790580604,0.0028690351092031108,-0.003327318601181517,-0.006615194005455738,-0.026832544508193834,-0.007082227186423928,0.00931552843252792,-0.01704410583676097,-0.02340025192745898,-0.01259949922307868,-0.026808979242537223,-0.013543702375507838,-0.007402287721538059,-0.007154542294047772,-0.020517513542104737,-0.0029193609789235353,-0.023910899356342163,-0.02769376688489711,-0.008108430894184337,-0.004831106049095979,-0.015845050902111524,-0.014405939360149667,-0.0017122815359273957,-0.03188568322613605,-0.017489195310690597,-0.000435945101232349,-0.01885105835507428,0.0018270126005095477,-0.013709828521256462,-0.03197819236503818,-0.010612795408207809,-0.0008247770439702151,-0.010329360641925689,-0.010244685249730878,0.009731967661623209,0.0359260482141055,-0.028416770243016032,-0.02620801947133078,-0.047884680486733444,-0.03179258498926174,-0.004394872403570282,-0.004635877653248244,-0.019586553490716696,-0.018081012475946068,-0.014330349762994743,-0.016560208571319457,-0.008601129428465804,-0.01764463952040085,-0.011458684252436235,-0.0034004956433539846,0.004927742704952109,-0.0005521883210715117,-0.019903571301004064,-0.009983669162482833,-0.009600904682903533,-0.007657586721968812,0.012210926751653695,0.030970561375015748,0.0030281661126823067,-0.004404916371242962,-0.03709021217803343,0.03723642661822435,-0.018501312805126346,-0.01267834245183419,-0.023671036596616624,0.07036381639775957,-0.013802194604707552,-0.007523722087658058,-0.010868940160372986,-0.01204092600661788,-0.017542688049427824,-0.0018047340738274187,-0.02041037540893864,-0.010678500266339874,-0.00034160502476510146,-0.02546902469612089,-0.0033500466546270147,-0.05385578410161429,-0.025414438994765476,0.016007960873820615,-0.032008016746363666,0.015532736253449642,-0.0027726054318018,0.0310758714384356,-0.01040882160214629,-0.013306933127704035,-0.014542655073547905,-0.0044606277904524205,-0.058857202699841515,-0.016791247090158556,-0.03408849867774588,-0.0008531340312476487,-0.012215635121390456,-0.009121544235340728,-0.029059315213606496,-0.008592972453419279,-0.004085086865423637,-0.0013512923638612229,0.0019921170446490777,-0.02495518772646399,-0.00520306980682772,-0.02861195318148102,-0.0031076005977537235,-0.010226341682733953,-0.010107673368340286,0.018758618116691217,-0.024131191291036025,-0.02209612474684075,-0.011694843606610661,-0.0090860076946786,-0.007234929275754531,-0.03339877250954526,-0.02729117342121956,-0.0515149944653448,-0.009171898680972568,-0.004118845127164317,-0.024164676391889017,0.0018750883811620156,-0.02332020595120543,-0.002970434891792273,0.0029540731386914487,-0.004658081589196783,0.021286683564079922,-0.026322398263293856
2025-06-16,0.010029336563222913,-0.0019210400316485021,0.012466146415940571,-0.01238692833769317,0.026595334615581834,0.028562082999007643,0.0034504794458003474,0.023553056722145804,-0.010447237359482386,0.005189588880347706,-0.0007458223811758202,-0.0012257885357085385,0.03373474905469287,0.08147033309209029,0.0010739564816706348,0.00029187854139944847,0.018298058788090543,0.027239875495295607,-0.008104618625744742,0.0005725626773704917,0.00575328678791287,0.015578428821466872,0.010490564828584681,0.02140221740948256,-0.01214712519456107,0.004773430713489901,0.0063023801503896415,0.019353542099030285,0.012003812208595477,0.009375873410707669,-0.02068711834213932,0.01713690579679561,0.012909086789825608,0.020189180365247417,0.013412010552285025,0.001085214246912436,0.03515964191537346,-0.009335988014400165,-0.001321853907818138,0.0033018226603327427,-0.00827501915732931,0.007753281535010537,0.023275049426194627,-0.020185212662064522,-0.011617834405760696,-0.005844835644562174,0.006307318850914623,0.022599743569085895,-0.003989720418031695,0.02093697825721641,0.012960998988094108,0.0016610261831679907,0.002180790139114208,0.0005983920786940544,0.010171881425485196,0.02820089639732437,0.03566144579983366,0.0029020990897681287,0.01211714862620017,0.008573042664981045,-0.013241874717226487,0.00653710603236668,-0.019222526588575484,0.023668998054756862,-0.01650886609108415,-0.01630075905388706,-0.004144449388569171,-0.008866705845092415,0.014783244319080069,0.012162290812150367,-0.014787920763290607,-0.003071665275493629,0.015204760599043965,0.006670826110346972,0.02100177688663285,0.011580319732207744,0.010420328083164065,0.010675997484561606,0.02122052267658603,-0.006660664781197312,-0.003333429362967877,0.013416508350116985,-0.0011842160356545506,-0.0006299893895791442,0.03443564005999544,0.015736720423370265,0.0067766308276882015,0.028272454497202837,0.017129471305414867,0.014468586311657816,0.011958574742013894,-0.013016724498013943,0.018844064365343804,0.01665644099757202,0.025880224120399475,0.0006218789561711624,-0.007446890577123,0.0008017482397990605,-0.013735576467666988,-0.04070619765415184,-0.005638325859379734,0.03995256293270355,0.011206461872842688,0.011397592262893497,-0.019053321582216398,-0.012993737069023403,0.010200887698677441,0.0037172669779108602,0.006973068962778939,0.027253516406813283,-0.0028078513971356855,0.018561991528991406,0.01140184684729828,-0.0013930793235852335,0.0021910520803789524,0.0015345148123246943,0.009518268774231231,0.006977231003259199,-0.001707864823125682,0.03336887026495372,-0.01390169925042617,-3.230412630106372e-05,0.03783295237992146,0.008799160964025887,0.022106823516074847,-0.03927844369271494,0.01676817829427879,0.01289981457864453,0.016424718477656697,-0.023008668987014147,-0.021312223265939956,0.008915109177557667,0.004422000485257094,-0.005611594946637766,0.0041253749319292154,-0.004994550150959398,0.010703489962719637,-0.00422065376231906,-0.00724811392494118,0.009582506594146167,0.00757053943263486,0.02080111428623077,0.013784400866821755,0.02767863636689416,0.02256837477663609,-0.01102062561953332,-0.011512733849153634,0.00348416941857721,0.003249282415111132,0.016746070847768024,0.01668415771537113,0.021537173617674377,-0.0004761451461341437,0.002495131837285669,0.0001887337153672064,-0.016471424790345246,0.005858289585227716,0.006549379752517126,-0.004507907802453026,-0.0006509428188463673,-0.009086082658226857,1.7148705282910015e-05,-0.009147728392719934,0.010350574442886895,0.0021268610122167075,0.0068283275576366265,0.01298662782169746,0.004722996426274051,0.005579654753296026,0.011190134764257564,0.020895355185267306,0.011918622447589122,-0.007793555484782999,0.006074285944277058,0.01276400474945838,-0.011456775224079507,0.003275434862792803,0.0071476867803932365,-0.009119153044514938,-0.012565852304705416,0.005202448649177072,-0.013359432279405503,0.010084613805763532,-0.008036354151215619,-0.010991693001174418,-0.002126562495254447,0.0029454801171162615,0.000938284728679406
2025-06-17,-0.014058553790315287,-0.02936219901642545,-0.028165215115846465,-0.013438086115058034,-0.047320889575571456,-0.02006763724294025,-0.0010382494031606626,-0.00881110020578646,-0.003629460297177367,-0.006233382379733143,-0.00039858468676001735,-0.004014298636289659,-0.014638014359049656,0.002668362225222154,-0.018895644922035437,0.00019823822627529353,-0.006326132113663618,-0.060574198294028214,0.002513280251021044,-0.011767516987844395,-0.008285378548277045,-0.012432668093272703,-0.013976149146063044,-0.005498322102976516,-0.0008527181969562037,-0.009256809622653961,-0.004990570841813202,-0.009742350205617534,-0.013988416484489008,-0.01438930874787836,-0.028362037550793584,0.002105461476805459,-0.019324660301740515,-0.011093789931358344,-0.014791494351013235,-0.007646393881871383,-0.009138871442290863,-0.00612335167289757,-0.016219298787980563,-0.016208075926810395,0.007289854367827253,-0.024485598755272342,-0.02016224708623149,0.0054857836325235,0.0011120034905829357,-0.006687881791653361,-0.005378112934945278,-0.00263936520064334,0.024597908406517988,-0.003728944755187591,-0.014250385987847114,-0.005726611833481776,-0.010717170131260723,0.018903288442893462,-0.013008870402935635,-0.0030438374686161396,0.017290005691196875,-0.02630193429434957,-0.01221925265162671,-0.0004989210031229874,-0.005969674166176553,-0.0164962372847004,-0.001711595806322741,-0.011267532938175506,0.012178458790760516,-0.009503421668226597,-0.0006679098971869024,-0.01173932324257132,-0.005455033782029162,0.010196538996263271,0.005579204793595416,-0.0061631730439648535,-0.002715473136079005,-0.02689452167510087,-0.008435210611718702,-0.02138111395227149,-0.005222201689505823,-0.00592463894959927,-0.006961026363295986,0.008817838362467967,-0.01383877330573835,-0.0022490855281604993,-0.01060888026531881,6.187146433678237e-05,-0.009124195494469856,0.003563644317564396,0.005780665656119233,0.0018048779784427538,-0.005547357438391742,-0.012277703430188858,-0.013732803328434073,-0.01944369989814021,-0.00448079145438296,-0.019405295282044932,-0.0015058539797552228,-0.006994210548359803,-0.013226097175059515,-0.012819101984399062,-0.01969516656215564,0.025922599281875236,-0.019586085255998142,-0.010645492227962627,0.0008324051112325037,-0.00664107949898618,-0.013787035479200682,0.005590380838572884,-0.012425659228774144,-0.013335960290316251,-0.020552681499070857,-0.008304431866850592,-0.0021252107556710698,-0.020487979790079436,-0.018887625423515964,0.0016630216409172505,0.017999650678818924,-0.03286986938515479,-0.0075188027841113225,-0.004083530980635075,-0.002718656450268142,0.001510777871465585,-0.026806929596363993,0.0030339644644765684,0.007133775519747587,-0.005858422273388619,-0.03144984718434962,0.011467863502218734,2.7539130570630732e-05,-0.008005238317135621,-0.006500350556455814,-0.0176088382239028,0.006484565620744398,0.01927672973806871,-0.016112815685357162,-0.016419438182729174,-0.014389060102833362,-0.002159235717408947,-0.015732540395478445,-0.006751563985508469,-0.0006630466799162349,-0.011713739961180636,-0.011090328463787102,-0.021436491752077735,-0.015498034331136168,0.0013274797415805395,-0.011675928170977734,-0.025344609468077373,0.0015427181530887069,0.011910629406297168,-0.01953231511250486,-0.012611550418442086,-0.0016900673330493277,-0.008675313850782018,-0.014306277496921815,-0.0004332334879899591,-0.009358853329705319,-0.006606281205142395,-0.00487684760177487,-0.008238051947863312,0.003608140810019478,-0.010167393362379151,-0.012757911112499354,0.004116509767754906,-0.002046240050297854,-0.009550494402677412,-0.01096508164585508,-0.03618655360061496,-0.04231016187443348,-0.0015084795567732456,-0.0034958465076364575,-0.040087732658791175,-0.008224344141654072,-0.006398612939236159,0.007957727446520124,-0.0178775125101458,-0.012223454430600356,0.0074402263078861,-0.011157160186988868,0.006338650161975323,-0.019081492097264174,-0.016049574754711138,-0.011408051468045244,0.0071849835597088685,-0.009699315846229517,-0.0017611288479590925,-0.011446961097708375,-0.0009613079182049233,0.013162897267584128,-0.015989534232700997
2025-06-18,0.004844466573739048,-0.0007150501331620873,-0.008817976382060166,0.000537847143503356,-0.010938831663746207,0.008590773938808027,-0.00286284414423843,-0.006199463603247857,-0.004921456148204939,0.005194298982905465,0.0033920768095807574,0.007838478872036703,-0.007812504411472965,-0.005375428564316387,-0.0015259977221191434,0.0010333499355823506,-0.011149723199490147,0.004226774488580887,0.00037300293312991784,-0.0056873214003161365,0.0033705232837313304,0.006127649301324034,0.004462489256717106,0.011559025160681635,-0.0015463911802005015,-0.015058844862190668,0.017662391537204503,0.018426415447924782,-0.004037995869309086,0.009465724761223981,-0.006825626399277862,-0.0038016272304535192,0.01261652417734993,0.010758289950395294,0.0043383498404052645,-0.008861451810457943,0.0007740912529978772,0.006062949400815754,-0.004635370563147667,-0.00740047282425671,0.007995863698285532,-0.0003060409971498146,0.015358717381833031,-0.017724904232242267,0.010756808441257704,-0.002807831907612801,0.0030983432620046436,-0.009285912035600141,-0.015488233197359591,0.006798659231259663,0.0030844329119119607,-0.0046188069088346495,-0.0052517565436138725,-0.004667662975172071,0.003010054634447812,0.003025595561187977,0.0036381813831907195,-0.006002942362898445,-0.0031441002554064568,0.0025635620753119426,-0.002500763668579431,-0.0050360767746360224,0.0037707950318539574,0.009041989332789768,-0.006528140905797564,-0.003471508814736346,0.0009998399650363865,-0.0023367136912670894,-0.009430486036211327,-0.0191107158743149,-0.011487591631613725,-0.0022243103948582643,-0.0011868973334463462,-0.0010281475810707263,-0.0023118024855683927,-0.0050263134740178295,-0.01973205436369785,-0.016335169164668706,0.014992069197505842,0.010170818757502254,-0.005257084367362275,0.0016745254625663009,6.858889330985107e-05,-0.014005087283709194,0.008663300112433436,-0.0001907926449584707,-0.007635336657132896,0.03155086969287435,-0.014651151713650279,-0.003965422278741748,0.00027339125477165993,-0.011864994294427333,0.014970474913591048,0.010910905379325264,-0.026961343959770012,0.0035322082689051015,-0.006288356558526331,-0.005312464284175533,-0.0071334983647206585,-0.022690372642201417,-0.005302942328056837,-0.004641620569362459,-0.05599505846560593,0.005189020267748923,-0.00947366758315038,0.005162208723263895,-0.001952363558427983,-0.0004575147916519029,-0.005566688964028899,-0.0034115922233564078,-0.007298727591310339,0.0015308677446252972,0.004991689757249951,0.006877217316670681,-0.017356765041066424,0.013613055346246128,0.017195571166778834,0.002806440310540559,-0.004255936128609861,0.009570738367476572,-0.004482698231661253,-0.008277675355063074,-0.0028024858345636616,-0.0007055555616597431,-0.008474517130292014,-0.02007939517569657,-0.022733992394254443,0.008773414948008984,0.006839294993693734,0.009158925385572836,-0.006622670932545205,-0.011714493457968267,-0.0015514448214490884,-0.004902793469793831,-0.0027703679315731478,-0.020360209599188828,-0.0009528420438087437,-1.8786705939355386e-05,-0.006234074153979918,0.011305607455397215,0.002772459882755207,-0.02935289479968084,-0.005403959723317975,0.009597281547573111,0.0176132109339191,0.01068476295245624,-0.003242617821510585,-0.019521544940101165,0.008398395788334234,-0.0017709050646601554,0.009044854865636331,-0.012939791162213332,0.001209515157930774,0.010468498007742966,-0.0047104465770768655,0.0016297032367074138,-0.00043251780709230303,0.002683072671391784,0.0037259872228014856,-0.00046838471340659993,-0.0008896560189155522,0.02293431041466487,-0.0083065723711373,0.01941845666373032,-0.004602358866892864,0.006960826367008899,-0.002031174435493277,-0.0009479213056859948,0.0011124117897107766,0.017373436990088642,0.002818148910430196,-0.01785623233355338,-0.0013889591310327631,0.0067768854582412885,-0.0027028609908059664,0.003164948339512641,0.01305552960659817,-0.050301606024325984,0.015297486072777922,-0.0049475743495239755,-0.023598813610136382,0.007243519569281709,0.029654988573698304,-0.004845927398877237,0.010145413335397535,0.008335869976687782,-0.007390850905918178,-0.041110852173957824
2025-06-20,0.02228673296344752,-0.001793805862702058,-0.0031143693823798557,0.003926166826346389,-0.0017067864897635232,-0.006755987869338398,-0.0017596731176521274,0.0062279984081570205,0.004640324484690872,0.0064258801250307584,0.009742782635965952,-0.01221175087067472,-0.020355682077441983,0.008437925240728283,-0.0011135729691780227,0.008693086838213127,-0.013791203066422675,-0.047220915587068646,0.011286616416705364,-0.017521179344746507,-8.589224647881366e-05,0.011314852686150623,-0.005804261087994256,0.006599426581203716,0.012981381650682522,0.0033063542628051223,0.0087882266548589,-0.0015354092935568886,0.002111624712821225,-0.006346341743098449,0.001892781759069262,-0.000947341023620929,0.0008916827107725567,-0.0006823182930988381,0.00042785672265299723,-0.0064740505142628635,-0.006550630290651505,-0.00012547714324107062,-0.0043185020289877585,0.008299487823941742,0.006058503365281354,-0.003229478031733457,0.004805678957193749,0.009679991957924905,-0.011745743348465787,0.005594093220939733,0.00307044676329582,0.005959058685604646,-0.019858145235104097,0.006286545865298976,-0.006243461130393868,-0.00860646540140575,-0.005565889126836865,0.00891193306805338,-0.0029435755657365448,-0.007404596532568419,0.02204037363181044,0.010690619163828963,-0.0028092103784898015,-0.007203118679885101,0.006461445231379592,0.0031327294376248815,-0.00185105144135278,-0.0036034437896699245,0.012760259485766312,0.002303759648171866,-0.0035882345684052908,-0.0012232658926483175,0.015818490353736614,-0.008551928756937777,-0.0006946463259032143,0.01182700440719664,-0.010924113573473448,0.003590799925061283,-0.003897307799120231,0.0012016678657946755,-0.037808945090684,-0.040578853041075114,0.006879236616891049,9.67979283759135e-05,0.007208643322456965,0.004526000068960201,-0.0006076446274034808,0.01514074788993991,-0.026238064379284776,-0.008696595491692882,-0.008242282267923784,-0.020346860233328545,0.006926037703353316,0.0009085893466496131,-0.003129061440025005,-0.007233500093553502,0.002419904254594485,0.0012088408210360058,-0.026789679211447037,0.015731929631148667,-0.005742302483036532,-0.006738548107194653,-0.02807215646050043,0.00414411048991159,0.008919518356777623,-0.021738345037374707,-0.011287705170277107,0.010287088363816643,-0.007783686769927911,-0.012093948820305123,-0.001507684023335898,0.028655010049532414,0.0066425555004965275,-0.020791739988436753,0.009428255792046869,0.01003311467228496,-0.0031015755770633646,0.002797816635549566,0.008509184884156085,-0.0021117185567671726,0.00012106966762104321,-0.007716287046977577,0.0035854893306082047,0.011853198050483016,-0.0009980494691061992,-0.004339792508470275,-0.015384177027740975,0.0054019526307031995,0.004419902829973843,0.004733986535549128,-0.010677689124758416,-0.00021193432380339772,-0.013820498975441353,-0.03108276596087922,0.014190162635741466,-0.0031226410413758288,0.00015149200819930542,0.003871586525212578,0.0070744437679710614,0.006753850806523687,-0.0004009459088347711,0.005864709532314549,0.002126776322925572,0.011447837711286546,-0.001291542266143253,0.02216734405774634,-0.015166312252628877,-0.010890336242352916,0.014272325665199759,-0.006092395358749059,-0.0007897177098703523,0.003477682128696813,0.00995470632094797,-0.019902883448115638,-0.00939369710143989,-0.017660574113821603,0.005986741497284953,-0.0024344807381426747,-0.007504792332537313,0.006788776622885351,0.0008397111487319364,0.002693305747559549,-0.004895918009606426,0.005969178900694594,0.0027178476096101356,-0.003989061060076793,0.018944056897166384,0.011367788042004001,0.00702943235274045,0.014545887102261013,0.002353288538419207,-0.011365717752243043,-0.0004367370099975787,-0.00014257039040366237,-0.0012713780465096747,0.0019061473144992291,-0.013006483758841725,0.002609953396380149,0.0025275586116233484,0.007470346356436508,2.264276783847663e-05,-0.005610103748606932,-0.016036597473572556,8.248127911025804e-05,0.006188562497157157,-0.014090991516350293,0.008018231500067863,-0.005729367548170217,0.022511673525121623,0.010236717259155093,0.012991967727225884,0.014150008619395749
2025-06-23,0.002535798478723983,-0.009114695346662316,-0.008931016034178896,0.0015835497104630392,0.009714227811082665,0.010372404394224155,0.01281586907524268,0.011913540242811216,0.01443553659218555,0.0147166976950448,0.012526670939012163,0.007226778384497479,0.014038729705980302,0.007461469881252292,-0.06022644200975247,0.01835671178345777,-0.006220452013166344,0.06199665452798708,0.015008789223768915,0.010217467313699657,0.011303641674867748,-0.003021769458416479,0.011919422508925415,0.0027826150022409735,0.013458114590822134,0.010706368206534478,0.01650041609142905,-0.023713493653197304,0.004281631074357861,0.010951006070389901,0.002745565787849902,0.01015300995853785,0.0040034033229101595,0.009575206529194524,0.01414304937436306,-0.007859449259822071,0.03157868578963274,0.008333525877238124,0.010429415495622152,0.002185723118598215,-0.005729380262867956,0.005687557985059932,0.015088057199339033,-0.03174059743884783,-0.0030845910665631138,0.024457406230496304,-0.008169598099168951,0.012223933462516712,0.030617289478075627,0.014879112456821275,0.010521551432797427,0.009693800410965459,0.0020803764775854106,-0.01837472010942509,0.04135394573932061,-0.01462391530054763,-0.01315527215284007,0.00045714754082837317,0.00016369964642493073,0.010386763750052097,0.012843389550749151,0.017165728451532303,-0.0037692653608338844,0.007345398330349973,-0.026535805114578537,-0.009931916451610512,0.008908031182818021,-0.01137852431746067,0.046268610127947696,0.033630982020462774,0.011026517157819882,0.03183401408830644,0.02187308912091801,-0.022548288314639287,0.024492390917752793,0.005533897667265197,-0.011531617258238036,-0.010014447968449858,0.007608177873648536,0.0016264506432248638,0.020549873691303233,0.013175267410694858,0.012876078438950778,0.010160814189790202,-0.017895040446424648,0.028045503739162037,0.006443237311418493,0.00412079714615432,0.0004521267840651433,0.012350476477921646,0.014503046056762336,0.009184874927502307,0.010451636169179324,-0.004019581542533679,0.0051607586497244284,0.002750605376861781,0.012607343882511834,0.007969371736078479,0.011063018638566291,0.003999848857054289,0.02684240615057032,0.00971717016960838,0.0169078629993491,0.014964767629250808,0.006877602091620361,0.00018971678850654428,0.012828985798657655,0.002320111931259028,-0.004858413731379407,0.022120054469404238,0.013972142465675574,0.02390800348267952,0.00038240387329313563,0.010745796650326156,-0.016546245890546096,0.01461074911115201,0.008361852276610016,0.016068853506919112,0.011169804549411744,-0.015026630353708548,-0.011685972117533083,0.01707843341573856,0.021428491353558954,0.01577989993123108,0.01614805725616808,0.002537311595842695,0.009458520481151034,0.012139960294511809,-0.0003309921800367377,0.005393121077440277,0.016150725915805353,0.019854931002860177,0.0003063805095804284,0.0026098519060973047,0.012572237969084021,0.016862080446560235,0.016374559154093582,0.013609039840574155,0.0074257506307349175,0.01818902932320654,0.011447051973314082,0.028408758617072927,0.011939747402846201,0.008200308506555842,0.0019276757336381678,0.005758744077597022,0.009555472301252976,-0.007463324397311233,-0.007518513475663013,0.011720990657635433,-0.010925082359134919,-0.002060526491434622,0.030211269215137726,0.006070817773233372,-3.2693454130594546e-06,0.014482493159474252,0.011201373995572972,0.01995248766032809,0.02264097506873064,0.009366282188343789,0.014114476235097762,-0.0004289391111531593,0.018758732180653936,0.01856675633065752,0.009376572670898753,0.006923544937567527,0.024306785839048217,0.009928808674879441,0.009174726153005963,0.07862212401503932,0.015451861056415161,0.015116167538396397,-0.00038107093935391134,0.015392113750272607,0.013241874738072035,0.013594781224179897,0.017871917403660564,0.014905453923710787,0.006937016050968303,0.015066155894574162,-0.006108677762508563,0.017518055685149747,0.020354210444261334,0.011646171703286079,-0.0005625118463727929,0.017505661292309682,-0.026405455466940175,0.0017151180863992366
2025-06-24,-0.005921879639907424,0.008924752772550448,0.01255476754051088,0.03508660734021429,0.007083523301924188,0.016090169058304404,0.0036362457495737743,0.010116628235521397,-0.0010701573549312116,-0.006588428762617227,0.005956119966675999,0.033419176370901305,0.046088089092998885,0.06313282050303304,0.0182894112903087,0.009689170259132851,0.02003129569447193,0.030317939825859064,0.002341952332127306,0.028582488307580256,0.0019342763922001183,0.04356331897711563,0.03556117920886592,0.02808982329466847,-0.03749584382338966,-0.003931502841212797,0.006816031613221529,0.015610856172856735,0.026275071573390818,0.01760579719712574,0.0038077148385333714,0.01679152333572098,0.040028873191081615,0.020223806945224965,0.01679922701154979,0.00936529161937738,0.015531493298905907,-0.0004083181913943079,-0.0051999679172816116,0.018214856910685473,-0.005569153122621628,0.022553464589429417,0.021876294369167937,-0.02538613930172673,0.002093306705362785,-0.002471296902805342,0.01768825733142565,0.030648196251648052,-0.014587645132287719,0.006563077202181411,0.0012042653293522498,0.009814205341831084,0.00994112000939218,-0.023020125501597377,0.022682769456118912,-0.0004848044430039167,0.019760818362428267,0.0064507167916980634,0.011013712720961522,0.0013039236924887732,-0.0008406909497082893,0.0025996710886637686,0.012536845574351752,0.009113144670901185,-0.010401080004792007,0.007798940293280765,0.01929036625486713,0.0032864442709450437,0.01573211205398728,0.013352728427348914,-0.00610047667539515,0.0009681688973932623,0.017375398615635973,0.008438078914553948,-0.009872850919940834,0.00876100942285385,0.00914312459522737,0.008244317511535648,0.021435594339822117,-0.000808239723940396,0.00941938337051873,0.013415021455155163,-0.0009152475862901355,0.0023741389966982496,0.01973729240167943,0.015060083581275308,0.005396251711981215,0.061121754348524515,-0.0060253560517553595,0.016556542509158056,0.006265119784271356,0.004755295683119165,0.009318718155758354,0.04480332302961454,0.03533317567244065,0.015791604414324034,0.00633486050926102,0.006861829315442769,0.010353816834459018,-0.026321646384264596,0.006284024466360449,0.04036221262563444,0.027066475462929063,0.01735276741120728,0.006449621514768467,-0.002472093867277536,0.025954392678745997,-0.001479971426747717,0.0009475551832531792,0.018065173288405845,0.0032008513249603965,0.014685742837803772,0.004161336821665529,-0.01119777501416852,-0.00954795776607309,0.0027871514007822284,0.012767766898396538,0.006636078024248704,0.017903126235059297,0.043997553143515944,0.008989069627036272,-0.027135012188538532,0.010086763985794,0.018161254626771317,0.010200548282771393,-0.03327616016593016,0.016354339943432272,0.002224026539066948,0.022990077220143235,0.03530130390438213,-0.024258361927307348,-0.00846529317128919,0.015220700365960127,0.01169452225905232,-0.003780447014341881,-0.0010688285428672728,0.015394237578751024,0.009367577976290953,-0.004080308920952014,0.006426629158677422,0.015353163389530522,0.022381306710753,0.016626938675419645,0.006968014069658857,0.02171045967842744,0.021468186859324057,-0.00014790382719631623,-0.029321341586147298,-0.008245330168390907,0.022665506310634242,0.009002185839918297,0.02775531487727001,0.005450803197145859,0.04116934742775058,0.015884005638326926,0.0016810376559224238,0.006274680747402783,0.01574760456563329,0.003500526240745039,0.018896332706274777,0.001581607211985414,0.005357636571992064,0.000912090960485834,0.009327850938137594,-0.0020575564696452275,0.011425659489667339,0.012392362576210125,0.006074735745089654,-0.006284281839864292,-0.02431167878352536,0.02119533403149454,0.07034589508352873,0.020328330975231346,0.009307179002681742,0.004111793354903526,0.031098044715685447,0.009715299258855836,0.02238645562264363,0.015958413610984934,0.005716397128027406,0.011645382674076998,-0.0005021024797189355,0.013408983263806462,-0.0026573476622377967,0.010129302356895131,0.0007904089237102951,-0.031160522783853395,0.0033633131990473686
2025-06-25,0.006322131684678212,-0.0016317483341694583,-0.01872459869882981,-0.005381399404431164,0.014794832983710648,-0.002356708836789956,-0.043443272300862645,-0.006592804724592227,-0.0190517699167172,-0.016341730689230616,-0.02634510331517781,-0.013247532557992159,0.015305974535044342,0.032339711677269456,0.010176884299536226,-0.01716288795287113,-0.004058003126737653,0.012012857693332712,-0.0170796340996473,0.003911142477050156,0.008831068445270596,-0.015076571093206148,0.00024264426117870386,-1.3688661313793204e-05,-0.026168868609724782,-0.01229608765268786,0.0031345392017647633,-0.014999083973295413,-0.0006752012798632023,0.011814255205361057,-0.006003849509910175,0.0013748164911540073,-0.003899490221948909,0.01623893710708124,-0.005439147645268427,0.0008454467858483028,-0.018975216830994235,-0.002589615313020488,-0.003977260347221012,-0.010114273941957741,0.005198162735871925,-0.016782689716199783,0.006798096598114256,-0.004135941406915755,-0.007416954432447831,-0.015389029985964697,-0.00600424354578033,-0.011040913139814812,0.01635829362093766,0.0034316725059371223,-0.0003366685967693961,-0.0184452009620788,-0.019585123736074017,-0.0024554382016370724,-0.01728721874673944,-0.014943353241592128,-0.002859909559769669,0.01842992305830915,0.005612807585730906,-0.03142362842880431,-0.009257038920754468,-0.002166286856210675,-0.004970651715147767,-0.01095167542557185,-0.0067561518557228695,-0.011903825833297077,-0.09414607258352259,-0.0006752408693726508,-0.010032933397310373,-0.005899736040999137,0.015552905879789414,0.0017945340605463045,-0.020435560039644862,-0.01294584481901051,-0.0030935073763704857,-0.018997797060472,0.020885669474374424,0.021899802545139124,0.00981667861640112,-0.01442530073000814,0.0037603880732532957,-0.009384186042500353,-0.012882163616090736,-0.005742631256863362,0.009942567669507962,-0.010091830077792352,-0.002587060912640382,-0.016726589154010707,-0.00294130742150589,-0.0016121264395323465,-0.0007130850121690457,-0.00038651010844859,0.008536840427026071,0.008079057236193066,0.002770190566123709,-0.0081930374838306,-0.008676919846571707,-0.006939128276737705,0.01885645036914685,-0.0039706987607832644,0.0031215091831464647,0.0014860916082755082,-0.014682143390565727,-0.010237356516983986,-0.020783156952799864,-0.004421003637484766,-0.01556802424744852,-0.01740587268821603,-0.0017261596849129646,-0.006270100324045735,-0.01476558497603353,-0.014822930823422453,-0.023304461462370085,-0.017886595400407046,0.0008236032298070128,-0.007332428570303584,0.011991700924736115,0.0026124968406247007,0.0014141898161588173,-0.007826038476498987,-0.015396327626412187,-0.004341366173711059,0.015859561217426155,-0.005054072381376784,-0.009926654509524013,0.004601877537763421,0.009079942988793555,-0.00997736695327145,0.039874288597572694,-0.025042678605411872,-0.016342432192034906,0.012441597684125227,-0.023240984327029146,-0.0019490013900309577,-0.008317029990256408,-0.02380109027266819,-0.003655455967509269,-0.03139492455449666,-0.028453194960930794,0.0021132223292621433,0.002588272957610549,-0.006142207349308038,0.0013959181824780842,-0.024108474764089394,0.010907058060388941,-0.0023463931463370002,-0.028207293769905384,-0.00510598895080161,-0.003488028022795575,0.0008212954046378229,0.003781945697818756,-0.018634007598482327,-0.006124846144392571,-0.009296516064137172,0.01620028927850825,-0.006148148774240525,-0.017374912639984252,-0.003642985025204659,-0.014611895980832124,0.014646306884404048,-0.014062703625633333,-0.0026496175221635276,-0.011353020779596434,-0.0015760580038248762,-0.017934959368978376,0.01649568430465731,0.004646040064093526,-0.007971449091133564,-0.020969320664911528,-0.039170464868522714,-0.002606326008899984,-0.010377286647022643,-0.007816741289993878,-0.004477833481836946,-0.010577726788897124,-0.008331734970536075,0.005827328639266938,-0.018559992659091584,-0.009033035116241095,-0.01267282511222545,-0.023573858265002023,-0.00667568004062602,0.011441673371098027,-0.024258822875463437,-0.007457285592490592,-0.008116637571040641,1.6744641244237357e-05,-0.0027944474297978417
2025-06-26,-0.002731006646086165,0.006754268046146983,0.03097557196607159,-0.027966784645907516,-0.005471106517950908,0.010023193787063178,0.015840087654947155,0.0078390937538515,0.008446755305829612,0.01377619691240195,0.0032536751497271865,-0.01531551351374727,0.0018487005914717969,-0.0009827761595930795,-0.004509906240057759,-0.012881975464766882,0.023525701315560532,0.0513747314106503,-0.0022546435553580935,0.0038984578260485847,-0.004235698806148491,0.01232108244670016,0.01755532561901152,0.008434560996130713,0.008066678510916248,0.016240849481586217,0.012007005918886371,-0.0013096120404751943,0.018726902768621656,0.011260454637150197,0.0008231907999540766,0.0025202914415780597,0.031043160957739957,0.01888135877622954,0.025771097482722105,0.018881256998203533,0.021506191503035232,0.04338390836457151,0.00022747166032033306,0.01101328894164233,-0.0015963234589531083,0.0160441043677384,0.010588907206915188,0.021250027913941594,0.013189466022303087,-0.003605780786952728,0.030883241186331567,0.012681775744331603,0.020849014549657596,0.010106060465413513,0.001814443659773346,0.004914598083388455,0.02480088955137738,0.00818882939079657,0.027074277728143414,0.0030025646187246124,0.043024031441123434,0.00299776217752612,0.016082414873848094,-0.016062040685829615,0.001914340146610627,-0.012861178644086202,3.3110894486654274e-05,0.024064212813684094,0.011269308279379331,0.011053169733731494,-0.09955289294992387,0.028909760901890458,0.009230343605801217,0.0027539144679176175,0.01739380460541895,0.0015742365964834804,0.003889293694224527,0.014799886911212035,0.0035043393392442113,0.02009149254403786,0.01577445114487297,0.015342569960916208,0.023648219985023644,0.007630557392443116,0.00429493097599476,0.01403788191750266,0.02019191939604159,0.0013997511373498028,0.019774713454752568,0.0022287843899215787,0.000678424023868196,0.012339105682064755,0.01820052208926981,0.02495684044738855,0.004039506608141785,-0.0027523979047083813,0.015006818520978626,0.02351555991116694,0.008354129686101608,0.02017898428121745,-0.002682317190560113,0.008686430830635139,0.0042987025315310845,-0.0010992618522713826,0.0022523558133835664,0.00591976121827642,-0.007640221810939707,0.013566088853195879,1.71243140494326e-05,0.0039129505123254305,-0.0006514884182182712,0.006504012980069973,0.00199215564436539,0.022954596165606134,-0.0006932052974777392,0.01959111790752832,-0.0016786363031480178,-0.004111302122145943,0.009390547102507973,-0.009806236647219357,0.013320867458379126,0.00868262232596706,-0.009080484980518833,-0.01252440598097948,0.008759388801313328,0.015450872272595007,0.0006685205011409678,0.022307949109634073,0.027449036455836406,0.012334102882462616,0.0064747808104934634,-2.506663806212117e-05,0.002037497631810048,0.006236641723481817,0.0032275775697812037,-0.010056125905531843,0.001712529507472027,-0.0007149640918697742,-0.0017520919125928458,0.007802437671662332,0.025588620884751556,-0.003652689990980562,0.004294523607665468,0.015728693536426697,0.012070651217269912,0.0021806133749207035,0.014373774184756272,0.015366084147529158,0.037020315607959375,0.0028155259053130877,0.003011190665596075,0.007295785550548217,0.00898310611023323,0.07405920025278956,-0.005594574428864796,0.01433779071870589,-0.00522455438393532,-0.0002059896182879939,0.01619336137518257,-0.0012956932384851072,0.01988476438802156,-0.012526120121091111,0.007118107845429655,-0.004850360692735478,0.0016099758551266774,0.001795724647815078,0.009352614801865222,0.026794812420050107,-0.003554128478045371,0.004657968723484451,0.002207374230613013,0.0069425958404609744,0.00743295223364715,-0.005902497939969109,0.004003171819939588,0.021968681826320058,0.006017233792080745,0.011671282088408397,0.014224964287859798,0.005852774032325314,0.01725224301900763,0.0019493814010846933,-0.00454397234524162,-0.0011122744905809334,0.0166086502136622,-0.001019367818424044,0.01041917614173915,-0.008396232983455043,0.03489298142843911,-0.013368402118268286,0.014577909523241672,-0.008566641798646302
2025-06-27,0.00044920202517317875,-0.025045522250902508,0.006185096677441493,0.0048530387991370105,0.0035435829860146484,-0.0025129413574109805,0.0014541962070984127,6.400584767618511e-05,0.0002944670776336977,0.011020351736987344,-0.0018414262999701947,0.010501039259310119,-0.0022969051755996617,-0.0020290307912231853,-0.0071962173075137414,0.0006488148545109595,0.027680656293723516,-0.023891777638137768,-0.0020059052025844792,-0.0019407793825942932,0.0032662506774814304,0.025923702514239366,-0.00612774644910985,0.017663950979073917,0.02320311759314464,0.05531607172203579,-0.008118874581548141,0.010827689211255098,0.015963928901296498,0.015239591863918989,-0.004985696138543716,0.018217711980431872,0.01901866501972016,-0.001839312804305493,0.005812145983130179,0.0033487479044946866,-0.008892916113493854,-0.011211408897962016,0.010766450017573703,0.0035688820243846564,0.006185695577078043,0.0037681964683224933,0.0011104030336497317,-0.007716745871317876,0.008252198935124078,0.0023467378680095408,0.030798074619403426,0.01146428710601377,-0.013154093887060014,-0.005337876273938669,0.009740220078013895,0.0008612952886881686,0.0036050019184346027,-0.004734105819349743,0.008701318664390278,0.008890542515318955,-0.01770370696088719,-0.010990038065987306,0.006363161409959517,0.0098838931289853,0.005077144386014254,0.01508724093880609,0.02387728485291607,0.0022744141753943126,-0.0023324032559512986,-0.0009085151106540401,0.052626726985661954,0.0015555352003624456,0.009022225639802706,-0.006131686553077387,-0.0038250640628829657,0.011069265216227642,0.02072550502457471,0.026918107009041847,-0.00019149288115460905,0.009438958466511327,0.020551692486556306,0.027073637255700334,0.003462404687098797,0.0027330036650736744,0.014085477210616482,0.029922594015235227,0.010559718956181463,0.041549436986933586,0.008252850740024353,-0.00842393756129578,0.0044245192365925945,0.007325132835077852,0.0033903320706292206,0.00026486457571728295,0.005029405280216004,0.001650362245515069,-0.007064996286946901,0.01739380696112125,-0.016781105806276564,0.003008976094592164,0.011921573686962006,-0.0019713606192608424,-0.024303664484427223,0.0014758818881075442,0.01064383214953235,0.0011266636696110055,0.0076905845280954566,0.014189531905120845,0.020251063139209435,0.004149933185276566,0.012964293974270014,-1.489058865278281e-05,0.005966811738153055,0.00901532135288452,0.005036444808081519,0.007746536195572418,-0.00926603286232286,-0.0022437321674688704,-0.002250426882810963,0.0042123815941783604,0.005392291736333377,-0.004825159994457984,0.007991973850999479,-0.012542834332477604,-0.0018484805203398125,-0.045745551237891924,0.01231178572758207,0.010478809831675484,0.14114090863226192,-0.0007246509587535144,0.011043776192952492,-2.638487577044657e-05,0.01490429560506179,-0.015876936972856193,0.009282904668357794,-0.009202124987258031,0.021906469766722836,-0.0019550345262353552,0.008112757768797607,0.009339160271844449,0.011609317690703058,0.011790274758302743,0.007956447263125277,0.000717820729120966,0.002443880816208832,0.007215980788496168,0.0021940790720931247,0.00018336575646760167,0.042205754008332264,0.00145188649835859,-0.0018583736261463812,0.012064680899000813,0.0038287350616670324,-0.021496967619064833,0.004441811776103144,0.0021917692291690827,0.01107991306559164,0.001094376104366468,0.012924186416301886,0.0053265497667966955,-0.0008645921898713382,0.0047840838806179065,0.005138866975221923,0.007862493954362115,0.0016018822002075161,-0.007116126332978201,0.017754638324716687,0.001275002207735465,0.00932690946615633,-0.0082765814727912,0.016372410462690112,0.003155154479243194,0.0006293212073718024,-0.007105523373978961,0.0032105324920239653,-0.019382553100276034,0.025251624799122574,0.009127700604517841,0.007671885433669701,0.0120007340746211,0.0026247276002835385,0.007150016107583035,-0.0038483510237403706,0.004338578819750527,0.0013478137098354992,-0.010180139776573505,-0.006543312795676215,0.006543690768440413,-0.0035832776835134084,0.01239714160632488,-0.005821587088381541,0.0030702721882569506
2025-06-30,0.020187319637059886,0.017223978114033756,-0.016118328995632147,0.011612202253122206,0.003978004180392958,0.003384138860514696,0.01608491782813637,0.013854622737015987,0.011828366483065622,0.0036237733836834707,0.007727626716719449,0.006260027778322019,-0.0013707759834398203,-0.016303869903400603,0.007400413811772921,0.014222140040104136,-0.01805054996526856,0.026957689767522552,0.011676346872071974,-0.0006690145890235755,0.0071735981679275085,-0.006746303637813256,0.020032278239955126,0.004933050142937212,0.026802905652649756,-0.025767778928587504,0.003306258788121852,-0.0025219561157436843,0.015496756195609862,0.00021732844375943472,0.00017071025520865035,0.007970131625033794,-0.010738414480083058,0.006773790164795734,0.007485411294011257,0.00800817900943862,0.006446050611377707,0.013034249416703503,0.02472887191240325,0.010870690932129001,0.002261681907880231,0.004540626167926831,0.006997342166658704,-0.00454374051713291,0.0001567146995373747,0.004941154814047444,-0.03017349806464864,-0.001059641983185422,0.018362404345133143,0.009599914478817695,-0.009189037957005208,0.009013839400006773,0.005610645415577764,-0.004405068705679582,0.01476456624287703,-0.00685574061702976,-0.013055289922658808,-0.005646506850885302,0.012702313957378308,0.016684576752720837,0.008525077926477387,0.006672011912899123,0.021245427458604915,0.00016564725173484618,-0.009504268205684951,-0.0015541117680046845,0.01400759872258206,-0.0033977332132124616,0.003841710491977679,0.026113488123881368,0.001567645628476555,0.008434521954835184,0.013784344338873211,0.0007774104284736794,0.012239888970971613,-0.010588745153884194,-0.006172675010446049,-0.014241721350526149,0.022390799546172957,0.008368520210783714,-0.00593824516215502,0.002447222343596067,0.017164447397849614,0.003666565411652556,0.024525004929866867,0.01662742474116108,0.008603034166829282,-0.01394726078122499,0.012743013323790464,0.01917517721411599,0.0025290983388339683,0.0012507401244992167,0.008336086423621936,-0.009687455537831902,0.0043744617400083285,0.014287234596757514,0.0055722771920851955,0.011026750295862975,0.005993400622968714,0.00984307619827085,-0.008047553533279128,-0.0011445668806429055,0.020356691855692333,-0.0009398752738647431,0.0018614261321943104,0.008526678551878497,0.026982958409628388,0.001472061543515757,0.01283291190697966,0.004745568602039896,0.00831576187125016,0.0008697140451552343,0.013440247116017545,-0.0036077554793205735,-0.009389287338362529,0.0015514765854511836,-0.00010417945595264655,0.0011746054410481932,0.004151800818930518,-0.014829835577600647,-0.02139340440103954,0.02225908104732799,0.00539100111248203,0.009995775988569378,-0.014252755949698326,0.010619503558807253,0.005767109159891426,-0.0005746226004825772,-0.001032696094759089,0.03545129623005483,0.009617926862411252,0.019672943509714713,0.0077537239281451065,0.002174667657607987,-0.0029948268521220456,0.011133959915791358,-0.004034609787009202,-0.004668778546556673,0.004467881007180985,0.0030252939043888816,-0.010637748328612417,0.010004900621239265,0.004515295980204392,-0.009120283063649204,0.008863221438715208,0.009100142914759246,0.008697575289956738,0.007570315019700402,-0.004331789021033039,-0.01408935049198945,0.012328292540159325,0.0011042290323750592,-0.006968554467000843,0.003187353740122134,0.018838325330812644,0.0094366618899544,0.0013769150179223644,0.017909880283900392,0.004975928726521417,0.0072342839450785235,0.028915945371785767,-0.006716866260172871,0.013589541007189787,0.00850953915201691,0.00011696501980118512,-0.0058463108993125346,0.012671593636225609,0.015498343601244358,0.015198155742365493,-0.0191033862974912,0.0020894303587715157,0.016993052820232002,0.013242416504129828,-0.005403729667248669,-0.0004517588822228191,-0.0010803184923204867,-0.0006603324190606052,0.018026505088327482,0.009697801985858234,0.02179885513815627,0.011692420861465713,0.009116994136995515,0.0069947639704395215,0.0022245777790610433,0.0018343018738589123,0.004692499851970844,-0.014810489585895148,-0.0007755972744005746
2025-07-01,0.012884713072316423,0.02250094289920046,0.023153147852681855,0.0013919173002072682,0.014662592093945825,0.009868122455539918,0.005498109747017921,0.006169009968635564,0.0052735530417411525,0.002948411688724839,-0.0017361344118063116,-0.016223100235169596,0.0031555215351959376,-0.0445925984598885,0.03963115492714042,0.014943105695043535,0.004479995198679809,-0.035795220673161765,0.0007923133323721743,0.018742165188056603,-0.017691187608991576,-0.0010654718990581458,-0.04347178326166645,0.010373257310690498,0.000448440985085341,-0.0008517976361854807,0.016458929302859193,-0.00681553523105638,-0.01140236289793961,0.003626328713622229,0.02748018279723885,-0.02504698528997995,0.020540379538938502,0.01146215300481579,0.005385316986322053,0.0026310186631519628,-0.048679988411306496,0.011492863896812366,0.012804685263163584,0.018222800568171493,-0.0015893225011716083,0.0055430202586954636,0.010048140116707849,0.024999723705354526,-0.016467313883385515,-0.003947994220576234,-0.0031991269104434394,-0.0012504610891870271,-0.03586315244196392,-0.00502133014020778,0.024772622559195323,0.0058963766156825415,0.007142267048008577,0.016260865848163775,-0.03748930118721816,-0.0007793380001102079,-0.008902939987302183,0.018573087786748488,-0.005057953078051014,-0.01832450998917512,0.0066761654171578755,0.01095509840419151,0.019185124803168918,0.015182981037726861,0.01351880443744058,0.00520327170055257,0.0007852527168523693,-0.017352050205579506,0.0049423278261180315,-0.030498687564355365,0.0076909487620655526,-0.03587717884789843,-0.04904831836671608,0.0066988238820675505,-0.0025098875623097427,0.05464044040288174,-0.0039335947122030035,-0.003490510505194777,-0.0036595221882880224,0.015044754906654134,0.017399793118960005,0.009077324150728927,0.024685410949074615,-0.05767586747704723,0.014297541125794844,-0.012974817926292737,-0.009630069306663103,0.018806311920201324,-0.011633296014436745,-0.00886030696251261,0.03134287238257105,0.01956267119041133,0.00035417828967077014,-0.00463005189141974,0.0012655660711686778,-0.03717477579761663,0.012538057213993703,0.01547795507027061,-0.003921798339072247,0.005997656694808562,0.02991101389574613,-0.008043560569094943,0.004201636763315086,0.017643347090147365,0.017781618761008033,-0.007973546642946694,0.0013496313290435324,0.021830694811699303,0.017515731345481456,-0.027213894358192547,-0.00306317986657767,0.009683445252346878,0.012747783985578742,-0.009955749005473358,0.0212604439450379,0.03372148401302333,0.00017821471064749517,-0.01261945657864505,0.012129688421283369,-0.021986480391236185,0.0506670860462215,0.005911532943780884,-0.06090151412587286,-0.03662284768635349,0.03254291068569515,0.00566207761285753,-0.01562660126467552,0.02353391290611384,-0.032687955694946425,-0.0021716503802906573,0.0028942429699005956,-0.035524801787512494,0.024245514180938343,0.03258026821633564,0.012243999743635214,-0.009318227532527423,0.005787675438961415,0.013869651237271796,-0.02717129014176578,0.03162279687611047,-0.01743021697463565,0.013780267299863702,0.000862684918419454,-0.04963402327053856,0.0034427489179433834,0.020151987934542426,-0.008325023403028986,-0.014398874096628766,0.036168840605601105,0.008219084199737381,-0.0023450803104543283,-0.06367823285528296,0.03406425989540551,-0.0374892827108777,0.016635038090890397,0.004362613507928437,0.021357152625518516,0.003417112390613042,0.004946749696491892,0.0026278773335626227,-0.0033266567433125616,0.011660767785274473,-0.005792497826287324,0.02738810117642476,0.012658575572825015,0.039811138959731096,0.013506150511733317,0.0021414102576295946,-0.0027592689624507116,-0.05531944638530106,0.01302379837741885,-0.014779860935679068,0.04845228874606633,0.023941372612007683,0.03629669110528422,0.02504020313041533,0.026595211891197845,0.0009039829193584481,0.0164115045539468,0.008793478512348685,-0.002539926786855773,-0.015297535096821413,0.016181006916855978,-0.00031324958936096436,-0.067731052630986,0.004156312468492018,0.013009446278632097,0.021197163073843228
2025-07-02,0.022038521919656162,0.003223159181728441,7.250668487213119e-05,-0.016349037419207235,-0.0341198648638148,0.01748908490636847,-0.016611858459534723,-0.004868227388733715,-0.011663573949641126,-0.021677856120041028,-0.011573105027039787,0.01987000185312482,0.03283978749890348,0.014617919414702918,0.02147747661372179,-0.007878658092093538,-0.0028378100795434236,0.020198200557187462,-0.014871689994119919,0.017136633457163875,0.007712607710022468,0.008714468767244021,0.01621536245875088,0.008809637152185523,-0.010245154511272503,0.008528895313988372,0.010633918136844667,0.014006454090820242,-0.00631225417547121,0.014195995214961066,0.003988704568320234,-0.011292631552795918,0.004596009845903026,0.003706029370410313,0.017457594476095295,0.0031922121732268494,-0.005809036127040201,-0.04273551160899913,0.004245214451234602,-0.004283961238482625,0.0005878044547333872,0.01061318469893724,0.015466929927229423,0.02652129476200038,-0.015464337601579281,-0.0035774232315937127,0.0011382419189587267,-0.008365471405043401,0.00672924750663384,-0.008385566688159152,0.003529494933554478,-0.03986988976621575,-0.04529105470052386,0.016196386081005265,0.0009142984063235104,0.02271129310955544,0.012492307473946695,0.007649333047671902,-0.004994299621695397,0.0048008658717675345,-0.016013488274283283,-0.0012915316424741974,-0.12030725785962115,0.015650078455285765,0.01424429692717144,0.00868181291808412,0.0006091980047884249,0.005496541933475374,0.0020447753963583892,-0.0010343577536362503,-0.0031556114806150504,-0.020113781188562108,-0.006152614035555892,-0.002999185403899318,-4.097767785893325e-05,0.011332275109054546,0.014757402308357648,0.014523120709879933,0.01142463072470612,-0.031540960177181,-0.0037436551399663287,0.0035551255587957797,0.0017579774993805586,-0.004497193212934292,0.03118714219142049,-0.013021786473357722,-0.0014761204606719147,-0.044462075120573985,-0.009008211513772402,0.006003422818643855,0.004659820306200935,-0.0032891869242375193,0.004091086061912996,0.015321622044762506,0.02225205372878225,0.00588132972388733,-0.011042560356702147,0.0003527978038189161,0.005092573008416146,-0.007332003904067186,-0.00760927163338021,0.018067085192202903,-0.006026118483255516,-0.001968645144319048,-0.009923419539400236,-0.03217974504975274,-0.011147622581314742,0.00820561946130205,-0.005757350157164609,-0.009202083365567049,-0.023089894209022077,0.0004634190578851616,-0.00941800050318431,0.015997641432274,0.024597664886499615,0.007857737004522747,0.01129714857228592,-0.0037379402733863643,-0.008110886144001128,0.00435384920143278,-0.0009866442285231258,0.01686736913612208,-1.6261317779431295e-05,-0.008811104150047377,0.03951737012948797,-0.010650731683913506,-0.0018607687287017782,-0.002649276616677021,0.022886948453788136,0.04542335479497339,-0.01432699279180305,-0.003508177632006948,0.009130676777500568,0.011229835346934447,0.00026476575014378056,-0.024579664530067546,0.010488685992191549,0.016177974999531664,-0.010757224246920494,0.015858850750323228,0.0007418173654487603,0.01426975864801161,0.01813711067964885,0.011817641038438964,0.03151721406403141,0.02515419362863458,-0.02699680224389578,0.0004988588437457864,-0.006933463774416282,0.03740375806329155,0.0002852514069902057,-0.01004452077164597,-0.008002238732512268,0.0043133761994003095,0.0015864331525499153,-0.013280098447558508,0.009270237562559736,-0.0074020132510908,-0.01846366329382665,-0.0126778757042052,-0.021185417618426072,0.016356682110157283,-0.0013972313755097332,0.01823490373533332,0.00042348124466418113,0.015898465655231675,-0.01712232850331663,-0.015477040091350425,-0.037589435663822,0.04800354550276431,0.023615470000168948,-0.0030289661585740646,-0.05462417219101923,0.007087173990743878,0.012113128565926168,0.015362670304032378,0.020842470001134483,-0.0038009653619752726,0.011611967766838482,-0.0026998067990193775,-0.0055741696131654805,-0.007233310232113155,0.009845819306714354,-0.024154982962991234,0.006730039354308381,-0.006970408118800009,0.016173069267203743,-5.7120238299290804e-05
2025-07-03,0.005262725411252056,-0.008505280858281061,0.008312142840377845,0.002013109693611348,0.003477240819309557,0.0010804890594160454,0.013416893603451108,0.019568488373033155,0.005013928887323438,0.010010663045396662,0.007680501569169884,0.002680899820680871,0.004852249729508706,-0.007346869472194761,0.004594524640532782,-0.005404230067452609,0.015359486630093677,0.011652870574978103,0.009405549952676395,0.005649450961263014,0.0056725790419553945,0.012394476506866425,0.016285914026035186,0.009536623349498896,0.021252509258649965,0.016088317250097184,0.003577202092160725,0.0019313540747720737,0.0013901856263771606,0.009612078849125183,-0.0004503853002568725,0.00637969264530458,0.009610356086458438,0.020381790233490626,-0.0030028308863316866,0.0481356488106357,0.015365818768152018,-0.001966139681601753,0.00444549954993434,0.004905149964554489,0.0023219455466918504,-0.005749576407222179,0.008289724190411185,-0.007843600789189331,0.015950604124737033,0.004813067100212898,0.006423419523315044,0.012475673737531778,0.0342129335384076,0.016325775674553178,-0.000942338049282121,0.016467095427342926,0.010867208203588774,0.0024082640581761794,-0.0024413471951971744,0.0007440461455745506,0.012211622191619753,0.0041625955331658915,0.007403876015053434,0.002053607988054651,0.0014637018421197467,0.005223531803547843,-0.005050957176870874,0.013160820580566224,0.002590453388020997,0.0022809166162831573,-0.009404185350970984,0.004358944388178632,0.02119418029433362,0.03431268730237225,0.006378526163129727,0.005847156542878373,0.01911015604835775,0.0011217886398835475,0.0035416193604187463,0.002895254319231544,0.003160994221243385,0.003694733971872921,0.008987459565925171,-0.005469595623376122,-0.0006842884922235726,0.011468267241184549,0.004461301936045103,0.025664921633230087,-0.0061229033792367105,0.014150692316781566,0.0066939250947317674,0.026413936313149478,0.007531249175555921,0.008296990560790363,0.007696420200429266,0.00191096927913037,0.017042532706295077,0.02954440909429934,0.0015705774840402142,-0.003264343269187009,0.005804029809514333,-0.003865594715530385,0.0025277540081871663,-9.4682527292278e-05,0.005872535824568814,-0.0027863421478127037,0.013116187215947761,0.009014929084561807,-0.0021317181509381555,0.01837071070076224,0.015422631454756974,-0.00868568296114347,0.0007978104073851355,0.006279305023037196,0.011681653012549198,-0.007288574094016731,-0.0008834862759661277,0.006516448473647962,0.007478949721632766,-0.017086371097288833,0.0076082594487489885,0.013872944363763295,0.005929384683888372,0.0018549196293466963,0.01126975450697465,-0.006492264105048662,0.026136683029703178,0.007511217055421682,-0.00027424426248945366,0.009154287777229264,0.03425402116011789,0.0007068103777561063,0.010650355946561163,0.02773730961534504,0.02105135155583948,0.023908766428940353,-0.007940755979353398,0.002476635857833198,-0.0019090385296509638,0.015570945566421024,0.009675516374118232,-0.002604817561565831,0.015152662991345878,0.0038094725351456304,0.0322186613758646,0.00447557705651036,-0.0006938522151997972,0.006134117989401666,0.02257615023501902,0.0007578519204560763,0.013983180813216478,0.006687789517917153,0.003650083063982734,-0.003101679551033243,-4.593166391053671e-05,-0.002507965204594953,0.004099136600050457,0.01690449597100052,0.046873777609345524,0.003199334600227033,0.005170684601135456,0.007098903886230801,0.0035517195090344345,0.008643588488639331,0.0005134265408655025,-0.0017364755987685498,0.0068370873127028275,0.010893100452671778,0.003605294199518383,0.004748206067078264,0.013886129712759931,0.01146763948356444,0.025304465573090518,-0.001434956225114803,0.0014778160739989943,0.014858561101915413,0.007246134860806386,-0.0033572317488435033,-0.011526992532971292,0.003844795812488755,0.008783030759142108,0.012735712682639289,0.00655006270150249,-0.0015553645399322136,0.01744139528649402,0.012230650379332353,0.014169773242297623,0.01624550886367615,-0.008887595488984879,0.007117240641427713,0.010042243666623207,0.0012625242658748093
2025-07-07,-0.01695040703257522,-0.009524492400255546,0.003949782439398142,-0.005964155848640296,-0.005034084605206601,-0.016956727384733306,-0.0026865916183149707,-0.004864087916718773,0.002200594545355372,-0.016374739297994267,-0.0061683087626907,-0.027506724500808488,-0.0020205985117147662,-0.025742548058152792,-0.017973617756390503,-0.008377929802543704,-0.00011682508521371204,-0.012292875852064178,-0.004006105819109429,-0.009351121528431428,-0.013014873158045503,-0.01993258712565371,-0.006728592098591335,-0.01728828673230609,0.00439276574640779,0.01038099075080634,-0.0064626300564150085,0.00707849712335662,0.01594559865400136,-0.006873861838944784,-0.007740723375599945,-0.004964697217744174,-0.014452572269944675,-0.014662219494668172,-0.017660229443223763,-0.021732075483325453,0.018607872294911232,-0.019292047724387196,0.006251969826351456,-0.014950607306993824,0.020058071573362923,-0.01297594171212424,-0.013926094150932933,-0.011899152041485728,0.019666877606053568,0.005294775183302569,-0.011817604483062016,-0.007058460816382173,-0.018376149146938303,-0.00734045246209547,-0.017149258904294307,-0.008875448745136794,-0.01270327420749151,-0.006782924915468946,0.030958984976879655,-0.021236896115067516,-0.005381632685600657,-0.017013202425928853,-0.007653097041074197,-0.00607643367306121,-0.0008401952177186089,-0.009204920309121789,-0.000910119308321633,-0.010813883467503338,-0.028771114632519357,-0.006310503271198087,-0.011735216841162632,-0.011862125437715143,-0.009464453641786719,0.010441805119666192,-0.0019650400390434086,0.005785313695289673,0.020971999117054274,-0.0007596870243053999,-0.015031436525415387,-0.021521336196480334,-0.017923252723180738,-0.016654744392575083,-0.019610639491224546,0.004752864471113227,-0.011156043527827286,-0.010155441175163205,-0.0046693967441635564,-0.007447411096653589,-0.005447550921395816,0.000955176627841503,-0.0009253597660379143,-0.023112182719293273,0.0023987128649460843,-0.016924417066229935,-0.015231908075953093,-0.005732287157187876,-0.0150774406849159,-0.022585871153881776,-0.015220337649130222,-0.002921333586399122,-0.005158324917599266,-0.013202931467827028,-0.00929581327096951,0.014011132994766307,-0.01479462283201638,-0.009387571241448178,-0.007802486901774763,-0.005826551651666456,-0.0021350060686868844,0.02096901478891855,-0.005763551817997481,-0.0029246416831796296,-0.008626640926904017,-0.002233804836198061,-0.008318642397385112,-0.007794747896072707,-0.0051706976899055235,0.00844525140530994,0.0006759470552468727,0.00042247960510000127,-0.004090466828665207,-0.004032839576569636,0.003456476643505013,-0.02128237529408228,0.011268146257908285,0.0005063062948673647,0.00448658093857901,-0.007876824754702305,0.0015567383045800298,0.0059378006266115335,-0.009062652603518018,-0.010807916713480026,-0.009480408865710999,-0.02523195487842944,0.013362869446141623,-0.0024000180212393474,-0.006741949043422402,-0.005421631410563954,-0.001665132162750993,-0.031203317231605077,-0.018694681134860502,-0.015692443093407782,0.011295991905608815,-0.0022043870488728246,-0.004100715552810996,-0.004554402001798685,-0.02574326581308739,0.03404586798593989,-0.01977223154349339,-0.015591752114585411,0.005114344455901865,-0.0006213997096997659,-0.007614049892677777,-0.013766078353974365,0.010591146311949906,0.00806978362423294,-0.022139055656898776,0.017217827695972687,-0.023480053342785467,0.0008954676250265692,-0.010489626093519,0.0006503331525840039,-0.010215218128577064,-0.007206120256719295,0.0005102495683111385,0.002208741994320196,0.00019031118582990558,-0.008748435365666829,-0.006271535279250173,-0.02398647022821443,-0.01308634034068401,-0.0002413991494210066,-0.020390900041084237,-0.07079160249227279,-0.012670603174690598,0.02989542969335357,-0.011777994823334303,-0.003583495835243866,-0.03008277633288614,-0.012976251649371662,-0.003573948488486245,-0.0064836473616871615,0.00044205878633896134,-0.01800886559849335,-0.0016039424634577415,0.008166078539109556,-0.01596023632740806,-0.0010187378930970326,-0.003129345830693353,0.009477712355919543,-0.010022481494829094,-0.012837224792385804
2025-07-08,0.0003370098573016733,0.010571846255214012,0.00014729345947284145,-0.002990735787559373,0.015249430921754126,0.012638784714437357,-0.004971544876871015,-0.0018610861965475678,-0.00279770017123937,0.0034118400136993188,-0.007101668224596125,-0.0244544172085428,0.021221108792309984,0.019222873820144315,0.013653233821916189,0.0025401263923257034,-0.01894830634382405,0.01674683195247617,0.004102363786677721,0.011814572534183831,-0.015458440910789406,0.024918497080787638,-0.01180636840111493,-0.018671873686295193,-0.014156592368754772,-0.0025951371853185634,-0.03245256649212225,-0.007777311722107605,-0.019041156855079677,-0.0020298712309738676,0.01322712485400901,-0.014027130019109713,0.021162712482161616,-0.02540395405215179,0.005504366886948553,0.007649659305633882,-0.018756289080323896,-0.0051772382939079264,-0.012490966418412519,0.016127341491742442,-0.025659663861723914,0.007897306226284151,-0.004154337721460344,0.03464567259996265,-0.016165428655966707,-0.006329905324975904,-0.0025307274138492986,0.015782885470724928,0.0030142263264991698,-0.005922367933608008,0.00959028047730559,-0.010940699749765415,0.002373370965647048,0.03863164795504126,-0.024597073377777612,-0.0032316873100244337,-0.004831628055947057,0.00595762464579952,-0.011795658582554935,-0.005404894593918463,-0.009060108292395341,-0.01139457870864291,0.009263737090373425,0.001346405169166509,0.03603747104941846,0.0130667393823245,-0.011701219636902849,0.003268816272646635,-0.013438334736623148,0.009426192960685142,0.005173005452502544,-0.009273388484415612,-0.004841202650895937,-0.007490201796886531,0.004149823992265489,0.006031540289008763,-0.014832781270793127,-0.015115444349475204,-0.021222074126791668,-0.005248072916205437,-0.0006078244887719464,0.007048460277445656,0.0015862433934961118,-0.007356161052506138,-0.022272518032133704,-0.007789900877718914,-0.012407244296012365,0.0686965662461625,-0.00412050854770829,-0.012791172948307228,0.012377003038771761,0.0023657446715175112,-0.0333509104117482,0.017291618787341534,0.005005529893378657,-0.007186216041130233,-0.011284686419743117,0.00023859549074334296,0.006924275244399425,-0.013011794887197503,-0.006030479293118063,0.014489851234235296,-0.005292085053196338,0.005598917269248993,-0.0066198223030928816,-0.016448008042508455,-0.007113935479607036,-0.009653973977221675,0.00987887396384668,0.0019090816173177316,0.0006952079444175752,0.011859192127372964,-0.021769205907441247,-0.013417318904899389,0.017936708336417695,0.006586068738530848,-0.019636304128575865,-0.003997634187476784,-0.021496698294397376,0.03418534694170283,-0.031553460462867555,-0.047136234733507365,-0.003947551539117633,-0.013190146685829518,-0.03497360684938933,-0.007475737561974505,-0.011444708941342974,0.0034435199222588864,0.008507862349352635,0.005918313536745323,-0.01237949055597376,0.01226268701091815,0.004530053186988958,0.015053149190531023,-0.016006563629506587,-0.007200985532480608,-0.0006085129188138083,0.004954824300676286,-0.02098221407818368,0.008302453723462833,-0.02385163911243815,-0.014397813182763564,0.00854997306922467,-0.03193768962480714,0.0013000173002373216,0.01920777314679345,-0.013586559144417087,-0.008732842432890742,0.014680601334518428,-0.015485093373611925,-0.008621828912440677,-0.01616631664463153,-0.0009566475084294979,-0.012203959750720195,0.02659690557704053,-0.00511603582139486,-0.009922470095876434,-0.007599654693817293,-0.0013913854236271561,-0.0078719517305883,-0.005483970567136343,0.009603231333926043,0.0032136111388609834,0.004931242076548159,-5.539138352617101e-05,0.018768392298363246,-0.007052390105754647,-0.004574947577869359,-0.010828481257876277,0.012595894675323294,0.014460738213741386,0.006080390520209811,0.017084475111984077,0.005403770983289036,0.01698013253343511,0.007456023349032392,-0.0029540543338937297,-0.006155919925035391,0.015913814921900915,0.005419272725367907,-0.0023990223389818155,-0.017490081169250438,-0.009924111880351916,-0.009300997095845531,-0.013998146428761515,-0.023547562391957655,0.027082862430960475,0.005398277974587806
2025-07-09,0.005417526392353267,0.00369996169851472,-0.000802241750299082,-0.0014948153041505208,-0.02219172986571305,-0.011040850106110334,0.004812257108004481,-0.025151798609893916,0.006695126266371254,-0.013047475184587931,0.004971414786047568,0.00677067253807806,0.0014428534647290547,0.0013383381596776545,-0.0016945560459751263,0.004561308484283266,0.014007269342410034,0.025570662289117863,0.0069219128369386596,0.006802606651194587,0.004355721169520876,0.011873577948070313,0.01910697383495563,0.00047215740345318835,-0.0012366942723591734,0.0342169378076127,-0.007525664537626486,0.0021225244785076924,-0.009202789619683571,0.011544347204854866,0.014560118989081161,0.005099588633895813,0.014230587745799994,0.0006099367094227759,0.018241788387177493,-0.0027562982129456515,0.011945989053343986,-0.00710734623394238,-0.005754820373756964,-0.010162101745159635,-0.0008270415701101541,0.010663628229898414,0.0011718310139769983,-0.013004640820684088,0.005843310783191669,-0.0037306096565767888,0.003786739690120111,-0.008412232052871893,0.009931834368652304,0.008887649861550884,-0.002443215965584944,0.005707037854765673,-0.005709825737278074,-0.0016603301664410708,0.016430722505261564,0.00030126572824951126,0.01606626015005652,0.00210617008819014,-0.010838216929573541,0.0017233241769991636,0.006697115136875986,-0.0033105796588532854,-0.007056881908355628,0.006648151076853459,-0.016363617907242833,0.005715569195590575,-0.0026001176645982227,-0.008573437505179804,0.006482712560391235,0.0021381303804171026,0.009504443040663446,0.01037136887364376,0.006515056633798366,0.018410686485925254,-0.005548778994639125,0.006171558035552138,0.012947773616084568,0.011603382474113744,-0.002868415011179515,0.0006220277774815486,0.009359656671090733,-0.0022880574922163888,-0.0048060033690378035,0.00789872908577749,0.01932626187330655,-0.0017203231991755885,0.005682865209366561,-0.007462792678507579,-0.016730236582508162,0.0027366399950956577,0.006882244231197099,0.0021627023293371295,-2.6113759650669977e-05,0.008976111941997544,0.0020983458663748067,-0.011901992245898718,-0.011260675133202724,0.002276925949439068,0.01258291939020939,7.817109281926804e-05,0.008312677263757173,-0.002784313814753858,0.005549660875904472,-0.002742874965192321,0.004354565807373589,0.003227655342882052,0.005968946655966256,-0.020304217088330745,0.004282787462779325,0.015348800441365107,0.005328457388301011,0.013888506361146469,-0.034865252984531026,-0.032088116991890736,-0.0052683526710248785,0.029144901529753575,0.0016599438917923592,0.011993419677008177,0.0011067579223835722,-0.020329352436519343,0.015850520907737753,0.015770199547555208,-0.00021944607623325396,0.008086971426122247,-0.005156252953539386,0.0046888972201575285,-0.008856540713161998,-0.0056508545724511805,0.015286919104284813,0.001890894843674218,0.00900273881500624,0.009680334882138375,-0.00400386721673307,-0.002234882232953428,-0.0019571697872491356,-0.0045788168183875655,-0.0001278824463550876,-0.004238007924430853,-0.00012818584306550918,-0.01001338489811232,0.009743147992232082,-0.001855963905553537,-0.0006432378637075686,0.011025001429048942,0.007357415632910147,0.010231150639906872,0.0045746630490466345,0.006938678737130388,0.00415295739269439,-0.031290441482565434,0.002438220676273417,0.02121031585231581,0.015766041093783656,-0.009194651404894394,-0.0019751121003883654,0.0068986918000968345,-0.003428070053338672,0.0040100064241235245,0.001834981452282669,0.0063516893504198535,-0.007989965886352035,0.001750258322501086,-0.003024985783882883,-0.005669470859395176,0.0007414153049465355,-0.013784719771904541,-0.015674169379342295,-0.002138436755980244,-0.004920895692005267,-0.006985831061744108,-0.0016232643991038742,-0.01081484900548535,-0.011657065045228343,0.00014897855649742553,-0.0003261030315719893,0.013566089483568078,-0.008021579568895376,0.008734678435751597,0.027579174642274218,-0.011142878095027786,-0.0005747662731598879,0.0018783676970457464,0.0016746010755879226,0.0036799360186439145,0.0023725393783182724,-0.003425072920175687,-0.0036814156932036823,0.0036081678911266124
2025-07-10,0.006048220253485503,0.021948706722842992,0.0013156944666823378,0.002403747195852901,-0.003976032227907211,0.008801021978826817,-0.008529303288264067,-0.0719422104947407,0.011555522545828367,0.003542816687936323,-0.0050777565135540215,0.0017136039165714934,0.012814640663584065,0.037770053761167155,0.012823399703955296,-0.004249177841002982,-0.0016443301392907728,-0.001904100668464359,0.006126654827928846,-0.00011720380888835535,-0.002805652733057329,0.011209119440634296,-0.012124746010266918,0.02386352780338452,-0.004931050261649972,-0.004345116280616956,0.001842339533611792,0.004780245447387976,0.007620641035536835,0.012808464565281064,0.019349678893749278,0.008446723981779591,0.032781006540837154,0.012967039215252107,0.013604752099586115,-0.0023856485629805135,-0.012677563099013689,-0.0031998332132268104,-0.010196518568450053,-0.005181230837521422,-0.002497478171068046,0.015188675958535569,0.011090960536025207,0.009083287266255624,-0.010784937325499122,-0.01213111907226061,0.00704063263094401,-0.024374213445502058,-0.05420686862220059,-0.008367186989460151,0.0056361487053120385,-0.0009133400466669883,-0.017242982594178002,0.007263404414723951,-0.03469623609277317,0.01866940654071314,0.008276042050828103,0.023100528475565874,0.0069898421988927595,-0.004596578908307336,0.007828807751030453,-0.006049527786413655,0.0004089038945611634,0.005168732512555785,-0.0009179371885021936,0.00474815559269981,-0.006741483204167231,-0.010946600879089718,-0.003961361994341495,-0.07060130750021898,0.009745243385165026,0.006090534466760111,0.002365124231875626,0.01038648901733552,-0.008424287766786165,0.009889383688821418,0.004612624703637103,0.004370937961854615,0.016035499610933535,-0.0019172110681919818,0.005845482057924123,0.017288648453649635,-0.008494141070380934,-0.019021905949954565,0.01650786461058651,-0.01014018356219637,-0.0026842911553792703,0.014997683339134316,-0.02863502400419815,-0.0027824441047679116,0.008817145584248287,0.008004074213312506,0.016238863240223722,0.026878347985555884,0.003675037174587281,-0.0004611561694569666,0.003783226222546787,-0.0025030970142427833,0.005474723495667355,0.0026659411512177655,0.010174112396547308,0.009862196216690045,-0.003355999958147393,0.011088800931744913,0.01789759234934518,-0.01867573499095876,0.006521661239771603,0.004020141464769367,0.004036802938034434,-0.008904437123302245,0.0031665963203266756,0.00797782141242287,-0.008255278100397057,0.012194634838953,0.014947467179722729,0.004489509256941915,0.009509086268801425,-0.005824932877160904,-0.0005212738596256372,0.004439175126657702,0.012913401497108623,0.013555277363787255,-0.06539891062560432,-0.031724367516161145,0.014032903125120733,0.010193871105443897,-0.04580065842003478,0.010650936963158664,0.004909225009060769,-0.004998084080805043,-0.0033652457513175804,-0.0707234914423358,0.011978956164683474,0.008680198470599532,0.006527846815074234,-0.00380068731230665,0.008362767761547651,0.018885136991614537,0.015180480568873556,0.008610654316896671,-0.007588678159337725,0.012372321051284274,-0.0016489024624828374,-0.021007609384300352,0.020287956276017205,0.014361823389735129,-0.0021749510805850747,-0.00028330022944178523,-0.000157336081017867,0.02221725005870656,0.006191104804670111,-0.024952490455143916,0.0007057412112834172,-0.03630014232843681,0.026326425552033683,0.013295083577333777,0.002944658619287388,0.001653013544128612,0.005039125248402776,0.006740191333579837,-0.00853812067007187,0.004336827071204308,0.007908921857712414,0.00713144483193906,-0.011110308270792402,0.026597200186452064,-0.018111561225285122,0.007279214919546639,0.0018818535716880191,0.04571473249447422,0.01448370493738782,-0.004646824107771508,-0.00725540738994912,0.0025144508452363823,0.009432742731876331,0.017284131761664767,0.005252551134216965,-0.005547086077578811,0.0020675312540632262,0.0016970421480899667,-0.04564221298693649,0.0017369451851463324,0.006171097949879467,-0.0006688971695743007,-0.001607870456262539,-0.02088516379506533,0.009620510303239627,0.003977210045659874
2025-07-11,-0.005850976472135727,-0.013932227392398744,-0.011896615948215228,-0.01234128501606424,-0.02073358024432803,-0.0029166843461609915,-0.010515521199040201,-0.02078646504086379,-0.007402990576901303,-0.007047198240964114,-0.006292977969188485,-0.02794259431243784,-0.0011114217263825665,0.012621928314961117,-0.01720200006448902,-0.008586582165453827,0.011956120466030562,0.01922569985236322,-0.009002983584021962,-0.006910147402959588,0.0007435094710759316,-0.006346465603742857,-0.006798540713553791,-0.01859442623131713,-0.00740806215527634,0.0012198984689906212,-0.006052039220258099,-0.0011135252203420265,-0.0014907668105479388,-0.0033318765585041987,-0.03334570316230767,-0.006631586731949746,-0.01319767024573526,-0.005985153170581903,-0.0074907702371858065,-0.008016028559224786,0.023329110592458235,-0.01797220065919003,-0.011201422521002868,-0.011764707642301975,-0.0012632946626540686,-0.0044741574275271034,-0.005574940663072958,0.0027497933357194526,-0.008400389251501217,0.0002455101656293479,-0.014422853546790293,-0.02099060736554037,-0.01936548888013956,-0.012827540732972764,0.0159139525442904,-0.005729121780031932,-0.014401912592462374,0.007143578019483066,0.006792566956188573,-0.01368776342370115,-0.01026069486451231,-0.002504865596911543,-0.014856033221476217,-0.012359090263232453,-0.0066961151624678195,-0.00010429224212504806,-0.013266078345500532,-0.005095329960705719,0.011099667554002046,-0.004947819945526177,-0.0019916500936218995,0.0016020515856469686,-0.021562513025003227,-0.010326683389242142,-0.005488745595366495,0.008402884184467219,-0.004683873282471218,-0.04474995455213637,-0.015219518523032605,0.0034221745630316214,0.013275784202225083,0.013090498200265976,-0.007733142857984099,-0.007565155676046764,-0.008917160353255404,-0.0013244732249892976,-0.0038461865082464186,0.003457049470632967,-0.007437982107787455,-0.014205737574551236,-0.008047215500181615,-0.017592165854137143,-0.001398633011218564,-0.02579065252971091,-0.009540708413093846,-0.00600009744281671,-0.005994900622258825,-0.01434025932808769,-0.006560480672188618,0.0016960741609870489,0.0010506114197186278,-0.0037860652080796697,0.0037261334007476776,0.0068385952235141545,-0.016870773610183853,0.004023961606357318,-0.02449584043872477,-0.0022938546521666936,0.004817899354301325,-0.008023373197068473,-0.012738691935475721,-1.0827015253234151e-05,0.0053521759182197925,-0.014785063097474627,-0.013280875324111818,-0.01002859282720614,-0.007280483067791721,-0.014455416279560929,-0.014848964590034264,-0.007093078501580585,-0.00698850286878816,0.0018773064385575466,-0.004192320753189094,0.008815653991826267,-0.003659584308748798,0.002012948732214248,-0.006657684556957477,-0.006423306897418435,-0.027304788324188145,6.4930789793749e-06,-0.03049742438300651,0.011750805076360393,0.0024314203551289992,-0.022754265065462853,-0.00946342247576304,-0.02508396554265424,-0.005892669832270769,-0.004945614016387712,-0.008738429854757257,-0.017480231455677675,-0.00022171039621543542,0.007062258346882011,-0.007575170790378394,-0.005284273227769809,0.007399376439479077,-0.058227520926718235,-0.010314523808444775,0.0008443728866041056,-0.011180731816615719,0.015607374873245483,0.004226940375258614,0.0014181886158093349,-0.0013163413637302668,-0.007307803084048103,-0.013144629679596065,-0.010502336543464885,-0.017030461745708436,-0.01884720505477233,-0.013238627231220157,-0.007196778390700764,-0.010696887681088896,-0.0056484270159948835,-0.004999641869682492,-0.013715936267220563,-0.02506633047530782,-0.00041402275393576105,0.0016472283127466625,-0.0019087220814859585,-0.004405190422123617,0.010627420106026797,-0.0017530604906026426,-0.012567328991602622,-0.006654984132818953,0.011194326498957352,0.006697626268524992,-0.012692786368597275,0.019241273848762397,-0.007688843430059045,-0.01423880434273439,-0.00879901930904925,-0.009519791702351732,-0.022870606469608923,-0.02162451032987711,-0.010440021241339803,-0.025528053545296636,0.014505297378674342,0.0015305368130347219,0.0013683509811412975,0.007189150962973123,-0.005398023032229027,0.004080867598556637,-0.023844388414598683
2025-07-14,-0.012050485307592673,-0.005613170490106789,0.023731853537015013,-0.00036886358111409834,0.011228246533200092,-0.006077622680312977,0.002247293230865033,0.04867547568520525,-0.003822125518240682,0.010690445018351369,0.01254766108188754,-0.0012189416033940859,-0.0048084432698214385,-0.004163490579420781,0.005865965574518128,0.010973087138718363,0.002587738306346843,-0.003842007575060258,0.011916530462436903,-0.00365665091463363,0.010751938737293187,0.009758218979362354,0.0013484846719364896,0.0038340700971835062,0.016565575697303103,0.01395743996913179,0.006320301519267879,0.014439486566447002,0.007279683658380165,0.007727829034119615,0.011657170088317681,0.010633580639051843,0.007798272909806059,0.006881092392100108,-0.0019408700223024766,-0.011359107383066558,0.012133771122234016,-0.0006591814019065723,-0.007841102147470913,0.018855805763219546,0.006308596147151846,0.003214196901425659,0.003503894098376925,-0.014939364580929038,0.004968958213855679,0.010924956148048004,0.015268945470990225,0.007833104460239326,-0.006183105533532185,-0.002892504873536872,-0.0041699977067986005,0.006209968503566365,-0.008022861231204104,-0.024071612197761993,0.007573976224029444,-0.009935236480298926,-0.010969655353553875,-0.03456260447867887,-2.2007109140353975e-05,0.013997351307772021,0.003323677959691018,0.004004842765928274,9.077076449415244e-05,-0.002463928454899289,-0.003186911456916519,-0.0005704072340662059,0.0055130033044124005,0.0021726429732038532,0.012279335149396609,0.03982776529973897,0.0071390268785238575,0.023914256653969623,0.024714778274748106,0.021071686425193192,0.026521935920150508,-0.0022076163695410322,0.007014905189052456,0.006299206740440155,0.009939873598251658,0.009979342869861796,-0.00011896959003188101,0.004108898556181018,0.008695546891907213,0.022532253997455065,0.014928731495079006,-5.0885084368346156e-05,0.006415093322641674,-0.006647818000667716,0.005065219343548755,0.009681107741850603,-0.008307076639847644,-0.0014875949085437767,0.005024908151154861,-0.011812343191542674,-0.0051681796977183225,0.016992999743240755,-0.00612316666944146,-0.000591786763664004,0.008696344982936033,0.01284924119862918,-0.007894893842211204,-0.023543154633644647,0.004610311200574202,0.004333438930804512,0.006284096906439274,0.007320201020879047,0.0073339791478028715,0.006366450374313715,-0.0025627141529671604,0.003425953957723493,0.00925392083962251,0.012619029961185468,0.012659573521046852,0.004130012918902359,-0.025392802306306805,0.004505093183585274,0.010496347090942493,-0.0023812985867017744,-0.005948075973765121,-0.05135862198592811,0.008126453292731206,0.0075850123616829634,0.004550045396102043,0.01140247484963286,-0.005520027983327402,0.011158102226104916,0.024451078305639307,-0.015100853714034912,-0.007720351584744378,-0.009246984799657909,0.015036829400416174,0.017198345123749625,0.002440813348775883,-0.011655030024149138,-0.02078254963264836,0.010029655180080255,-0.005027601947256599,0.0017238380941506648,0.00306803981995607,0.0013010263812045508,0.006093132803948187,0.03565307613507507,-0.020353493577089488,0.05104965407062423,0.00754792081693445,0.0064592084528634075,0.011769609246268686,0.01448873574680487,-0.015246573035945232,-0.01710324485850112,0.006328324330407753,0.0162641818287792,-0.004261032950672927,0.010620950703939869,-0.01854608042246042,-0.0005266725167736297,0.003953551196203442,0.005344674918760006,-0.0005839191238337094,0.004948383634147291,0.005768984392714671,-0.006038257549342951,0.019775433446059587,0.0048997381985218524,-0.0019875083914850933,-0.021050549031627952,0.0016687073537768882,0.07225836772815875,0.0031438781303494423,0.01027083558438413,-0.005953298077892022,-0.018010180670994025,-0.007610297969244506,-0.007282673885394608,-0.009497725088421838,-0.009029629689953467,-0.0021378536012952587,0.007081110168393856,0.008336392032285644,-0.0015987455867754186,0.006877156460014966,0.017235864202919338,0.009830013084862088,0.014226093684944985,0.013589114367857924,0.013975843184162784,-0.013428043524458921,0.005076820721984454
2025-07-15,0.002397335648273824,-0.019320114386498943,-0.014537854422366436,-6.424831729123781e-05,-0.006426095047848079,-0.013644466865958549,-0.01731868509545542,-0.019752193277417618,-0.0067009306799796775,-0.020250112961773148,-0.023313374027758016,-0.018559637667173945,0.010443378540026416,0.059170291550308285,-0.015411222672936375,-0.013525253635197743,0.002534771167693073,-0.011268691674366949,-0.020577746724947943,-0.014015048528531082,-0.011536845809391849,-0.018472342263582853,0.016102620613818175,-0.03321958391322788,-0.021442851234599658,-0.004306787332076567,-0.020668072814326255,-0.0026992159223873102,-0.017065812236099376,-0.06169463089055416,-0.017943725158062307,-0.008437146187512568,-0.022594993249363426,0.03418125076769041,-0.004359850395302622,0.00011975770110517203,-0.02645762585557243,-0.002014415146494919,-0.007568194873451617,-0.02570315184859373,-0.008326414660742465,0.004133384030581944,-0.026482173711891654,-0.017116078633144127,-0.009424289123199259,-0.013498607373433558,0.014647853716918124,-0.006505722546940262,-0.007536028110480153,-0.010459110194977583,-0.01546850708519365,-0.017562034297704088,-0.008065508498340535,-0.006574132862720461,-0.02775419946064872,-0.008712931855087369,-0.0016221799623643562,-0.024327288342357534,-0.009142174159963545,0.0006705842369676418,-0.007732561021727591,-0.013497947218202633,-0.009562031100418977,-0.0025372307594846433,-0.02345924543399569,-0.011620639973044522,0.0005825647263248968,0.006157180215083269,-0.012192111846932363,0.019971540845093116,-0.014799864433597598,0.006024592217097613,0.0038870310354708337,-0.028432056500563796,-0.013869276179078405,-0.012777066797097003,0.00036108088344555256,0.0011455750766140582,-0.01707767890617795,-0.024598849470822692,-0.03170804335228361,-0.01629982770000815,-0.011953493708389828,-0.0010126444850904193,-0.0014887769874407653,-0.0046040763834325205,-0.012043850000611478,-0.017527312935661232,-0.010473148318648207,-0.0070216266290357154,-0.00512949685807218,-0.01155510860349196,-0.008844172093292357,-0.016310449863762067,0.013609432835853141,-0.013610306442541464,-0.0019665254331648896,-0.018218291455648128,-0.03438000110276729,-0.007341670773527653,-0.033939298547948304,0.01186651694118357,-0.005360116702951778,-0.028568838171371347,-0.007777639419012772,-0.007732085208959738,-0.01672480343456506,-0.013852675486690558,-0.0061474857579293385,-0.016029486430215734,-0.011932330212766296,-0.008970799136045038,-0.013827214163621981,0.004439807398842532,-0.0016506598537713302,-0.025238975538077746,-0.017980999672053244,0.0037658880793882687,-0.012031211478612747,0.009914445559881635,-0.004980167575633132,-0.06257059207713045,0.018268590055098954,-0.0033639283949362664,-0.003879301405556035,-0.009679536733984584,-0.004819469624753658,-0.014217528779052913,0.037061330791855696,0.020791479631872,-0.022146310401117475,0.007574176284990131,-0.01291578905008084,-0.029516003115128253,-0.006659873083135537,-0.02080025208977787,-0.005931982734932895,-0.006621701593061857,-0.0006500658608628029,-0.01888263836093884,-0.0034513354639074123,-0.011853074310876899,4.895426127671243e-05,0.0003756612713363694,-0.004962719289660633,-0.03901671360734671,-0.009932828516373782,-0.005814528377792172,-0.00922002813825884,-0.025536444759131527,-0.013405539742369577,0.043322467712922474,-0.01606533974946789,-0.005434832559541469,0.03403349536919187,-0.003010893835998729,-0.01575263285906381,-0.015324931604770775,-0.005964837522648203,-0.002398668056707187,-0.00641913773814462,-0.006511693808375796,-0.00017307678867961585,-0.0292471124464857,-0.015613420618516116,-0.016346626838699585,-0.00942194855129852,-0.01853375129191015,-0.019906050599311165,-0.019985108218302017,-0.008224513507129494,-0.020215616829527328,-0.02592130159496353,-0.00898413519964425,-0.003987325728145308,-0.015185509359014304,-0.029983403354909566,-0.010256668251769518,-0.01650568522024365,-0.008363084294559009,0.0013852156210854005,-0.009986309224523815,-0.05710758857347642,-0.015430298358301897,-0.011810310499319243,-0.0046172030222288996,-0.009165528293168634,-0.017453137226596027
2025-07-16,0.005060033254704166,0.02146181029181804,0.001464628960768266,0.0014549986803764625,-0.005379363099953238,-0.0002891883625135705,0.006888809178093425,0.001171720850076774,0.009606750503988515,0.008035189443143409,0.0062535459557118145,0.03309768254435408,-0.02334261730548537,0.025387376625193525,0.021934400935038845,0.019532776333517354,-0.014444405893589973,0.006626135737552552,0.006483383319706881,0.00848870410108482,0.007277376033707483,0.047481254336529055,-0.0035508706929663347,0.0033213241926075554,-0.005144325271320582,-0.0025267783447935344,-0.0035328621857142473,0.0017079052944533046,-0.004314600538053881,0.03275987938540492,0.017278263117199266,-0.0030629828865516018,0.037020861413875394,-0.00970379220130635,0.018587989729168086,-0.012549953957594617,-0.03288187244024421,0.011147278429763041,-0.005232748178494617,-0.008809813264914368,0.008294486950596536,0.009650636515116773,0.004664513739140119,-0.01106437155283757,0.009456354484271401,-0.016917896144049926,0.0006896047183175824,0.003049558019277754,-0.00742475396697273,0.0018468102640509798,-0.007237629263395995,0.0031072027715666195,-0.0037102639479353883,-0.005346648696648693,-0.012033065329062786,0.007902042943566556,-0.01879217506342723,0.002990639008196183,0.0061792799620041805,0.010253465149188123,0.005205450622439045,0.010112334564579939,0.02635680024251208,0.0033220444865760257,-0.007235097863441453,5.6927829947373e-05,0.008344617236032192,-0.008108072687956547,0.011192776552208628,-0.013185933721945098,-0.0044210907661890175,0.0028709680973246776,-0.0015293569351948477,0.006189389088904207,0.006021764357669213,0.007794172295299884,0.0024284136590111416,0.004040553109923906,0.007106676005306234,-0.026710983571692992,-0.003690515454449539,-0.003887900776034847,0.006400296032851749,-0.005023322565553379,-0.005015285971259331,-0.0035187931729137034,0.004785919301383501,-0.011169453129793006,0.004975448349301637,0.001963956837056635,0.0014882200468999685,0.05911236049272528,-0.003919865385224597,0.04142109776004155,-0.005451689139125193,-0.0011758260674419319,-0.0016802004853069263,-0.0024620383063966855,0.023864823099581045,0.002837732006669924,0.0072216823842641276,-0.009533856680380204,0.008793669791928416,-0.00472889508343588,-0.0026690482811249083,0.005825864740499398,0.009521571786786254,0.01042110276707664,0.00580952680739788,-0.011900664840845288,0.005756247141817106,0.0055991330790741145,-0.0064501702192805155,0.0049137849787195265,-0.020272761229910508,0.011894334697481135,-0.014105895477025676,-0.002180512578932259,0.018188940282438892,-0.03377049733875115,0.0004976391433473282,0.015174101956840325,0.011335305633562776,-0.009966254943546637,0.0012525380314380996,0.0041440317644587665,0.010694121074903862,0.0019937773199218967,0.0013643602984245717,0.022945788698677028,-0.0006544603566611684,0.001350907712033056,0.01159478552641513,0.00010981656568631593,0.007242559919071745,0.01775700239856004,0.0011517606443565143,0.014245345811203514,0.011315423766049548,0.008697826195586345,0.0043903715535913435,0.0009501834296781198,-0.0015076584165187867,0.051096140882768815,-0.008851080030947145,0.0013970426745100184,-0.0025380183935004297,0.008184524605958643,0.001217488175860204,-0.010096761812430799,-0.0054054129463319,0.016184231703667784,0.0022674150059103226,-0.0060125448485921495,0.0027241030985774017,0.008193459592440888,0.009341456799562664,0.003549122424980844,0.014277913445207346,0.0005428133488543097,-0.003845220637771707,1.7148705282910015e-05,-0.0012458523510208153,-0.0005944361858412073,-0.0039828688168954685,-0.0029426533162739688,0.011920309970685494,0.003444877614575681,0.0055061337705506475,0.03395683141236905,-0.008422905354164456,-0.018120415159478043,0.006702892113234604,0.0005332543420220048,0.0029272786789604766,-0.0017403316702706562,-0.0006583374749289383,0.007986681536758411,0.01235828689530205,-0.0008796408235332009,0.008688670253502728,0.004000515123508741,0.012453075541850822,-0.0001372575638960427,0.0014856942021213015,-0.0030561432727171933,-0.006300921582813146,-0.008038832504928983
2025-07-17,-0.0006152101063872095,0.0035243161353770702,0.018988208364668857,-0.08954213703811309,0.014113746544968997,0.0004159717304288435,0.006046437288390827,0.008658233613745736,0.0033825303774195348,-0.0002784541433609178,0.013025812046238094,0.0020194306172980347,-0.012431025132722873,-0.0008740853903415058,-0.0026553313509571908,-0.0019794730363553725,0.0027014356368688652,0.03141692429147902,0.0005134046504773337,0.016116765218225915,0.01010197182420125,0.022263350923027225,0.01679779758514055,0.010306047151471098,-0.010319635629313595,0.0026814306590594583,0.020350484980548256,0.023375334253194602,0.0033069951728919023,0.020009695543762973,0.020158143913469928,0.013792924770571702,0.03827175984991449,0.03157706902453139,0.010920693447009633,0.01815533295667837,-0.00200041917979199,-0.024930592870073376,-0.00446143044823355,0.00913260488190959,0.00018090176371376998,0.006586368190402148,0.0050884853719948,0.014342518512247437,-0.012929630712474882,0.002746755748762375,-0.00444199098694531,0.009068123746973633,-0.0027460972579866905,0.012732403088561384,0.035959232819131604,0.035703402178902444,-0.009386127221233664,0.009467705416094319,-0.00018438217711569393,-0.01758680738325058,0.0007240755114903408,0.008390423461865915,0.018894382197525594,0.021118002090050325,-0.003475224364904328,0.004065641400251785,-0.1284694999036864,0.02769987108861649,0.0055171803324434165,-0.008231313180945055,0.013784474950661263,0.006173478406047206,0.013225732953713099,0.015322151771507642,-0.0012918217551414202,-0.025232656002670772,0.011597740355951736,-0.010632565565315666,0.020445333894338447,-0.0005193035576231964,0.003823880494290499,0.00205324238854665,-0.0060483310067134255,-0.0015448536487197018,0.004351230907796655,-0.005329564563884226,0.005978272655846162,0.021318555873484968,-0.002328583084882929,-0.00047233406454605387,0.0054694320536867735,0.0037522998858170453,0.004776347572341244,0.0080066585067744,0.0031550966446607376,-0.01196148217863957,0.012804779910198683,0.03105123111954189,0.0016379916055742072,-0.01526420828704067,0.01849482854099005,0.002990243379230151,-0.035743766474613636,-0.004856071051332123,0.008953529502206514,0.0015918780981403202,-0.0003765164701672319,-0.007325548171425389,0.004642848931555754,-0.008729610316496661,0.003965070374600366,0.033493480004629816,-0.003236034553475875,-0.0034517158430995565,-0.003795950478555632,0.008772900537890038,0.00595628949798499,-0.016626739260587442,0.008794915080961196,-0.010307991095188207,0.006597384691902519,0.010168048880691671,0.011207375682104725,-0.030256907032448765,0.005029595249160579,-0.011725852348704713,0.003817843117195352,0.01687170414848005,0.011857237854489,0.006502386814123184,-0.007873499712016674,0.0346063752114949,0.006913615224925174,0.026727511608521937,0.0026261157870717255,0.018562605258163778,0.07205107314181625,-0.0011100003946897807,0.01260812707184833,0.003602178262959832,0.017118664505137104,-0.034460795004332745,-0.0242154916620132,0.009991294192634115,0.020050840985689433,0.012936107901903249,-0.00953727372433466,0.020702065194205588,0.024191813947147978,0.005222728573706981,-0.00532832965108998,0.007030389345008992,0.008216796460040143,-0.002484297990560158,0.018383904525757444,0.03236418966124166,-1.0633300195905804e-06,-0.003710080837309171,0.029744539031658412,-0.0004209001981703153,0.007531290296637572,0.0014797958764729557,0.013409021842072377,-0.005226532570154596,0.00023191566255453822,0.009236231561124075,0.012399079033680316,0.014177333522476854,0.005960385345738395,0.021696685711249053,-0.007545967470933057,-0.009861983263503404,0.03669737405789952,-0.007534784807663009,-0.0007457462427096218,-0.004918936121189432,-0.011194452640852504,-0.01573004591478888,0.0006172398806727486,0.020592931077236365,-0.010781687176632193,-0.00053555544567363,-0.012565705722700216,-0.00793654432352442,0.01885512273458012,-0.0008377297993238386,-0.003279728558441164,-0.0009343930666148026,-0.007088365719589262,-0.001167856679069601,-0.005351954484233978,-0.00938019234913412
2025-07-18,0.005559344229030039,-0.012012768791377582,0.0005073093518648264,0.025439454481692714,-0.0005424508061144806,0.002566083418351184,-0.0011886914761474188,0.015939822341600518,0.013001976993675335,0.003953230788257045,-0.00222218032221555,-0.01668256716818739,-0.011469155633233363,-0.024484360550594886,-0.011847774980902948,0.00718082805179332,0.009614518273273198,-0.0037858783993112155,0.004480666046105419,0.006234191785292609,0.009620615236067387,-0.025668495039623984,-0.014004374849291956,-0.024440141332643606,0.016258989415836922,-0.009303982521837284,0.005430785997444065,0.007597626593292439,0.0020859485841917547,-0.002767248824662616,-0.013206235253469867,-0.00995467958329943,-0.022660493280223015,0.0019019948458831593,-0.012054907171457074,-0.01823543382519688,0.040778470784107235,-0.008619984505229716,0.001724258348797747,-0.00417216032258283,-0.012157351662551719,0.00547493887223105,2.163729868165376e-05,-0.012449991155390805,-0.006420973785686179,-0.003027221745122155,0.008658463976619846,0.011187843162677957,0.011535614143344475,-0.004644511835032894,-0.0038381608551438795,-0.00045378094804782165,-0.022914701524427983,-0.009115110437059037,0.015104524034255107,0.0008377262255132578,0.055932978200440964,-0.023923004433459738,-0.007341155914989628,0.00637936205020484,0.007470134728274402,-0.0017081430748895343,-0.08572005515343584,-0.0021439538483480902,-0.005957377115493934,0.003571897888214437,0.0037438460361531867,-0.003542917971128823,-0.0062895535824551985,0.005869988801659787,-0.005297471349523519,0.008604288977976715,0.003426662982722206,-0.006373282813347814,-0.006021695652121295,-0.0008952098265093689,0.005467057776684214,0.006754537424381368,0.0015874301469933627,-0.005690147843504079,0.0007752377213146033,0.001013462379957808,-0.007998783710409185,0.0057887926993478445,0.07287286189681197,0.01287421808497502,-0.007544153852762747,0.011988251260016902,-0.0050325677538562985,0.005918474020466746,-0.010210088592097044,0.0034302687680085597,0.003345478358520282,-0.011296870418660454,-0.008580851014150959,0.013985847566333032,-0.010920221873103486,0.0075042150758388715,0.014064483092123048,-0.011260682696997648,0.0025037245660728402,-0.003874454434629193,-0.0058620627941490255,0.003612796528614126,-0.011310386056730515,-0.0017478319633097428,-0.005471408795827415,-0.00031428678244260766,0.00044575379179256913,0.002768092073154982,0.006506865995607569,-0.03779205109828432,-0.0030420813598794894,-0.0008734569066657372,-0.0013639397081233184,-0.018528668236692525,-0.00180842427864647,-0.005014912560108442,-0.001516889912341668,0.007274810298945056,0.009750888354900233,-0.00038186389837768786,0.02765728970465897,-0.054334666165927636,-0.007287071360103425,-0.01059952638201711,0.004667642886215795,0.02387148956106966,-0.005969284442747913,-0.017034973620550176,0.006952756347478051,-0.0029666732275810404,-0.015090653187199266,-0.004375457814563166,0.003857194442264067,-0.003162967667106109,-0.002015894143704955,0.003359573807742322,-0.004048954756526335,0.002125428235891569,0.011242723023583423,0.00500138341994294,0.014232371858330595,0.013472294254472494,0.0017549952149602532,-0.012241521228790297,0.0009458946923590617,-0.001787142947025977,0.007417437340422772,-0.0016569884387234168,0.02701091404411038,0.005917152321939234,0.0003812950220272171,0.02277708376347043,-0.00820086126023778,0.00747388280736061,0.0005569375344984806,-0.002292449674356156,0.024917119638491414,0.0011110114169250451,-0.0031054466782873824,-0.0028409343388631214,0.0006542142627363745,-0.017398429732379928,-0.0007742016786647099,-0.023281440187286506,0.0007503494053917592,-0.0004443193025585046,0.015025646386251701,0.031071788372099896,-0.00037629264419347663,-0.0011663731318902748,-0.014961701384788917,-0.011223523876677355,-0.0008949053922346906,-0.012898760808157661,0.010121780393274271,-0.0024533062932485805,-0.006597614602822155,-0.003327120365263614,0.010028098824101939,0.00762278445255582,0.010825863065148766,0.006926159154778233,0.021061421227119403,-0.0009575762129063747,-0.035719463088721426,-0.005604690073362839
2025-07-21,0.006188219138811846,-0.02434598968783419,-0.008935858619662618,0.005601618449373014,0.006413800416699367,-0.006759932133417301,-0.003049341711129472,-0.006907252505500949,0.009778838378261767,-0.007078013406722761,-0.015537892394951847,-0.0038187798723940958,0.010723965944920089,-0.0028697828293759997,0.00368173560086138,0.007121517827848756,0.01353578382356968,-0.003520193206288269,-0.014393922624583944,-0.005040034592488141,-0.0002493014174884678,-0.021389317239825623,0.013953785539905006,-0.01699809473157554,0.0029738137555082034,-0.002179037305248599,0.002446277515696149,-0.004185040363237746,-0.005769672458768582,-0.010770575902521173,-0.012781952171251554,0.001093346457157196,-0.012666527071122147,-0.01055528574693465,-0.006751938115820089,0.0007626927632617964,-0.012685676326779749,-0.0030485879968988883,-0.0019642290891361824,0.01396509865338924,0.00022806193450275458,-0.017542262627012306,-0.01231787499866055,-0.006771920246503527,-0.001961234957558844,-0.0034907054033510576,-0.005378007315486322,0.0012326376733176048,0.010311251452377768,0.0032749236375924085,-0.0015174018293766522,-0.0033414575842440897,-0.006696293425101807,-0.002625904408235513,0.0032707989454818787,-0.007712050720175334,-0.019306725536901936,-0.00976113555836644,-0.0056441511884726125,-0.005399026737674895,0.011166803850986895,-0.003125609755555203,-0.00045884362910086907,-0.010229321220170284,-0.009768081735468392,-0.006022137837980779,0.015461774044747578,-0.012796894563180672,0.0016867677571426043,0.01543137058284394,-0.008068014731041906,-0.004376498036369192,-0.019116979036524206,-0.00047386346116429223,-0.004548548155098864,-0.001271120222099853,0.026410315599998846,0.025595190878277663,-0.005031299918843324,0.007853363374857203,0.012600783651376624,-0.007445246249117687,-0.005888173429605459,-0.017026136535287506,-0.03452179449180903,-0.004821980907123269,-0.00031811845598994637,0.005818642605643021,0.01318953751344143,-0.0036683525774661163,-0.0022663393140129884,0.0030460211638478896,-0.0023994711020431936,-0.011974249998258024,0.004905529540485176,-0.028108325337922402,0.0027628955967129443,0.011060362130844048,-0.011680409593265217,-0.007450106029691206,0.007807189126412872,0.008088044416824758,0.003055945175664654,-0.0037377401452856063,-0.004750215639973021,0.0009126050273939867,9.680257131794434e-05,-0.006059772197077429,0.0005562868465780468,0.0109479424018879,-0.010102724443132871,-0.003255624631461451,0.00574389328217606,0.01382967520802314,0.0022450338809809622,-0.007369064269097336,-0.003871249082694206,-0.00176538051259012,0.0009313621369528846,-0.012845169724479355,0.0024535839437156426,0.02447022768689955,-0.0016647571687338214,0.017645339401645366,0.02088838954595751,-0.008664216106615719,-0.003382682263782577,0.0013992512766813903,-0.008545044864378681,-0.011491932866865007,0.018209328248960155,0.0203095954832353,-0.010657949459550231,-0.008509072062319323,-6.260810421476748e-05,-0.004887061982436158,-0.016921714946707134,0.010139814140596393,0.008153536117541549,-0.0030716585821624065,-0.013858589450356007,0.009538644446086764,0.026565595763870853,-0.005419919222081404,-0.013219420913078928,0.006984913370045476,-0.0023416977467256572,-0.0013911315684040915,-0.011334806597121272,0.01562519588057487,0.0031086853059489883,-0.08478072331525954,0.003491541089677419,-0.007743654753550544,0.01043336366699954,0.006563504737398418,0.005269160334041345,-0.004744725997227306,0.003631152435503715,-0.005529594878152189,0.01494940296640701,-0.00749665525225085,-0.00919992093048183,0.010420000221797121,0.021645973246698702,-0.022852346934926437,0.023489292656401872,-0.028938642922570423,-0.011056229477615531,-0.004009223924207994,-0.01002340726999762,0.004112139611601506,0.0022266125703689355,0.004708922821641259,-0.001307413308876626,-0.039987878678074296,0.0015283991276344722,0.0051218155089909345,-0.0019758516817738325,0.038969594132871155,0.003458720730463938,0.006607980149763826,-0.005248056869916695,-0.009151667100021577,-0.028938725764509954,0.005964595849975218,0.00233460556071563,-0.007677731534839971
2025-07-22,0.009046913242208632,0.011382934057386329,0.01002202342729408,0.010029318879498206,0.015277092866881503,-0.02200519808526913,0.006792974942332997,0.013771340898670381,0.014035343740016692,0.015422852200613235,0.013671528470090344,0.010954152904208314,-0.029416816809407997,-0.017562209888489555,0.03257431536600386,0.02495421141458376,-0.00839817886413119,-0.018530512555585688,0.009704408544771503,0.015261429660639259,-0.022608312252549112,0.00706312565354672,-0.037036198154704714,0.003159890277475874,0.010467425843748046,-0.005761654169481822,0.005160084985774027,0.0012841259348599365,0.01593642048064936,0.005573532739032494,0.029553628570473833,-0.006248611579989571,0.015447177136427293,0.01250802652524996,0.015642606973573336,0.008704711227988327,-0.001894026181841646,0.017685394883270256,0.02383971926439621,0.00784856198935957,-0.0021733731945028367,0.03508412490751578,0.005846238966799255,0.021761373930766936,-0.00025385567693092526,-0.006218509122901672,-0.021821531571490915,0.006596272757541044,-0.023153302577082258,-0.0036148354386940085,0.024360209485731588,-0.00798167170735109,0.00020230316067504361,0.0021784791646615176,-0.005355573700041916,0.01834057077390039,-0.034265068324463854,0.010447782610738976,0.0009630416476129611,0.012013409886237447,0.006812915193830094,0.008318374388816885,0.020737212979816455,0.008921405012752182,0.012681430060022869,0.005497786199005539,0.015190137401321913,0.005662763660605474,0.006515341072750758,-0.01900301617132172,0.0002581215816057636,-0.017611266167421924,-0.03466774216779367,0.016275987538973524,-0.0002860160304174464,-0.08575667762615691,0.003785548282443152,0.005226706669660075,-0.009784682591023497,-0.03956306979505886,0.018738283052459614,0.010267320858872608,0.005473018617448311,-0.02715870476354798,0.002031997937171681,-0.010461680758160341,-0.0008714041000139616,-0.001944115079005826,0.002639411304913075,-0.008805908305594023,0.02106521102852721,0.020510472585609563,0.00021057719119266238,0.004510423460880375,-0.05198176067725235,-0.005279052159169684,-0.0062502018223318245,0.0028463804706735374,0.019282391454079395,-0.11444742066832969,0.026299232047671595,-0.04320508671690515,0.00684426208716804,0.005226650930246102,0.011268280976976186,-0.003521432453886142,-0.0025047663723380964,0.018520006396832045,0.02105869891225165,-0.012826445110014184,0.002028327045456635,-0.011233704596556926,0.001170805480180448,0.0072237009673825625,0.0005198913664665739,0.029380748149653968,-0.004377516631682177,-0.011220537719866641,0.0007165063370653257,-0.03870971237538523,0.0173872651967093,0.026450669304621144,-0.04087957378192897,-0.03768042182762521,0.018065170782779028,0.08853895999012096,0.002805956771024576,0.009129595300976234,-0.02826294877904445,-0.026228315171858085,0.011462479092226197,-0.016301044157212452,0.030319846717456578,0.03574109361544009,0.02138858698060364,0.009417511017246305,0.01274843397932024,0.012331739010422282,-0.08962947531586174,0.0032435195801552297,-0.011662426452083707,0.016461186201378375,-0.00619966882827061,-0.04056863841473746,0.0031599856797273063,0.029290031907669878,0.008985182215722531,-0.017682100937342682,0.046048395434381995,0.010224907404177586,-0.010552860816835263,-0.005873651138142755,-0.0037290741432753904,-0.017901909383631676,0.038280335333506166,0.010378057898417836,0.01075054425550892,-0.008714396907717692,0.015083789696717531,0.019840455073861563,0.0002086404823398169,-0.0071066866362978764,-0.008624481665328254,0.010304750230588411,0.0044943627403348785,0.05558077184671628,0.0026624527219647476,-0.004529433159624396,0.012619445015215724,0.010475705690009107,0.0011149872286555507,0.004726810973231466,0.014574208162914104,0.015258700031878014,0.02431942961025957,0.014480169434217594,0.007826945870753388,0.0023396867123217646,0.025969846460244028,0.010363386474606884,0.023516222530695963,0.0034459660668808567,0.025048444063740405,0.0076877152816337,-0.005960452649611092,0.001342695232820823,0.004264471179456386,0.026225126411335786
2025-07-23,-0.001115494305633291,0.017448890951849982,0.0030850301956988346,0.0003504849414346367,0.00016005350805858853,-0.03309356679741349,0.00402137230934585,0.004571503544329225,-0.012375520470787826,0.001767089090139784,-0.004965329046331846,-0.0026813750277110415,-0.0013012589570609023,0.022149995827963842,0.011404472255892806,-0.009929011557090028,0.0032130116004749354,0.02726518705165759,0.008917585308394038,-0.00044670405771007893,-0.014391935695218905,0.015221540137924094,0.015052947220916657,0.01405764881917726,-0.0019313839885786166,0.021267649091005758,0.006786295633666395,0.00560015529938962,-0.008056326014989068,0.016847738596798223,0.021260447627306167,0.04336876949834867,0.014555476552987834,0.018991351007923818,0.023051834033688934,0.019626031377204534,0.016815589396831143,0.014229835599524066,0.0013555900425732403,0.015085376475558743,0.005813888832069125,0.012243856796084529,0.008077180373251558,0.022149873758186445,0.0003246987602860685,-0.0003655922969914016,-0.010025151831116297,0.015291314066868011,-0.02224824113760082,0.005748617306945647,-0.008052119363814558,0.006351343652644559,0.011009248026381258,0.020096323632372126,0.0006814266639425526,0.018049369997940268,0.02119713213695551,0.04187283115771212,0.014554293331349832,-0.0010566040867630022,-0.01082625088009781,-0.008347152164198235,0.05332432218689753,0.016409236067585375,0.008418952084947584,0.005468406081442279,-0.00453768484386341,0.006783323075128855,-0.14564506118729348,0.00349820068965645,0.061370439968112755,0.013192133109081183,0.13178583527063026,0.02927860262203108,0.029909637489559326,0.08208579350492151,-0.004352193457727083,-0.007093046506926548,0.022299660920797493,0.00493182373684764,0.014063500523506356,-0.026568956871832583,0.011014217919016467,0.013588840512900546,0.015050608808818922,-0.0005785195302259183,0.0002895392896267168,0.009615986508493712,0.01055388684693881,-0.016705264133220155,0.011619024064143169,0.005965437788939099,0.016754894802860854,0.022180212490781948,0.0032431775415284747,-0.006051566846488665,-0.007585322348093726,-0.004837737878647275,0.029249699731176193,0.02081114470089851,0.01297482587515475,-0.008641759764134171,0.005403513615679145,0.0019508569709421053,-0.003779073030631963,0.0052929775819716696,0.016975483655909507,-0.008689198890052374,0.003472817258290739,0.01105091338029851,-0.0017320050622302574,-0.0030927798778250803,-0.008253009144005397,0.0039733690686274414,0.01138874341440932,0.029420105390737916,0.01406517869632573,-0.0005983473130957151,0.001995765509020586,0.0029167800139502376,-0.06324221619024772,-0.008373177183190528,-0.011114395149394163,-0.013270426330203478,0.01760446656700765,0.006906342999910997,-0.0059449360920122984,-0.0011643243970596018,0.01964965613368541,0.012111788837851023,-0.00046870078618788114,0.012161497450362546,-0.002453868602775522,0.008822757032504569,0.00013608998071834577,0.0009676941367882108,0.00865359053200443,0.007467214034332592,-0.005227185594390171,0.004392680779742086,0.023187995225173452,0.00945981930010209,0.01187586880865421,-0.018567533413684778,0.009464809230862237,0.021676322244935875,0.003526904589765678,0.04611849593321882,-0.009684670654599437,0.015870674086513326,-0.004096765178799089,0.021090426430173004,0.008285246987019157,-0.0005505750097425377,-0.002114136535747768,-0.008282576835547673,0.000784512277895999,0.014620847043550711,-0.005727053506115354,0.014347560536077886,0.010712018607166751,-0.0013241846068572372,0.016215701691886686,0.01303315930840565,0.005258511418888112,0.08855779429790278,0.00286890667746853,0.0037940124009052667,-0.008415155341583436,0.0008699691565166034,-0.14369076290328664,-0.022520874399867274,0.029586143010119414,0.008008512841863435,0.025278806556576328,0.013201280828226913,0.0023729184695047145,0.00942275665593062,0.015301470375072235,-0.0034344932930143734,0.008671284501528653,0.002001272511933827,0.015122516991635138,0.00429953183188303,0.005686121677864975,-0.002312168357733846,0.012464831241777219,0.015471528801802137
2025-07-24,-0.0017715999024821016,0.0006993347337749256,0.012940216323021225,-0.001955693206053155,-0.000809199191680321,-0.008604751395353105,0.006489098931854009,-0.00019310551204210213,-4.5322598851704754e-05,-0.004366826456308814,-0.005348241507522111,0.0034335361050770175,0.005311626273691417,0.018702847949048973,-0.002246270202029166,0.004048847473058004,0.016726177713589863,0.006809318175623247,-0.0015610840728159658,-0.0018930723821126705,0.03273581234792555,-0.0007562809929222425,0.014452648105348409,-0.0020236874220485035,0.017208951465919498,-0.013314181213871734,0.004250563278481945,0.0016529272505980686,-0.01640648752253604,-0.002933309897477976,0.0006489854491738001,-0.014744860127865245,0.03457760337577298,-0.008228036940882255,0.0029322967385247978,-0.007201621536526481,-0.007901883503097729,-0.03477041078846277,-0.0034951965878198266,-0.01135511044859605,0.0016650808299552011,0.00813835976889088,-0.03901100334482521,0.0063206274201528245,-0.0115200188718525,-0.007802238128119754,-0.01538148770133363,0.003408749530558808,-0.0003228311716458876,-0.005798188882156552,0.00021279822689912464,0.007022298931858018,-0.052939195139988016,0.01732010974246645,0.010527977842321512,-0.0015141307273793814,0.007061659455043667,0.025270009342195365,-0.008941244393139591,0.003843469731932281,0.0013364626898448861,0.004199972972198651,-0.05420673337605475,-0.0014437713885619985,0.0018246457079698075,0.009221150333500017,-0.007514147914514879,0.016383387131812643,-0.017253347228535,-0.0016483806732159323,-0.010147266737996041,0.015368279520035166,-0.01238980229107245,-0.004203379829566423,-0.003944585738319795,-0.016064005518751312,0.007561827582107661,0.008871516645644562,0.0004755588833589286,-0.03554353677707933,-0.00892681868786216,0.001982977834505739,-0.06409809522039378,-0.0008200906167612487,0.019567921605456284,-0.08005722371188106,0.013337430236234127,-0.03838224665000478,0.005292931282688151,-0.025772153569256773,-0.005636235844240112,0.0017388229393446863,-0.0020770541827879185,0.01267322299170992,0.00567180448681448,0.02239629225259243,-0.001249935759282117,0.0026585999436097296,0.008898740501507518,0.00273229270458053,-0.013577502130898367,0.004394799304745511,0.0019669099412320534,-0.002294856780436838,-0.012548021240884388,-0.006422334691579934,0.009782878404724471,-0.0003149323627926748,0.0029159986473441535,0.000392683740639832,-0.0021319734248814726,-0.010705835041246559,0.015069673445998077,-0.004243631405525861,-0.037314752635625226,0.0023398975916215647,0.0007255126773708653,0.008070051909179199,0.006142639808713213,0.014498786850258405,-0.012180274091070586,-0.002360489766360274,0.009025096076566541,0.001344587362715366,-0.017755207366472625,-0.0014482754143045895,0.04096681888177667,-0.009332047422060619,0.014630722753588898,0.000157331868913424,0.027108091170447324,0.00927483984100963,-0.007775008459989685,-0.000284601301439924,0.0037317637095863887,-0.0002850771316058598,0.000914042581932506,-0.0024722903999139234,-0.02363244554864874,-0.008749602211914898,0.0029329114063481043,0.01583152210794836,-0.006542027961105923,-0.009728221614391686,-0.012708717374795064,-0.012180253276206976,0.007107948159907451,-0.009935930904846124,-0.02252322101555304,-0.014410606582276664,0.012510818374005694,-0.0072668606523027535,-0.008111268935591553,0.009496737177199677,-0.008703694815745955,-0.0021098153565759503,-0.004958962243253318,0.009399401245665295,0.013063807529350768,-0.010881090003419303,0.004856191355057771,0.0009116284596006885,0.0003020497630545904,-0.00781700968630794,-0.0015658411279222406,0.018754621978855468,0.056346468272594485,0.009434853807861465,-0.011180732705123653,-0.08600955105823971,-0.003526101507792312,0.008126821763151604,-0.04476118856407929,-0.046069099024038884,-0.007783012636168429,0.0837273648311907,-0.0054204631970153905,-0.004000473029933893,-0.00896181273389729,0.004949406676630463,-0.015344165607094062,-0.002769390293222429,0.0012552977667370513,0.010630413381363724,0.01746367002491489,0.009032493319207191,0.007532581762793811,-0.0034798644520179778
2025-07-25,0.0006125667232641518,-0.003655361351404096,-0.0019710897023710316,0.006693272374859838,-0.0012989508560536933,0.005305881796521028,0.007678333675702476,0.006622304014630487,0.006717059216858168,0.00885869685723506,0.01971545427282173,-0.0013210900540352455,-0.013607627987958004,0.023544904562268876,-0.006482213318025565,-0.006487945996482836,-0.0037929128920062283,0.00010408718673460271,0.04495681916323235,0.007131999323306104,0.0015231643203579281,-0.0027413409129248834,0.0019906530407043377,0.010146768996143862,-0.006637702060656281,0.005618168414320834,0.0003099545818181504,0.013019722243993392,-0.0043870511849579685,0.003234138443422907,-0.009009603342863937,-0.0009158519794310038,-0.0006178465278177114,0.005145567465239864,0.008228844593562101,0.021379041343229765,0.015892873643548633,0.008300520495176933,-0.005554890858698869,-0.04851026880323772,0.007650599372591493,0.01065873491144842,0.005904782383561624,-0.006795286988255711,-0.0015882105751590103,0.0018780188918263718,0.0014456806483780227,0.006867099494015427,0.011240262010859148,0.004862760916448217,0.020837126517833315,0.002502392887314464,0.031134260186468588,-0.006597095157746757,0.022844494199579124,0.004747551498914149,0.020332986188806856,0.013790948448622053,-0.0047996479472018905,-0.012289139099277868,0.0008323913514756143,0.006349178133262079,0.0323021996872912,0.017922956847578497,-0.005163782045154441,-0.007521295835432706,0.015845545877029465,0.000455950521494497,0.01720217523154588,0.0015929234291993666,-0.002292061630717157,0.010451364269896679,0.02819923738015717,0.025128539533390004,-0.008991728154773782,0.01896670544856871,0.0033204692641524147,0.003967002856062329,0.011699310115657724,-0.02279058448998228,0.005785635729288252,0.02175711169884753,-0.0013618034066800178,0.011492285753438303,0.010296832500982234,-0.003793026496662577,0.0038576285686984235,-0.09022656571558496,0.004650506155205569,0.015892792616596374,-0.0007621021300456832,-0.008436369907158792,0.00558701057971156,0.012770890747199282,-0.004514477672514339,-0.0011962120064867854,0.0006308717986351908,0.002437191305210362,0.009719193912988366,0.0014434512359819962,0.005336242217433451,-0.01100541572594338,0.007802831798914056,0.02258508804220405,0.013195162068425859,0.0012206460754837778,-0.000696141616518986,0.005225906905197419,0.006245834115298443,-0.004285552864271125,0.010583434744378728,0.012532291110569638,0.0064266061463049695,0.0022879265032216267,-7.694246806622118e-05,0.007901363550451457,0.0022609308774699244,0.003739142421422592,0.007295766841846074,-0.006868237822527767,-0.002107719215715065,0.06283508942510796,0.03134043085626814,-0.0022604056703192654,0.010932931617137598,0.0008008798093559477,-0.027633606873658678,0.014432690844296658,-0.0039353832467234895,0.0057063811419979515,-0.006309307219356519,0.010018494257518107,-0.007210586640630012,-0.005120526970705086,-0.002827678395337152,0.011256314863643091,0.011455142090864179,0.0052580125391399335,-0.0025838896680783208,-0.0010850714683066087,0.03263110803180069,0.0028670007634783445,-0.002789956183707254,0.0004887410089322586,0.007001644090182779,-0.0012792891808581786,-0.0002231804174241958,0.008850540910679605,0.008547836763516337,-0.01398358605287342,0.004208680902015871,-0.003856489419834297,-0.00044203091775241177,0.018656657828123535,-0.014383786745736593,0.0029349214602909512,0.012707465334703905,0.007268483703384732,0.0040144642691899435,0.016997571629819852,0.0016100775854699378,0.0009107426562806609,0.0044904414105984,0.003361852705216606,0.0006503834096847072,0.007986776394195871,-0.016130479037568257,-0.010760176023969947,-0.004333208438013436,0.03415307828713399,-0.004291656924757525,0.0024510049910055898,0.012895401706471965,0.019316133642922395,0.011918749902353198,0.01459571104492241,0.005189524806167967,0.008357378894631395,-0.004664065448145571,-0.0006372590703342951,0.019632719038801483,-0.00035449139174215105,0.00457730659492217,-0.004310372197158685,-0.016353581881396906,0.00842894091669244,-0.0037865941735466535,-0.003957057081466431
2025-07-28,0.0008458039774312809,-0.010061624679190473,0.006217417014456217,-0.0019472079736626569,-0.002171185085518168,0.011786557683613808,-0.005749692626882741,0.0033243895450025818,-0.017681060130955828,-0.02446443571079371,-0.01905387684589499,-0.01608877356434313,0.023759126171404077,0.03935082124659672,-0.017482406683567042,-0.0254765149796361,0.0054307169292355795,0.026214026844995963,-0.009737351267692596,-0.012015419991467269,0.012046904265505809,-0.015581965997725433,0.01101022755627401,-0.003490320207460762,-0.007656560008188151,0.012179806000364835,-0.005480311980333941,-0.00463159068999186,0.0069743085377211855,-0.006019264203389163,-0.017713255407771022,-0.003087052358305975,-0.007096298800547629,-0.007385150151658415,-0.00344039054757328,0.0031039601595539423,0.0023828511490338045,-0.013486532286161257,-0.016402099939964998,-0.004014166185391854,-0.02047871654152722,0.002278923499030583,0.004967146007407663,0.02180321967101051,-0.015708915838753335,-0.001513490262445849,-0.008498148799082728,0.005841269902313151,0.007635597053037735,-0.012250633614763196,-0.0020437800298620523,-0.014870425829472289,-0.019135545392384934,0.009033233660824536,-0.016421722647406156,-0.01381271252799543,0.01813767935030075,-0.011726555828501795,-0.009952859098413924,-0.0128850035999033,-0.020288923253513502,-0.007238904744405694,-0.008997202374380286,-0.002038199306605648,0.02755948877517511,-0.012702374424339968,-0.008894567898018124,0.0038363678491037945,-0.011446935552224424,0.0016879950954962197,-0.0045257425011593355,-0.006432855955903705,0.0004383289563492099,-0.02868770475688276,-0.001607086674187741,-0.00014729822393766412,-0.004630543202610582,-0.004385760612396261,-0.009173620327366905,0.016833896164420104,0.004795875694063589,-0.012030587277755522,0.00344696659125443,-0.01011251669779778,-0.0036729146149125924,0.01259212172009061,-0.009802370793922321,-0.00205055301445789,0.014731114266160361,-0.002695488459322881,-0.006744283384056082,-0.013413572089400638,-0.0025082535676670403,-0.000326261350257262,0.02087705667039952,-0.006694814004291505,-0.016118716992877147,-0.01207691823887913,-0.004905745104768933,0.000373649013617694,0.013821062247004967,0.01439169890180736,-0.0004328310943630953,-0.011955123444672644,0.00224662008574672,-0.008885213064512953,-0.011104774696050868,-0.014727096757945368,-0.010939142186579431,0.005606200900277969,-0.019176112904468745,0.004566669835816661,-0.008963880799907287,-0.020457070460969007,0.017057547107439675,-0.006909702505708104,-0.004463284996993444,-0.004143371135733709,0.004453864548434439,-0.0027426375841326234,-0.00756243789871025,-0.03612798647424054,0.0012369674678245346,-0.00703375495599623,0.03792735459348773,-0.0033807976304132126,0.017601366171780874,0.013005918426195251,0.01600565063624515,0.006831003480162856,-0.004587376522044551,0.0056167680700571765,-0.013040728983656713,-0.019442773875622432,-0.0071569926423418195,-0.03686732934548509,-0.0007505674735046597,-0.029087236696049956,-0.021359220101602183,-0.011241338097245368,-0.02550968180260149,0.0038861120867439425,0.016575592841546083,0.012430245281089825,-0.005066965652911648,-0.006518002225365471,-0.0158414755907188,-0.0069636678286988385,-0.007081924505143888,-0.0119914222365205,0.007141876395600377,0.01618768401240267,-0.011771261105527842,-0.005844068634865529,-0.015898577310385242,-0.011815516841968687,-0.01125295752587796,-0.008948625232058305,-0.006780202205388441,-0.0072365683922450685,-0.015639978993728043,0.008467258252906618,-0.0012896737741092679,-0.012712263994995254,-0.009113240656014376,0.014871096675065587,-0.0222957251373197,-0.013750300503489576,-0.02454022911759779,0.02922272540975257,0.022252327015142015,-0.009747380080876056,0.007796849330000022,0.020185581029943833,-0.017381472198335857,0.008457001907334671,-0.005417229022303793,-0.004685289890138833,-0.018059497374394162,-0.017491586542765614,-0.014750510441019493,-0.02179312063279859,-0.015709213666463384,-0.007962414317356448,-0.005772980286064211,0.0008983060392804276,0.009116006010874145,-0.008412651859270426
2025-07-29,-0.013021485142679978,0.013451481297209966,-0.03792062753416392,0.012607992346599595,0.004583840765569391,-0.0011658238805853927,0.005590380684981078,0.006412262368258759,0.010916305723096542,-0.0006761122310958712,-0.069320661136552,0.013791500315088356,-0.010430019156595804,0.01859970750587525,0.007428856440590437,-0.0438405805863189,-0.008061097539606266,0.007063121196047462,-0.04153255047476456,-0.0008939157539060716,-0.016936162252619624,-0.005307952986452591,0.007457819497673768,-0.007799490171181311,0.018890082888523452,-0.04677054891901111,-0.006751658593799004,0.010493180064056418,-0.016858224416932188,0.0021668739253835057,-0.012309736616716194,0.005678215670208431,3.186052371262349e-06,-0.013219381903566862,-0.00826893705348919,0.09131015011934362,0.004032574414631007,-0.0007192735170065134,0.0048415671562498375,-0.020648261892348696,0.0008860587291419364,-0.012740552011231365,-0.0029442052062425006,0.010184711785336198,0.01111837611809996,0.000701401906459509,-0.00987810147008128,-0.009025124209586899,-0.015653939990848187,-0.000388689768938022,-0.008799005892418776,0.009838311736711347,0.004499797249867932,0.004563892154888727,-0.015633857885115177,0.0032885342715944788,-0.004399483924308001,0.019795321918241626,-0.004684764841517364,0.014076901465451819,0.015274020880760908,-0.04079322029491017,0.011423646048876357,-0.013623971549226788,0.012650655186783766,0.009005535665373987,0.022721923248659515,0.021602965626718262,0.021505804927144823,6.639834679855738e-05,0.003505384932861233,-0.003927063534726827,-0.027729826289216497,0.009532626376232756,0.10954168835046918,-0.026472946383635065,0.01421800394846695,0.0150517008877733,0.009610032888343945,0.009961368069070886,6.457538873227975e-05,0.00844917453757077,-0.015332655100698922,0.002336582640961815,-0.004902043471353146,-0.0037998507854908325,0.009633074801989494,-0.0142259753350924,0.008083982736644124,0.007057879047899895,-0.0022289635922305706,0.010328671405471113,-0.005534813684102247,-0.0078474725356239,-0.009877534463865523,0.02422353479446926,0.018386421376455964,0.008098776379278583,-0.05675990656017227,-0.002905603450178873,7.113053751517384e-05,0.0006556832133375323,-0.00930490508847992,-0.008436601223347218,0.011200931037156359,0.007205037554371074,0.005470706079549359,0.0014090586410784312,0.004649842405822113,-0.02618918993811281,-0.015725837898465045,-0.0022878831212569395,0.017890691900699807,0.00927710708295404,0.002004017343180564,-0.016364874315168088,0.0056784640141716025,-0.0016484815190933588,0.009075529725004472,0.003709004842464836,0.008075318641701301,0.0013457025149179458,-0.0036398348718709173,-0.007033180419720786,-0.011824783050020216,0.006644079269793046,0.007775780592346848,-0.032117856284893165,-0.009593367031633271,0.005442278872677342,0.014799403164693636,-0.05395095969030006,0.016406301529070078,-0.00030160879899643334,-0.002798665777158149,0.0024766949632129,-0.006774384370458186,0.024058326714177625,0.029486883450052126,-0.003673184813517416,-0.004692235704100156,-0.08971448572663121,0.006359156890521689,-0.027402477213856358,-0.054179910320240054,0.0005923339476261447,0.018448250760948248,0.004918042355555485,-0.006715498257548802,-0.0055760209524846616,-0.0015776060055276986,-0.004586011667861989,0.002287904452039413,-0.0015985621046352705,0.06937029967708597,0.008756240209658372,0.016557430836209086,0.00029075460011718235,0.009955295334666658,-0.000473288810701078,-0.008159087946999932,0.011465958787800101,-0.0004433981337808035,-0.008385174911448079,0.007011039369397842,-0.004705675266095888,0.004398184969453212,-0.003432628020842543,0.01833969150556669,-0.014059013013575594,0.010677282394254028,-0.04144281505163594,-0.07351142928967747,-0.023790527685141782,-0.10982398629231938,-0.02144668140389072,-0.0004394147527619907,-0.01210713603108804,0.017213850076189807,0.00759122481475849,0.007330971030942379,0.045972685531288526,-0.00584262426788662,0.03283295259817809,0.023315272301129397,0.0068121933927765,0.012578787059886132,0.0023573165313175437
2025-07-30,-0.010512199350098506,-0.010807766485715575,-0.015170874833031256,0.003765091832110379,-0.01697902817275665,0.00047974226397951014,0.007328514666531838,0.004386031365453569,0.03545380121577324,-0.02244824987571281,-0.008509020325261574,0.023811725873775558,0.004581659688179585,0.008664904586066058,-0.00731744582272853,-0.028744541774012866,-0.003941253006923162,0.026835110699004794,0.004009399796714774,-0.0169314689024187,-0.002115515694211645,-0.015466700918182141,0.01424451059470666,-0.01746094463782555,-0.00923028505504675,-0.0031540339477977852,-0.0007207293827540262,0.002458240240194698,0.002708060000527368,-0.0072999189340956505,-0.01749189455129896,0.002463511838962873,-0.010210455782420524,0.012021080331686917,0.007848322316346135,0.011328289021270699,0.04204860449528436,0.019321040708343062,-0.011937177373029684,-0.009653141290112188,0.010506364602997031,-0.003204955560018874,0.005310750945088039,-0.01332588473487295,0.005702859120164661,-0.007502417618298729,-0.01501799084584654,-0.008081881307585803,-0.006509923644186344,0.0037200568251911648,-0.004321572165233878,0.0014749088525274345,0.0360985524130184,-0.02256929990948464,0.01714517924560255,-0.009598858676181266,-0.001556740497148823,-0.013211098610845795,-0.003946324906691778,-0.0061232850739818545,0.007581443994622461,0.013574130480694002,0.018409440225137352,-0.011591385104740226,-0.01523548830666499,0.0010109479845885616,-0.016625160848229292,-0.005619684033846273,-0.008268880070597007,-0.028526049397238573,-0.009631712301768403,0.009097112601011759,0.03037325541457836,0.0036008564912224372,0.007603451870313194,-0.001083165024304833,0.003904589450428375,0.002701756943352507,-0.0035170548281708847,0.028592608390247243,-0.014264726344845435,0.00013036049818460071,0.0016904215501289954,0.012614473408476101,0.01353099568047611,-0.00898288418295845,0.004744777082063223,-0.004519451506777017,-9.736184331465836e-05,0.008462974062996231,-0.02298800980808391,-0.006046818550225375,0.007312461663352643,-0.00404251393467181,0.0074679171162790325,0.0045505585543512694,-0.009503541183080166,-0.01178904248408319,-0.003023024550260267,-0.003487145988358087,-0.01155689777831359,-0.0010690142079168297,-0.008040095844857653,-0.01261059849411783,0.002837647939873733,0.0028101922846959226,0.0037209616061115725,-0.06887685801082544,-0.009139506318598833,-0.008181729634213042,-0.011050061149089352,-0.035230200377760035,-0.007235360847914762,0.0338534478923922,-0.028457499986011214,-0.009913714766878634,0.008255137096472076,-0.0004788241698747697,0.004735095912724141,0.021874279736423752,-0.01387140356829697,-0.030429711405541404,0.003355059729432952,0.011109401276352848,-0.021563914776028703,-0.0021286026435047845,-0.015707736199786382,0.003470587047923246,0.01864409232410047,-0.0012026740108170841,0.003639038838612052,-0.05779903227666061,-0.007032535573658016,-0.020260894214962022,-0.02371651583495371,0.0012316599459154531,-0.004933834716686292,-0.011197339353048896,-0.005160225165674603,-0.0048247373731014065,-0.0019701291495133333,-0.023840997566390243,-0.018824445225181563,0.04893637551336649,-0.012473528401502065,-0.004964779078433956,-0.06039902023948507,0.006326544451479954,-0.0012606228128486663,-0.06633924530590107,0.005140586489098098,-0.010411994590568519,-0.015037986415647353,0.004914205700455199,0.013933788132868052,-0.0038986824673221676,-0.015952269112655237,-0.003179701462592277,-8.02377053696901e-05,-0.0005732907621061045,0.0020269380515234303,0.00220387534136135,0.00813207487409251,-0.010932258874637668,-0.00521553878006209,-0.009088014072136552,0.009649446402468342,-0.002689881222712742,-0.004208818955566684,-0.00723162973257363,-0.010281189313770867,0.0039054992433760205,0.02289057317313148,0.0070856010043538475,-0.039201694352465566,-0.004181208112592039,-0.005006136189115384,-0.0013605947680082053,0.0024989246502480356,-0.0032161332377347307,-0.007497304980187636,0.0011822685798614785,-0.011355910336022568,-0.013258255625677506,0.00552860804665567,-0.008091182255254736,-0.00897982222602689,-0.014041626729976109
2025-07-31,-0.007053527756049505,-0.0023020584806809907,-0.017297764054808873,-0.018973799703117855,-0.016226924048244662,-0.029518292184548933,-0.004737775904389174,-0.017050252497781138,-0.001751528629037935,0.007698542358167693,0.005154384798015776,0.13972914854248586,-0.051124690853163735,-0.02092053477158906,-0.021101531829167186,-0.0022239262498580104,0.01650068489414913,0.0072147303859635414,0.001356727125222612,-0.0074266936706068876,0.005799381532585635,-0.0003352925311075339,-0.03300697364675553,-0.014299649973927409,-0.020900170684107877,-0.01996225757226,-0.015420716071968155,-0.01009756697991726,-0.02082751270491734,-0.008928095582683149,-0.05835686409248275,-0.017641772914481102,-0.014228258138956562,-0.02422671448664726,0.007372359322465272,-0.01917546077020038,0.0058050099438489156,-0.10791919711399167,-0.022648058371895985,0.022662472794077182,0.0010790482426452641,0.0048741218169690015,-0.002331183549885374,-0.013617232039726979,-0.021075504630709396,0.013073822188264472,-0.0028766942696027975,-0.02316078654982423,-0.020126315673552497,-0.003910918007534292,0.006414518817634995,-0.003146755564674919,-0.004733758400281118,-0.012805658432531786,0.006632242654632137,0.03144842331594866,-0.008166789387372475,-0.033343636845811986,-0.00445948432467258,-0.00536123931761967,0.008912406569322684,-0.005961359761053053,-0.03446482284211694,-0.004807952867255771,-0.009718044459644304,0.002480059490218789,-0.014106326557369542,-9.809478703548535e-05,-0.010275752837148211,-0.0168401444170847,-0.0034192912667467823,-0.011888419826158625,0.003730878673713356,-0.022786362429452645,0.00750207387507551,0.022246437077402703,-0.024694263524518867,-0.025115737364342472,-0.011681647277046459,-0.00461819341841796,-0.012585320446761195,-0.019959645237851653,0.0005627478313279255,-0.0695097426523299,-0.0120088749975924,-0.028454955795513825,-0.005727532784378653,-0.027991379237517933,-0.029356106278925154,-0.038409454295437406,0.00876047551503234,-0.016158593797455545,-0.012747595682429669,-0.02618681990871785,-0.053164290697744754,0.012197687462222273,-0.012969911256965005,-0.013415378054600247,-0.0259331796507567,0.005448645409212638,-0.0172641105227882,-0.04642111051842068,0.012539416183643404,-0.023253880610355715,-0.011991211071576302,-0.03143359753393593,0.005625331421042823,-0.006775375401679717,-0.0158425579230137,0.10531865204703017,-0.006155732924684187,0.01700110119462206,-0.03975606627646311,0.005565828056270483,-0.005054254548131354,-0.0446265551835312,-0.011646778202217156,0.03693042871290508,0.006512676478685364,-0.052689996805877826,0.0005466716925051074,-0.007200776385562158,0.02969993643024349,-0.023196548914479642,-0.02656898126230267,0.005198939077968312,-0.035537880253137644,-0.004790524488531567,-0.010393221014003196,0.00889042151227315,-0.01192596202435059,-0.053312271600985284,-0.03503983085062323,-0.02197165905860743,-0.015500726996246605,0.0016853398672509456,-0.0012529061861732416,-0.015810932317853243,0.009936002711761205,-0.012486862001303223,-0.014449542018657446,-0.01290836539191531,-0.08049884954822417,0.09247717745231743,-0.04372575169157766,-0.01512974121532995,-0.004926088952118768,-0.0070408020292349605,-0.038689999779389694,0.038272366223988996,-0.010135914621931974,-0.01930387289278368,-0.0034377163029182256,0.012501915416825327,-0.019539377605799935,-0.005177850406253626,-0.010386166050792234,0.039878644931440554,0.005690374396725595,-0.019540390903909355,-0.00452934529672655,0.012606874096518617,-0.00829122524984971,-0.012873480875332355,-0.011000385047888805,-0.019234207066023856,-0.01325098422440174,0.0051505720508933095,0.004346286259136356,-0.03482465006724311,-0.03897908395493399,-0.0009059590990965205,-0.05991480156833795,-0.014441477623912569,-0.009845866191811048,0.0007420229501757802,-0.02069553679286429,-0.01590237247065307,-0.025645949835561233,0.00311164393647001,-0.03487157997364854,-0.009250067047047672,-0.01493572871081561,-0.014738564590013326,0.011516774834695376,0.0034514117908308606,-0.002586408631057857,-0.019868980390504554
2025-08-01,-0.025270234114548984,0.03150518413851344,-0.033496413196483665,0.008234702263814953,-0.02677888221243041,-0.014163503970179292,-0.029805870048415173,-0.020887995399875514,0.0031017091119798224,-0.012945366145643789,-0.010546377139013963,0.020292998964299258,-0.0009951225441930944,-0.0294284894507042,0.005936593495034614,0.017100880626033543,-0.08670187473643587,-0.04893569463072023,-0.00393288961994287,-0.021164964934717645,-0.02469507371395885,-0.048957845169372405,-0.020466532300239315,-0.017676657499075432,0.022463283241423326,-0.0018214570089583049,-0.03558239213954817,-0.01805159645120824,-0.022873385012678327,-0.014077815035912877,0.022485684852530774,0.004402839546644444,-0.015473672782395198,-0.022116780268712333,-0.023101695449057935,-0.02267798812633881,-0.022145757252263643,-0.019415394825897714,-0.003721690703113012,-0.021148240491698278,0.008008972221204225,-0.0334779141468422,-0.03691314076540664,-0.02719737596373406,0.006625281707468567,0.015079301405132028,-0.025922030808600116,-0.028207177499885994,-0.01898153270524361,-0.01532796109931489,-0.015669817592060653,-0.005273217243448869,0.0044221652185658655,-0.0018077998859986621,-0.010020781441419047,-0.04615499886168717,-0.043093462736136345,0.00035664016666281384,-0.022239839180834053,-0.02476513125175117,0.009716878168699594,-0.0036105034994262653,-0.028341872391601797,-0.027003340197618186,-0.02851351187914375,-0.008042906164861918,-0.016341126535428074,-0.013499128298620988,-0.0229483672354025,-0.02463847368978378,-0.0043875713569372365,-0.009108776338859315,-0.01006938954770753,0.006866552643473689,-0.02150639241554053,-0.0163852514382663,-0.01642780437595448,-0.015814716721291866,-0.02140110278891605,0.006782978219760594,0.016368822225267365,-0.02808981513230968,-0.02138086529742189,0.021705761368432164,-0.032187084392829135,-0.013077150075197608,-0.0020611755303656665,-0.026142710668253688,-0.012902147513541351,0.005374493328710095,-0.014667285241818817,0.014621737896171716,-0.02483274305237604,-0.028139057857373473,0.006419692462991122,0.0013230594223947456,0.013805018011547432,-0.0023762789863157607,0.030380529712552118,4.1498105521675654e-05,0.01243255509265051,0.013419815545982594,-0.012222060830301196,-0.03265856077303919,0.009090926861614612,0.006483722904182088,-0.028841711514374424,-0.01227541545257349,-0.010471008520807068,-0.032076908925030345,-0.006505699707956225,-0.033341562450624807,0.003067406920881588,-0.004149600884387539,-0.02935663591280946,0.015659051914920674,-0.02525180927626014,-0.01954263726739125,-0.005322871612642999,-0.04246735051515049,-0.009770255291556396,0.004034845458429359,-0.040871250470241094,-0.0027220402749081885,-0.0012119216641197639,0.015491171892764832,-0.030711753790647833,-0.007727496603801676,-0.0261611886842541,-0.041220149701253206,0.00690123723545355,-0.0045721387654573675,0.009964029862595147,0.00866043476932532,0.001584328536839763,-0.003611629648537118,-0.028458776970068378,-0.017591486090743125,-0.008256578542678028,-0.023917902398030932,-0.029619253352687558,-0.023476128891904757,0.009680770617240597,-0.10259695875890706,-0.01425053919613628,0.025739231712139876,0.0019978659389598974,-0.0066220906237450805,-0.025241752497447756,-0.02784070878864675,-0.024345913480090964,-0.018541181904664583,0.03705057091592767,-0.0883138976432436,-0.02463207889722696,0.004640868273519061,-0.019412112522768865,-0.010345608019269648,-0.009180344732730994,-0.038957712203584904,0.01107677988719269,-0.006909231009478489,-0.015322910679135049,-0.017676564203911838,0.010961099843500577,-0.008886142162437771,-0.005130423113617333,0.0003058967611764274,-0.008143931533197701,-0.018949156559254554,-0.0016200109773585325,-0.011779033441916553,-0.04436310506047203,-0.011285425616228473,-0.017531501265601435,-0.028883010920211838,-0.023387577153170636,-0.018151997185769986,0.012346415282654455,0.0021652011630477475,-0.031038568432431468,0.005717525331153439,-0.03676022000227519,-0.001448426667652214,0.004926439154506745,0.004654625100815046,-0.01833731466155175,0.011481205234922243
2025-08-04,0.004832747529707859,0.009271577296122047,0.022925697967468572,0.02008328284528549,-0.024809769950906002,0.0020280385247390953,0.005943691764692005,0.017690130446580632,0.011644925880357704,0.00469877862647472,0.0017807597412788922,0.03946456468470583,0.014994438204935179,0.0262238204630183,0.01682335959384762,0.0035946188071687146,-0.0149259653566709,0.02137204584489183,0.019760200754531,0.02049188659614476,0.03675699031785484,0.027242538427191043,0.027885170227702538,0.013879209378830915,0.026566497400796862,-0.000110951740303733,0.0032233550353879536,0.014149490995718494,0.015290254835836237,0.020830331306767924,0.027574809104763176,0.01275018883267176,0.006088030523302201,0.00731611089244133,0.010047765196310898,0.020305658545893834,0.038989384266013616,0.016523325714671522,-0.0014563787865453648,0.0016788077911926713,0.021466856750235408,0.01512042434498273,0.01461361438387243,0.001206103313501572,0.01690130079330121,0.0030681164027415164,0.028300129694025955,0.007895592708448973,0.016764673676671116,0.01937720718672331,0.012126921506017574,0.015533781047653683,-0.017980925428314976,-0.0026043002513880253,0.035798563212283696,0.018418277635356084,0.020817091044724734,0.0025873781882195246,0.0225409215785346,0.003557655370069135,0.00952952995141576,0.011709190084106424,0.0028360989200990616,0.004872019088176138,0.003905774911065585,0.009446693552753516,0.009465339148778895,0.000455950521494497,0.009418502653995908,0.013264381907531764,0.0049517449253677626,0.02229295778547069,0.005192344162280094,0.01065449705322763,0.020432085625257557,0.003475302007026393,0.028853468605387178,0.02949500261653437,0.021096867764660132,0.015701900596343243,0.018753465153642068,0.005327641370337588,0.0137559833595855,-0.0199308387884507,0.018084881607819625,0.006932921268107073,0.019825326717716862,0.008707516502893142,0.009773598776291692,0.0016604160538395973,0.004755317686899296,0.020951769959185462,0.015388499778297593,0.017676574155413682,0.029961967597697203,0.006283880114890561,0.0010693024086725345,0.016714534570602346,0.009457211417590372,0.006339267978792584,0.032059291044869376,0.018363654174232025,0.017024082242202532,0.014705879487494578,0.004151214873466813,0.01615156352037328,0.03595226328113199,-0.006733985319810287,0.0029048679176062464,0.03322717444876666,0.007199803637182534,0.023100538207336818,0.020766727663123596,0.0010233759801767661,0.01297987214480667,0.007956323634410012,0.014877037488146172,0.019975731476124636,0.007298865220099593,0.024529668377951452,0.0014059385361147037,0.04039775740770857,0.0387695815957132,0.008605377339129028,0.00240237215785033,0.0042151844284221696,0.009640474568466395,0.010627279588601546,0.03295900395157059,0.02896211559193418,0.0212433858171579,-0.011350225763191446,0.0021597802731854188,0.0018112510095349421,0.0011187621620099009,0.0023514664100208194,0.008581154125722357,0.002931970795365224,-0.0014060165090619137,0.016440926616271945,-0.006192189969695505,0.0141348198914093,-0.004615287738561236,0.03893097931513445,0.0018067770439049724,0.023869472402889613,0.001733045463687688,0.0018413064948514801,0.033957758819894934,0.014119459796742007,0.01472349851035748,0.013430506388370844,0.012727513880007812,0.01472549690453917,0.026731109383686835,0.009834156462715349,0.019844129264091848,0.030893744743325513,0.024071100490204778,0.009572353412831802,-0.003776964969737673,0.003486377276638919,0.014385976438157755,0.010051223370330042,0.024460266133841557,0.008679302598379124,0.015892610722061384,0.012994684126703682,0.017216084177220203,0.021187302057827928,0.009771577060847747,0.015177825770408937,0.01744257499081936,0.012411330076563587,0.008057994793196244,0.008241567450065546,0.010425291915386659,0.007938791308334636,0.0226036291036662,0.0009938747464222075,0.013639266169040987,0.013818260563160933,-0.003348343102921092,0.007000623455865274,-0.0005630512596264126,0.010569693900687405,-0.021181624887243622,0.030249558485087036
2025-08-05,-0.002065613340027639,0.006104186935741218,-0.007444973142215261,0.0053878533935707296,0.0009355203160135162,-0.00884304569885952,-0.009469386145361192,-0.011560697981703782,-0.016202478446420976,0.003564667470535632,0.004336305750466174,-0.00533797940830727,-0.02088498266917238,-0.017004149641858035,-0.006256272846486333,-0.014398354774684208,0.009487827066255505,-0.020701278843764825,0.003640129140739745,0.017601701701019934,-0.01028810772310429,0.025110502558260528,-0.01930783481064413,-0.007246473399241893,0.00963782938176827,0.009178389059103509,-0.007274247106263232,-0.009177154849637326,-0.00457860553539291,-0.006915585108228761,0.01132906656497612,-0.01878085574049937,-0.017239678543430337,-0.008058089271870905,-0.0003498654038533999,-0.013687728245131758,-0.03402793002029192,0.015480629765557197,-0.0032639243101755255,-0.0010874727159939646,-0.009574317271250798,0.03077454396863466,0.0044619718514642415,0.003998916614311732,-0.005681129760181314,-0.01228404870979194,0.006873803496082687,-0.017714007739641602,-0.03067282231630042,-0.015241439698725934,0.0046991084698690955,-0.010500530253542806,0.030037126287686178,0.012930890459246669,-0.01307551090517034,-0.004409290784083808,0.00013645425612907047,0.008681544975265965,-0.009523367060376486,-0.004787858645067367,-0.0020396992862208307,0.007548897410402766,0.007222198483027853,-0.015513364094887017,0.006954647694567662,0.003916644806221559,0.0016047029692414227,-0.002922451627258571,-0.010452429287031606,-0.02291499941757902,0.0015366265183756056,-0.017808580834030252,-0.024199600631866325,-0.0190927258676874,-0.0075628385156703,-0.004690199866336453,-0.0034231838206792986,-0.0031737828323521455,-0.008912414328987595,7.796000938320446e-05,0.011753943749031492,-0.009399587239062868,0.0009301122710194676,-0.013172492632698152,-0.020498210369489733,-0.005968277805538769,-0.006403497694345894,0.03368911292320087,-0.021474628981639654,-0.012081407830847546,0.009388811992980806,-0.002733057824223728,-0.011238918693307731,-0.01742613696492601,-0.038012420889326215,-0.008624268188625273,0.0009225751327184284,0.0046789581114188294,-0.0032283459354705,0.010628305838306318,0.015344233887324421,-0.020319843917167013,-0.007176644849748115,0.00228553023594813,-0.01837313621597403,-0.0031134731483035694,-0.008147452890172602,-0.020008325442570474,-0.00011293596625439051,-0.01808375528407069,0.007755832082644076,0.014325296013814715,-0.023463543786316876,0.007757254491877141,0.0041057129406132375,0.012371196537572793,-0.00769866056998314,-0.016624738742178735,-0.013685280314519765,0.009246182391699165,0.008734722135955053,0.023615375505019465,-0.008492752294737116,-0.021973237372607812,-0.006172431283906654,-0.0010739082263562238,-0.019315252677840178,0.005072744064751333,-0.012266747174830783,0.008677596767136642,0.00724542747583623,-0.01164850243335458,-0.0006370133867408256,0.050659080277827506,-0.0012707695882614445,0.005934899230640056,-0.006877520249460645,0.017320541582639848,0.005440682115808393,-0.0009984059073468998,-0.013760213306890812,-0.0018370171028498916,-0.00545392856423188,-0.03327165839458779,-0.016639507396850384,-0.0014216332431971068,0.0011684108360237033,-0.00848131144748887,0.005560190098868212,0.014848949646188103,-0.008398011694417562,-0.03724145052467431,0.011996719177191473,-0.015094071724640834,-0.012853218652812082,-0.017655454626787304,0.03198910173419378,-0.0004254284830960131,-0.007828302738628778,-0.001826566087852477,0.0019950137972877258,-0.007369413087713994,-0.12773101150150268,-0.00013886213191627306,-0.004262700400227359,0.00076323951428936,-0.008710015591639753,-0.020360087560362672,0.007478178181210993,-0.0022317806534513096,0.01399117710848774,0.008637216551003135,0.0447715020605175,0.004449904019629969,0.022412653374414226,-0.00383307333461147,0.002707482898216984,-0.014169465911193058,-0.2297790683795471,-0.007177909875908384,5.150083988336718e-05,0.0040318977287210345,0.004112388688892743,-0.0035278215213372377,-0.021528159795624724,-0.003352394532964098,-0.001471694229356224,-0.03756742585236328
2025-08-06,0.04970466769964599,-0.012165849023811681,0.004366713026107583,0.0013900610039518924,0.021367316141309267,-0.0010337319227033959,0.007224277959052117,0.019197748154668126,0.0014255177693085486,0.03361475956200266,0.0019119636002926654,0.01800662006755971,-0.006259920662130547,-0.06928265702324854,-0.052795507666835384,-0.006035744889325123,0.038880342793579103,0.15919064912569425,0.0060516871101521374,-0.011438090109916033,0.010618325175450138,0.0028924459383832257,0.02631210426863806,-0.004409596178837738,0.013964444276410859,-0.001291729330646696,-0.00400686782770876,0.014309513216467451,0.013027149260659954,0.008628510852489946,-0.021254669691965766,-0.018353170015951825,0.009348481459975133,0.005770260540086447,-0.01667681544328481,-0.00255470858329776,-0.01659591195065424,-0.002851738272935833,0.0188307055116832,-0.01037469275548153,-0.01238381839741809,0.021478411090048333,0.002880459958451098,-0.0007296537559966509,-0.03103072465683976,0.026156836027971586,-0.06464215197086887,0.008379130637170995,0.020824711609064295,0.023743983403235802,0.009402833407863742,0.005807557712625311,5.725711683179924e-05,-0.0019239948251845718,0.008509155783666067,0.0015584664531607118,-0.019877916504465354,-0.01892304247832044,-0.027839469901473457,-0.016187308005021883,0.009041043610158006,0.007889973385396765,0.0014555947192036456,-0.049423544466114855,-0.009759408747375353,0.0026218416217274054,-0.006756746436293426,0.007761431745556546,0.0015886317417521667,0.0049541788375915274,0.0023207492870227497,-0.0022301384857374984,0.018255673256560634,-0.020603133861099465,0.010231132871911797,-0.0031773951678002454,0.006934179316086642,0.005992829423549395,0.0034634149704926287,0.004811236133098973,0.0033730467020758326,0.002358952361533717,-0.008604843068219736,0.012200627751776771,-0.00026704849143399656,0.005646376706139655,0.002646589418510814,0.00975363028584919,0.011773481122439478,-0.005018811461907191,0.005459297005710795,-0.0018566562101636208,-0.001437574835278177,0.012969863646178581,0.003297315543304258,-0.047199032416344266,0.006257860530469728,0.002956717398159725,-0.025149734195041518,0.015287600982988536,0.0033429873594039705,-0.010267352767902693,0.00490570626631559,0.011457863697132531,0.02905811592470453,-0.009180798297018455,0.0027316577523501806,-0.004156173981983535,-0.003910580995568402,0.009795429403577138,0.01746376302795305,0.004275612926519123,0.006243299426747839,0.008463281776841747,-0.04071006020081569,-0.01605795357380213,0.004650887377487756,-0.007123719403883122,0.018283308048975044,-0.005223429179913808,-0.00947086427157462,0.006237575488385438,0.03273584574871702,0.024285621257295276,0.01440650321814374,-0.002532611660669204,0.008158804144248855,0.009745215903669724,0.003933203995643453,-0.0007116991315756493,0.020184991959874665,0.02180841287053159,0.009785729381668773,-0.033582693123055396,0.015881882514159784,0.018997949920415813,-0.026218151245196886,-0.012237471335405203,0.015624105966581148,-0.002852957143102408,-0.0064340302472585265,0.023983443834556972,-0.005963697333149831,0.048411248791063954,0.005710007378164406,-0.024806676981617315,0.014286538027310058,-0.005504120630962284,-0.012612379281137898,0.004764895421192072,0.0012181523353813617,-0.028932799947548382,-0.003988850993703608,0.020906526207642884,-0.005136567382927559,0.0023251945888453918,-0.010810585980427057,-0.001242810762128066,-0.015371890687501555,-0.015839617592123822,-0.011385201476201257,-0.01006396999537218,-0.011786333464326226,-0.009856653737591703,0.024757147780205102,-0.03711262207177146,0.0011708755717751984,-0.10516654430587824,0.00830855837772404,0.03512087328722835,0.0022322450259828486,-0.004063882571844424,-0.016983578721334602,0.011465828992532678,-0.004203056639659586,-0.008850948106310597,-0.0031360992608302496,0.006544243984470732,0.028956529819437193,-0.00816489351519989,0.01873338728632401,-0.005656632290333086,-0.005273291302594352,0.007663619356923057,-0.0065175377325061845,0.03943475148531661,-0.007090663944777198,0.003231314795856477
2025-08-07,0.03134993677016862,0.012187894019793255,-0.08341127667019332,0.008149012174072823,-0.020235283532354487,0.009871599977701706,0.006018522942683013,-0.04135500446306484,0.0013327300226979588,-0.0003744795793680922,0.013179607303211327,0.012338074051515768,0.02712927571837387,0.05239778235911441,2.8312157664522886e-05,0.004753800510271411,0.003296447276305514,0.0015981425985511777,0.004021191218906317,-0.0013378788801432506,-0.01253696912372515,-0.03254850597504344,0.0038162301925037667,-0.0034389831286718575,-0.0043298431315452746,0.008032705376204596,-0.011998704555533646,-0.002536364624362797,-0.020246563404469953,-0.008050980716816092,0.013442240980042097,-0.00015941535015517871,-0.010710540685219705,-0.01285944702342423,-0.02666605792847143,-0.017930882115413382,-0.007686086156931893,0.0038784788257517633,0.0015226449823062538,-0.014904081181050355,-0.0022860999110978497,0.006737808670902901,-0.027871885249327377,-0.00525598186623899,-0.02041873452072096,0.00921725656604,-0.012215328386856683,-0.03222247312817128,-0.06233422673268496,0.008942793742234834,-0.021975773006432053,-0.004475384943246397,-0.0005741078554404311,0.0022603882307059564,0.04641289206975241,-0.006427556156550551,0.04241237004668097,0.017579550079880768,-0.02093983170190139,0.009714777443642575,0.005064220716670675,0.002898010530550721,0.027507963686057124,-0.009282202884010715,-0.004936308988416016,-0.0012246756050942054,0.009066757000197434,-0.013072974551914918,-0.006669712457550325,-0.24777575178000166,-0.008792389411683033,-0.0037732114417625695,-0.0328403200362164,-0.0010281475810707263,0.009607682719740218,0.008023292827193718,0.0006023590575070514,0.0009155576233865759,-0.008758227014938669,0.017819575531892617,-0.0018569312035427998,-0.0008265371902211882,-0.012453537577014728,-0.005603608870230481,0.0047230236719491,-0.009194727055393592,-0.0009756246407626179,-0.032943189292069075,-0.024578267102906892,-0.00784174974380658,-0.0031044351998925634,0.004517482248813209,-0.01662124405075005,-0.01679087737205176,0.024218300810742832,0.00027229662522820774,0.012767027206116666,-0.004885361934785948,-0.15166469552111117,-0.00950307938968109,0.0009862268584557299,0.03032692389215086,-0.014534385865781374,-0.0080913553301043,0.0005491431886106568,-0.0603573253413634,-0.00705403213824507,0.004844986561921338,0.02037273304081122,-0.014563592772783629,-0.0022494767924712278,0.0055050560500582435,0.020095646546470114,0.004750978191180977,-0.00733528315048293,0.01243215170984513,-0.004004683847580459,-0.009626167284814358,0.006579312284547001,0.0253572411427756,0.028070466860266485,0.012965201746629518,-0.027639587488869743,-0.00042927277373294714,-0.015358405812653686,-0.004659545656499731,-0.04251570821445316,-0.010003300511698399,0.004943062629847006,-0.03151764390052403,-0.010533605433799664,-0.02851251568626889,0.02206873638991258,0.012568389286605086,0.004501800895919672,-0.008647614438342721,0.03862082912618092,0.005358813427709386,0.005451365513385653,-0.008241300562472631,-0.002649140565186947,-0.01662406315511955,0.00039529326433829226,-0.039619669064309804,-0.01639110214969186,0.009829076688985694,3.977088976192533e-05,-0.0017230302034114686,0.023448429245865654,0.024410153139210244,-0.009050401516367934,0.006064434205228508,-0.0024024369204562745,-0.02186966268238688,-0.00986625176919631,0.006309065307718242,-0.007310136794056454,-0.006541191848270067,0.017139361659157082,0.0036329251230045045,0.019271495120228632,0.001337814303721263,0.019106476313916154,-0.0040961402854833295,-0.0016830373451615088,0.01392127416657818,0.015347517228615715,0.008256219231882689,-0.009070052673521012,0.00686582852308959,-0.0005148148997333735,0.0357792187755539,-0.0004940345127106838,-0.012136508661798828,0.004701791532907507,-0.009867433836872053,-0.008346334284992984,-0.02305289980374603,-0.025426533426243125,0.013431026180104944,-0.03532553302599517,0.002906855134223285,-0.008015599315094768,0.006744662045662153,-0.013269515429765733,-0.0028616679924660104,-0.005531776154051649,0.012441273492517446
2025-08-08,0.04153663179843914,-0.004850557425998936,0.008434340813522567,0.0162262842424461,0.009444944896162433,0.002633855299421839,0.007519451013830114,-0.008507172269326624,-0.003442883705132793,0.011969395534502603,-0.001664578158400154,0.00497647602741047,0.008741069698882775,-0.0008474506652955682,0.012245772051645787,-0.017352065009037076,-0.0023592449903198087,-0.0027164873244789334,0.00406207004258885,0.000982205224888233,0.009264238118795731,0.006703651375132402,0.0008874659295763365,0.008424643433824208,-0.007481716025756313,0.005751273453090455,0.02304646766067986,0.006818936899566808,-0.006077215296198091,0.00970344411073043,0.014389196684103656,0.0014901623940444253,0.006985398635035445,0.014350405321965631,-0.0030107216131876058,-0.008038174897266437,-0.00352995743052098,0.014322070207759552,0.00010531193663787519,0.0004495074998422943,0.0036112182699516993,0.005363104736541224,0.0032625218387893895,0.014284196542088345,0.022608130934307802,0.003685492441291238,-0.0014784071263771459,7.67043447105209e-05,-0.0026280300061829465,0.025702115405017878,0.004448693810749749,0.012221153138200158,0.028843390167049954,0.011782751172143335,-0.04691992026239067,0.006811596812899445,0.025325004813112173,0.011086499833958818,-0.004850389978549252,-0.008237710468528725,-0.005525359288473197,0.010684584440751266,0.03825761028863983,-0.0017128774486456777,0.0030651563262269477,0.008040365068123112,-0.003138848803399874,-0.00012265443985137736,0.007438718194610949,-0.011042887044843575,0.002874915892743246,0.008114008217102509,0.0006756929997617789,0.07851224848277205,0.012965706012892042,0.009810993935002621,0.022865070794654052,0.02335301958702285,0.0002883145139076504,0.020336277665748526,0.004113934438572997,0.004563404826104289,-0.0015394890783202442,-0.0068841622591859775,0.023516370983360346,-0.026065447690330146,-0.009469534405096347,0.00797964095803172,-0.01809423605094196,0.0017383005792943607,0.0005518954185372849,0.00946149867093471,0.004953678766407954,0.0031095883470708685,0.0007993277078126582,0.004744791043264307,-0.0016606818102040677,0.005821515374777597,-0.023273971067381716,-0.0119872432265824,0.010652114136206592,0.023301127671851773,0.022535363183869173,-0.0025631753392669765,-0.008284518785569794,0.006932176444695237,0.0019665251538718564,-0.009634095084861904,0.017367466402792964,0.008442237198222458,0.0024175105008250597,0.009651904661966526,0.060499074046486356,0.008457390642092832,-0.005750536852453969,0.0047667737434737845,0.014598576271922958,0.0005162619655809664,0.018359484921402824,0.0582084278387871,-0.002783895660212643,-0.00512860374129076,-0.03188377573997858,0.02411508130181783,-0.002428365449462788,-0.01214495913960345,-0.0015971144652002778,-0.0027698724203144565,0.008066889901344965,-0.0010368338578965464,-0.00255652510901605,-0.0066221038328748705,0.009074927836842939,0.014451422798859248,0.0005190802333876476,0.00520089412172986,0.002200386521497677,-0.005679205710076296,0.010291113530134233,0.013329488376685461,-0.005364900803466632,-0.00757735328443232,0.011297680815919087,-0.01254233167730412,-0.030088169081925464,0.007152073144850668,-0.002211180701939597,-0.007581962761912919,0.012905925828080811,0.025283341872171405,0.01253057537598501,-0.011275163224094165,0.006233827787577972,-0.07573793377366211,-0.0024272999021928143,-0.007688319782362285,-0.008814605769251749,-0.004475626722555859,-0.01116207201121533,0.003035967431122444,-0.0005386354250034309,0.003968797488291376,-0.028571717598039115,0.016961598551685775,-0.005406765314689643,0.01414938395684917,0.008361002580891785,-0.009391305668363437,-0.002587138839242442,0.022157674413765704,0.006506924828456384,-0.03629632505129088,0.029136780854520872,-0.0015277690150394818,0.004001928203946292,0.00297263406614956,0.01687408375998034,0.013745500825317336,-0.023597906366608967,0.0040085289769820065,0.005594082258733479,-0.011116973967498112,0.015413037085428627,0.007760279140787141,-0.0003971183532955891,0.005361062743295619,0.007730534528905153,-0.005387688371227384
2025-08-11,-0.008321121729968795,0.002205541160362756,-0.02251174794911126,-0.022430077919553426,-0.020676289974917772,-0.0005434450668699853,-0.006953564455054462,-0.021659747861656697,-0.0052340952297100785,0.006178043194223548,-0.0015643816271033728,-0.012781449872724338,-0.0032602553671665646,-0.005715707330585573,-0.01103103139910555,-0.0026301074804342406,-0.006646762535132744,-0.013052026966400732,0.004917839936582347,-0.016369738144042856,-0.005370331589661603,0.0016834283433411201,-0.006602715227397304,-0.004737072482667415,-0.0008594786984303937,-0.01597971493359207,0.0023257262627383035,-9.403741206170935e-06,-0.008980379019257967,0.0014810812148198238,0.0010306434331921466,-0.004044995244036009,0.006282421616452538,-0.00649736195291073,-0.020915825464494553,-0.010082989745017201,-0.014424915064751076,0.007787925781065574,-0.002496466666225494,-0.007794028396797437,0.011602377374012818,0.00239244576001596,-0.0011659187426502626,-0.003818300803935415,0.018068396246775364,0.007959867872562754,-0.00796310712092918,-0.03148361901847352,0.003132497907398779,-0.016701596767410898,-0.0063056417053148905,-0.011162803833986601,-0.011639646700557726,-0.01033848057094744,-0.014431891386194273,-0.007188049476310354,0.0033649090739036325,-0.0032849926913032235,0.00021087677911868496,-0.007468010443513862,0.0012435449783243513,0.0015648339276035372,-0.009090739981290952,-0.006928622523496131,0.005199995666843371,-0.009530936008408819,0.0016066952441251559,-0.006512755016103711,-0.004307261432988874,0.003532533755230105,0.0009516575347499057,-0.0021271668418361145,-0.0017435496973110531,0.007809610362911279,-0.014594087889286733,0.007843769837638792,-0.003502892910702826,-0.0033623289693478497,-0.004653793143521767,0.0018008033964234116,-0.0010524054837421914,-0.005488542041899969,0.00035504289189969285,-0.007788624447377934,0.002096050503627822,-0.02570654326002142,-0.0033407271676937356,0.033402239072046314,-0.06039483089621012,0.004922075595635178,-0.0006546065045061056,0.0018453629133921012,0.0013975195037279065,-0.00670293224871088,-0.007263448104279924,-0.0001014490438997484,0.005430174410808064,-0.004855441494219903,0.015925874381589544,0.001449278410897037,-0.005551616027855033,-0.0001299358272053297,-0.0018102641141961584,-0.00751927569134736,-0.0038380200690610877,0.005175666476554319,-0.007492636703425148,-0.004833900302513072,-0.0019559695514468345,-0.005784089703209538,-0.0009240064216564647,0.012449885613365907,-0.017568065664673505,0.021231603266492982,-0.015681406632547912,-0.007419973223275811,0.0035655505801903686,-0.0023023900904961536,0.01633266248239096,0.037169533635777796,0.00011322471242891652,-0.005420757499769557,-0.020646641335442695,0.0034580628699076854,-0.0025684522087727757,-0.002911363899510633,-0.018425099344614004,-0.00732503183192712,-0.0060621750126141905,0.0067830344715407165,0.0014069815088797455,0.006206305109450305,-0.0021927285069258673,0.00010981656568631593,0.009919222322827714,-0.006313114497431549,0.0029290776557138187,-0.015179398345251727,-0.0007676705952253116,-0.006972748261867778,-0.007532940851972647,-0.007648349092063356,0.0027587665090367253,0.010228877154409233,0.0019027950477683575,-0.02931879716421193,0.007280785436286408,-0.002174614454855117,-0.003240494774012781,-0.04150363900843068,0.004071798190694587,-0.012235526153370202,0.006729544397829912,-0.0016449714701938234,-0.006300993496817675,-0.0020105735071442865,0.0013939347657059287,-0.002204786423940952,-0.010412359981899044,-0.0025866781144427975,0.0008832539742726908,0.0030799405696568805,0.013502170712096806,-0.00595694635319699,0.007035505751063376,0.004702961350885992,0.015712028072186968,-0.029803552059874505,-0.0030444499181525586,0.02757300518320882,-0.019440756482711485,0.009164380190190613,0.009914062432934578,-0.01136231374338692,-0.002239320098969877,0.01029816898074376,-0.007149309225205958,-0.002894692162418444,0.022276329931809613,5.771087576000866e-05,-0.037792720242517674,-0.0013453286349252025,-0.004119171642411601,0.008287810712803712,0.002535166456849147,0.0013892211725119452,-0.009384120305889532,0.011903894202847098
2025-08-12,0.010865007285746131,-0.0007690382730007883,0.02781565995600932,-0.0030361363335140723,0.015484980863603504,0.033872099225573216,-0.013653676186196506,-0.006193752730951907,-0.0008690904964225865,-0.006050750641256819,0.006203607387853971,-0.01551119397619427,0.02122755411028887,0.012445704134840696,-0.0004628352592792595,-0.007655612519525512,0.0003825421749716895,0.023818975357212224,-0.011379724367710509,0.018920948937315885,0.014583719201598733,0.01792727880246847,0.025873256165986902,0.02259492183118539,-0.010251381679669436,0.02691333723388034,0.02768687193377639,0.0015331083852840877,0.01673007513960023,0.026553066918275192,0.01487445509755414,-0.0013277049307562905,0.020788027559410338,0.03452589236743542,0.00858411841914819,0.011253672173559437,0.019522480693592748,0.012338359295521961,0.006480094291855032,0.02217915113094726,-0.0360148396681792,0.02639844082621856,0.03865117594451384,0.011505992852307578,-0.006624664493536159,0.0026159320169645284,0.014645902559633939,-0.002779301697697356,0.02030789840191094,0.009018991966074807,0.01596370965245475,-0.0030932062520534487,0.008145236734702799,0.006207216811604965,0.029232157770705314,-0.002755021198418639,0.021937267205696998,0.03011118177330907,0.009485854913264369,0.002696390691816042,-0.009388585340186495,0.01060194267456449,0.007648613563764783,0.0064389292159638956,0.010359514767641187,0.006459060916987891,0.014414507181978564,0.01377018854447476,0.004133657472185526,0.05209389652295471,-0.004517252350843215,0.013151296781293453,0.005899643867733673,-0.004770557503099404,0.009270283497902376,0.0016903176619758042,0.011245579805819972,0.010299544672573546,0.031177050454871846,0.01754122793070234,0.021393994102560043,0.028432574950406853,0.002291697044794816,0.0026906379008018178,0.019681199633924784,-0.007251747407546638,-0.018121843385168646,0.0535693745093484,0.009012988428873214,0.014510785369783896,0.013612498582155297,-0.006978937242377192,0.00992903878810747,0.03900913673177264,0.02527043053696687,-0.012449635607007625,-0.0009472409343898036,0.005512882080796366,0.007351664169052974,0.01232723821731252,0.020567527547092013,0.029066877401574764,0.0004895478099644635,0.026935381303013095,-0.009239935871152127,-0.021736669639672357,0.008120078387997332,-0.003222886841871997,-0.007589602903381731,0.029705160376149564,0.005847448043483361,0.015645707087425187,0.00427746768341386,0.0036009649158001977,0.0016799185138784978,0.004161296015791294,0.022112020078091987,0.012430021634237676,0.0218764494350161,0.029401559491263995,-0.00861585845167756,-0.00295399467408064,0.002009653577576209,0.0036729510441446678,0.011544412184382402,-0.0004484747474027273,-0.003192515212251834,-0.0014874388994110532,0.0034707815679437815,0.0009792302099240757,-0.017846086742149048,0.041677641670565535,0.013862551180064742,0.002953604427470502,0.0010983762316119083,-0.0072212302074348145,0.02776591435286946,0.007065664147388517,-0.011740127721673765,0.013644627688853106,0.016947270242861023,0.013993591061641553,0.038172329597897736,-0.0147180743045352,0.03039126629644251,0.020699895857204886,-0.01530337775916557,0.0026602849709611576,0.018504734565667924,0.02098649996526092,0.009221200078515679,0.17172143635895587,0.009731547387060502,0.004537790630028127,0.014629863309345126,-0.007213608209471367,0.023801241881982627,0.0052788856706653675,0.014152383980888139,-0.0003331939166733022,0.0107588155025522,0.002635025506833699,0.00018537109398675256,0.02680884545888107,0.006675459137762907,0.033051652277216625,0.01356673175279699,-0.026390364931538457,-0.0019883435489989054,0.004840429563581772,0.04866144725212429,0.01045574409241734,0.039838289898081136,-0.003516953641940823,0.01481604387839397,0.05078843169919178,0.026352808053567767,0.0039773614234555055,0.035826430444987345,0.0009825513817522946,0.00492306269645848,-0.016402343845017597,0.023293241739883896,-0.017755207557754282,-0.005577554605060264,-0.003524291747245556,0.002570446178991048,0.005654431265141646
2025-08-13,0.01594868262047644,0.01337735337694479,0.024108306923911194,-0.012886226352535779,0.03792864727797696,0.02272599773363826,0.01750357196053276,0.013372490194495157,0.009171508993313537,0.020468972317279288,0.015428300670890849,0.0022186043845877634,0.007742910557325011,0.04978210967725438,0.015071705318340456,-0.002845330759422282,0.013470432916636632,-0.025203470950810214,0.0196706880493549,0.01729201553921378,-0.022048259507900347,-0.02493859163179124,-0.015115427707520723,0.011304119265655999,0.007635415568650217,0.0011700472758322533,-0.006417939119008675,-0.018297708089363596,-0.0037411354801282215,-0.0007843489946628424,0.0290101374906655,-0.001621481697657856,0.01587873179249577,-0.013408042125721664,0.0008247394275997522,-0.014390020007256865,-0.0344568310939346,0.02339732427885899,0.016336112188744423,0.02628117848727074,-0.007993344594881435,0.018300484064066147,-0.00015522732814421403,0.01378203547227752,0.005236905671351266,-0.012507837382512044,0.009461516294638983,0.024529882792863944,-0.00990736477489218,-0.014801902222191465,0.006587696674140275,0.007439859956957839,0.0044172704400819995,0.0089928423935417,-0.04143860066798144,0.01456403608016199,-0.019589380317179383,0.017199661549486045,0.024497082934614944,-0.004583552574882077,0.009243233740916956,0.01791799331465338,0.008498467613980765,0.014266523483950522,0.01269152817958652,0.012739345320424977,-0.003327366221230754,0.006189922445122065,0.018155885952380046,0.01201576099021473,0.0094296742162987,-0.04209453920781492,-0.04012880077779979,-2.872841545720206e-05,-0.0026619953278563813,0.024797660399377808,-0.006774385784621195,-0.008084734782260128,-7.464516591593195e-05,-0.0012158776551807193,0.027614116385515253,0.014354634708750424,0.01220951843173701,-0.025888898227563573,-0.06516132210554826,0.021568395698365883,-0.008120820949772067,0.017540317299197028,-0.0038824469448917043,0.009825644725320437,0.025654867392828073,0.008469431252159154,-0.009322752789960198,0.0012325887159017057,0.012600841296043441,0.011502722222240802,-0.0039236402233218115,0.004530866179400128,0.033150504653270296,0.02516230634302019,0.04559196320026171,0.011188550971083622,0.0059194483800659725,0.017554013769845334,0.011043797107297415,0.005220727587368579,0.009372782173271865,0.012489747493432901,0.008526041142230767,-0.013951763828592867,0.024528103801571,0.014201386875472899,0.0003545930558725985,-0.009319263440814574,0.014738969327941831,0.030364071127579884,0.0018743145504913628,-0.0182835208318064,-0.0022629004877865455,-0.030271413368903488,0.0056653624288838245,-0.009206894190891823,-0.018628216297725153,-0.019186431894262057,0.029971273259067566,0.000805653064483991,0.011745197465106827,0.011655726556596413,-0.011161816897240051,-0.04255717412514848,0.006131354723736493,0.007873375634965818,0.01689622290814352,0.02058834258897546,0.002450052516490331,0.025310695054621135,0.012147410488616117,0.013157212483869252,-0.017854478545857866,0.01070858610317682,-0.03236038848267686,0.039201610355146244,0.018417097224853407,-0.026879133112646336,-0.0017113502919254842,0.010395649655508876,-0.0038156901678307875,-0.00037318081920023616,0.009530770326118265,0.011711072810459022,-0.03349303950058058,0.0002540024354100723,0.029432712517506232,0.017532539071035025,-0.012579644006197377,0.00805237699916983,0.019477301172528882,0.005851185979182105,0.0011326129720146128,0.006020405021311959,-0.004064125358849147,0.008693986721448166,0.010023999068671685,0.017645467252054736,0.004534470618978048,0.016424897928012605,-0.005766547177695536,-0.003951069998510803,0.019403115867103082,-0.004776833495474975,0.0011420217303346192,-0.012020182126220469,0.04243375321635057,0.020180754695084957,0.01046478317315902,0.016364455763169694,0.017746868871319155,0.016828221664833443,0.021698896317699834,0.009942379727285733,0.03938337988632146,-0.012021704693217394,-0.020981665735597232,-0.0135340681695304,0.0013326773247541723,-0.02624589599957261,0.013495690127615312,0.018304309998187662
2025-08-14,-0.0023087051059347274,0.015038195728204862,0.000942559740347626,-0.0013722710421513185,-0.005857686795136985,-0.007072799685198028,-0.010876934338698518,-0.01201523099798596,-0.0029924725444780975,-0.0038725994529027474,-0.005509503797913595,0.019544034972168056,-0.010070508477773465,-0.021928466172645322,0.003235671959039621,-0.003931194261635795,0.027802844386705772,-0.013146261480149413,-0.012081272324554249,-0.006599307521634401,0.004428008154336638,-0.0012898423111495916,0.003811849195733963,0.002104069966101463,-0.012211412077109074,-0.002863448226067433,0.008970748221485358,0.012277272844924525,0.0054971580618321525,-0.0010345138926499686,0.0006297637996715011,0.015712817864032225,-0.011606528240603708,0.006563638298162644,0.0075722085023617325,-0.002184119794648609,-0.005954524872763045,0.01128997566239942,-0.019426401044490227,-0.0007653686623125822,0.001979952604292734,-0.005837957825748141,0.017503641872556486,-0.002165186457187218,0.011795519209813143,-0.003460439260524417,-0.007126896903025592,-0.013947569873604238,-0.01837093415976465,-0.016725887021642016,0.006810652787683225,-0.01729841316200531,0.010997929804589468,-0.004789095758255257,-0.029352637882252175,-0.07048497039832213,-0.0037958030318323566,0.00586250143942646,-0.003689177951563316,-0.014597139942745585,-0.012271199645767616,-0.007326979595123184,0.005244205873049523,-0.0057127854363692165,0.0030705169450779835,0.005712034507693087,-0.010170376379662116,-0.005853298236390803,0.005831949695976668,-0.02545370232704869,-0.006802262769080691,0.000301711562689988,-0.018667171144733707,-0.010394418949692508,-0.0022056951644691125,0.01391709005843822,0.0026595291352373707,0.0035656411463049764,0.0015295768100545004,0.006536636965559062,-0.017218017028711508,-0.009953284683953179,-0.007324965598519917,-0.007555688488252166,0.004757809105991662,-0.013162343924971509,0.006160186844718751,0.07012680865752463,-0.002903194245301499,-0.009822052091736033,-0.018499050524476424,0.000740893083470695,0.011047903222793032,-0.009800063662691372,0.004025672355732368,-0.000846090152728074,-0.01338091288913823,0.0036683243916035835,0.03635021025253504,-0.011963235147631757,-0.01302469186670141,0.0033940886304417717,0.009550686363640537,-0.011737398203125693,0.012375197904381352,0.014859775790308838,-5.8695267229680326e-05,-0.012265149773750927,-0.010507609428877629,0.0013089967580075523,-0.010688709939359775,-0.02298542087835731,-0.0007387690127282909,-0.0007999705802488322,0.0020478743902012653,0.0013975578588931725,0.0037513665769832727,0.001858003690669463,-0.01857615876551133,0.005521699676315883,-0.0012691308878940433,-0.004992336439507916,-0.023805556576895093,0.01942284344173828,-0.010821863103775975,0.0013830283381475184,-0.014268219136167382,0.0011391380294814013,-0.00018781351736407714,-0.0004905637957648423,-0.01237148152023515,-0.019308744529801913,-0.004748454447254247,-0.0018794582569801044,-0.010415063503240063,0.007359092513065768,-0.0232469823030943,-0.00313063956702031,-0.0052742675236654435,0.005456304373396392,-0.008730955913097915,-0.01704323021855103,0.009517662542545935,-0.01732198795089257,-0.006376821725216253,0.009292149269581884,-0.001415955485147613,-0.0058413511448174305,-0.011070277264217943,-0.020006541475846795,0.021074244979419454,-0.0065710675692249865,-0.008996794828083132,-0.01206705221651827,-0.00453839625068575,-0.007092349716521618,-0.002561948331455177,0.002361319188614708,-0.004593833316368645,-0.0013091980394257519,0.010997400390760692,-0.002577998288208594,-0.009846208339173934,0.002750304144631066,-0.006212585791250724,0.0016001736798951782,-0.0021572846772492937,-0.011916309141312809,-0.003378752136307561,-0.011744223096305184,0.001655839171357698,0.004095533799249651,0.0028545471170318137,-0.007105334568673349,0.00611016108726492,-0.013747170774235151,0.0042695365657494655,0.008267708185497824,-0.013397517869117692,-0.005453236462983568,-0.004495125924994348,-0.00848547799477739,0.01855300780830138,-0.016671733567924285,-0.009424976456808842,-0.0019242283363798407,-0.0023068695869605804,0.004693008533490861
2025-08-15,-0.005074018973426853,0.009003299913460161,0.003904076775355314,0.018481014557711006,0.019087708875833442,-0.02065910378206315,0.00026881692768654375,0.009855768520803387,-0.008518328761478955,0.0006781415994794315,-0.0021206446082784325,0.01007475154558346,-0.15221045272286027,-0.02212726286842237,0.020988556211545273,0.012443255806477538,-0.00016888387577207453,0.003992075140599738,0.002115937524365563,-0.00551133490098632,-0.017735901163524304,-0.00858447342462565,-0.01892462873166867,-0.008065724483040881,0.00234438408686799,0.006745805160957019,-0.017200084097845014,-0.02475464812542416,-0.006816913568561844,-0.02306322936841454,0.014557056219541842,-0.009710652908681006,-0.01823475694641985,-0.02067361186014338,-0.025103364544222906,0.001136405273886254,-0.0138865249510145,0.022207010324994947,0.005290814466145655,0.017028530508897965,-0.003706903111162063,-0.014288870581355972,-0.024432911638863075,-0.0031146607088485823,-0.006387665537653575,-0.003359895589077233,-0.008926612033631987,0.039743053916691196,0.005702554321304731,-0.04674202186194609,-0.0014703258103363481,-0.0204779062041327,0.02611947796860825,0.008694886997521856,-0.00013882145420662795,0.020063219481190053,-0.005967030627972214,0.004083475814143256,-0.008797178018813412,0.003583724362989038,-0.006735335419535637,0.002290087834804666,0.04860598502113689,-0.016788983787956013,-0.006305121157749838,-0.013188311891456639,0.008530033220994326,-0.007631852908764447,0.018710345076208057,0.024908153261175237,-0.008422283881625248,-0.009701015522681544,-0.009701233005611876,-0.006504311852751243,-0.007387987455739875,-0.0030347206565131124,0.004109453245332517,0.003444291614132844,-0.024137838165767533,0.0038215522122513335,-0.002577828810141014,-0.010413027898207083,-0.0016751426708818684,-0.03026647626867085,-0.011581005968666958,0.0101915136251165,-0.008950545451500425,0.027831759000185752,0.00714854034052248,0.007807269303136799,-0.015041310471101355,0.009951387279520496,-0.013923770524600698,-0.02648104751876712,-0.09018551251430473,-0.006827927764303965,0.004923821176381793,0.0045885876480706855,0.027189289951267348,0.0005188154760800145,-0.004066186885509637,-0.0786995552513563,-0.004073582647254881,-0.0050662233237765975,-0.00032795572501775894,-0.00221526901951119,-0.00798466462714753,0.009579820083311041,0.010795728699982021,0.0026403201324258774,0.001710670644469836,-0.028147358021281654,0.005312424284054096,0.0025473489956642226,-0.0014705636312921655,0.018161949240639963,-0.027785174054330675,-0.0062160592917246404,-0.0029585008402097657,-0.038568168093648936,0.04250705073028982,0.008511317609702473,0.02417058897660329,0.004763097027686847,0.007289697970310094,-0.0010019214016745437,0.01931463016702306,-0.00744944755059862,-0.011215883946555927,0.009782305733704533,-0.000808545587395848,0.019776255525949082,0.012057191755185492,0.0013038099389466318,0.004413506175304782,-0.014937223382678333,-0.021926066167663016,0.007043006690392595,0.003961018602976374,-0.017681089636753633,0.0064414311149603165,-0.0013511971205488749,-0.001535088488510361,-0.07089546943244862,0.0024726478944296915,0.02664551674045068,0.0010341396122370838,-0.0037970146058263765,-0.019320653853581504,-0.000842449234522924,-0.018804257000330615,0.015775102537834762,-0.0011610493806468725,0.01921014820644551,0.0015523810871060917,-0.0020173095811468755,0.006068548781233751,-0.014132376029018623,-0.008419859145162967,0.008742349368272784,0.0029140605994690816,-0.0012829966708052254,-0.018376695731821435,-0.012230184922261245,-0.003259467265114502,0.00923637753458273,0.017069224436538022,0.02016096191957306,-0.011971152411913266,-0.015556282714647374,0.0039149577794237445,0.010883316337228166,0.11716772227513594,-0.0029859108642416032,0.0011322003237523859,-0.015851634216343946,-0.019844992634455938,-0.003234986441428056,0.007258540530888702,0.016231220659442602,0.01928976771696167,0.004935799941637953,-0.03029492019586577,0.002688343750442357,0.001693463581709409,-0.006668140005863243,0.0006793433324574494,0.007470844733981963
2025-08-18,-0.0029758483156507864,-0.0013497841684495526,0.003332900548796758,-0.011741524911644596,0.007972862584975537,-0.0014245994125001715,0.0027496667831830024,0.00954052433411956,-0.012365501853288663,0.003518333342115376,0.0063301242250961565,0.013788894880552682,0.010276478992177651,-0.010681228633812268,-0.013148302349099694,-0.015157981528954423,0.0016037902216234912,0.0033769071702742792,-0.004162604302937467,-0.007660647207826443,0.012974547794018854,0.004292969304199978,-0.004983105183496761,0.00446459355992701,0.006948576922834349,-0.014280067756100578,0.01973351949403046,0.005546087526764332,0.012902756766695944,-0.00016916551529533308,-0.0037084195743788406,-0.0014203243288060108,-0.014644777669078124,0.0036831878461907053,0.010251955558637782,0.01643133989080603,0.0012682936663575006,0.004939556355608055,-0.009225725864961731,-0.00014860001731964445,-0.013760253764588448,0.005404874457665798,0.0023058907196684686,-0.0055975797128065,-0.009749261339370818,0.0075726264553965805,0.027216560219593955,0.007905016257232056,-0.005079654167601255,0.01028810216020748,-0.009772032682987764,-0.011081837534182348,0.021110102436432854,-0.00811162747313876,0.01890427005947526,0.004231820315760082,-0.002866695253982421,-0.008432421870957718,0.009146799218844315,-0.01182709247665592,-0.008787450905118455,-0.003415511157993656,0.0010456521642687733,-0.00042805291889624897,-0.01024997536089245,-0.005354525761543272,-0.014137783128822967,0.006239668093861894,0.006007628921865127,0.021758295438193187,-0.0019425097371303934,-0.000580311059885652,0.0006753630115472475,-0.004243629882030753,-0.0012881005846550053,-0.0025048989793825527,-0.0042544226821989994,-0.0032386069217071878,-0.0015067991463437735,-0.007097904251199161,-0.012014396216675216,0.004578285456857678,-0.0020004036716754214,0.007492362517869111,0.0032066958919738653,-0.001882860113630258,-0.01897109804647279,-0.03841710971631018,-0.0007430526812619576,0.0032853631445775022,0.0019744000722736743,-0.0031880147340190845,0.0022047247683882887,-0.007880144482350637,0.009584998667187428,-0.01673699959069319,-0.01174460686768608,-0.003803459921334351,-0.0037994625641957214,0.0069846184444335435,-0.0047987556831108336,-0.008935163524574463,0.0036474615582271497,0.004000215944546248,-0.0010077389916203217,-0.0038392754226030945,-0.014540994297969512,-0.004331030540582148,-0.0027075629701114323,-0.024323016588967405,0.0027694725233438078,0.002502940200134418,-0.009594851519859837,0.001016375402985048,0.0004371779846232826,0.0009119247075366488,-0.0002750366251778047,-0.007704533441103223,0.0017498638209492157,0.01927758962619297,0.0036635398237905292,-0.008596030829728818,0.0035005455128276353,0.00291184417472401,0.005684233104483738,5.8578042120061014e-05,0.028452933354754073,-0.0045894206664298665,0.00605479748369131,-0.0005029504411835362,-0.0026809232322433374,-0.005624671519250057,-0.005516072348221712,-0.002678466265331192,0.009160833261580237,7.830617058246503e-05,0.007436779452168807,-0.01077113992044687,0.0008739373687447483,0.0032862383226177627,0.004307550919046221,0.0051371291373785155,0.006613782971145454,0.016579372333378473,0.03731776513212637,-0.00829297843578125,-0.002232565177190615,0.007321743366831335,0.02207987701762093,-0.00082695629267171,-0.0009535203379922308,-0.0028989354220145813,-0.015466425696698316,-0.0062383573815525395,0.010977558812056643,-0.0058987375150652,-0.004405435952942405,-0.009922709662694373,-0.003408961757909168,-0.0009596863064906813,0.0004791878705421304,0.004344241931375947,0.0009969831263685336,-0.0023971698293219212,0.002538076761194219,-0.001925911696098126,0.0021154225128174886,0.008871788413308934,-0.003264596878428172,0.013335738913715645,-0.0017491057580993896,0.012632590538260047,0.018661314886713853,-0.0028153782185809106,-0.0018843418471146123,0.0035450598897117658,0.0034719271749477087,-0.005313216177010638,-0.006537083890068018,0.0027475945196751006,0.02583108541396051,-0.004357772975891905,0.003626446582490672,-0.01180000504736256,-0.016891525392544793,0.006438560049315534,0.001897372583988144,-0.01104890535717562
2025-08-19,-0.00137901767102111,-0.002610270277297211,0.004276098577659759,0.007050144240190015,0.011813503789460889,-0.005884433998698313,0.009996747668907346,-0.0020082243369268227,0.016770880551941758,0.010546555012413528,0.02196465844544182,-0.0007060780721737103,-0.008649411026962817,-0.058916991084024595,0.009886126151537944,0.016634569950192635,-0.015532578850080192,-0.040848042916656446,0.020608441919828913,0.007551441825709659,-0.013595379633048132,-0.016083512010549583,-0.03921826942696782,-0.00379323704707879,0.02049107909846093,-0.03449454150677411,0.002404244292876001,-0.008262176080613415,0.008126073486465657,-0.007902788209426248,0.004573897042620345,0.006513256244733867,-0.012032679104422073,-0.007065299695726779,0.006754848102096922,-0.02826495787998251,-0.018908050017377498,0.012657775814707506,0.019035722972367886,0.01411582290374147,0.0031224651607386633,-0.00026278817535629884,-0.008596788969465585,-0.002320004800295372,0.0136263579329432,0.0016110496915766603,-0.0066932458007316065,0.009900192513191186,-0.01974860324683725,-0.0038193458631452515,0.013974274267245512,0.009439555477468886,0.009818154934711387,-0.010760158368483097,-0.02221232481649249,-0.003970613250563915,-0.023221543084819274,0.01585890518178168,-0.003261279640819126,0.00884999360005434,0.018251100833889033,0.011959897691611765,0.010480342463224268,-0.0028573909703402123,-0.0030930503596522385,0.002607124247614667,0.005836421823595117,0.0010325539886548718,0.01822380509631305,-0.032504086827155554,0.007360933236022049,-0.012249609949454232,-0.0399639506928926,-0.0011128949685277334,-0.017890220115197586,0.013569764536411011,-0.01007408924078046,-0.010804298779647503,-0.015028074688209436,0.021180977976508863,0.030951510658109527,0.008828566871037502,0.0012778440238410127,-0.009631438131127545,-0.02150871678492816,0.006857614246599475,0.0010368249186170075,0.06632982107189322,-0.024216675785202035,-0.0031673578963093973,0.017779104469574314,0.007778264768653287,-0.004357749321216353,-0.016323601326808657,-0.010509788904434991,0.006358779625370126,0.01398006610050917,0.002414501142232517,0.008110645428367924,0.001013643444289336,0.021421914907212347,0.011973955083429466,0.0018040853638714438,0.0019621724590574985,0.006934608868869319,0.0074142514870612075,0.005021308173428274,0.012715367604396732,-0.032303975939701246,-0.022239875384149954,0.01632069906955458,0.009059084647819127,-0.0035473405205896924,0.007037487375225027,0.008863735099503778,0.009188145083122379,-0.006227693434477821,-0.016061635070686364,-0.0018094065205271903,-0.014867885353750054,0.009940040106346082,-0.027583084693222126,-0.0331244589342754,-0.027195361242557503,-0.007402788365045154,0.000994876824886859,-0.005678793198407028,0.019107920823055125,-0.03817818324456024,-0.06344674827221741,0.015134292625034185,0.029720694772788825,0.017453290529882537,0.010032505585297447,0.017452728046779775,0.014586108546819965,0.00977286138808875,0.04929997442295431,0.011350974515202061,0.004515859661712085,-0.01288389576806015,-0.006114284279293614,-0.016833633010084448,-0.01944019840204536,0.0071595794742069785,-0.0022662710365999317,0.009717806414530905,-0.013690453285552628,-0.016657967574912114,-0.018077934845136312,-0.005849974526737967,0.008264904476648738,0.02486948417937196,-0.030717209552404867,-0.021216480412140193,0.013480088451878203,0.013113312901003482,0.005399120613530428,0.019839387111814766,0.021419994261250075,0.0008213214874954744,0.00475552444340277,0.004850780091883777,-0.0037586065932595503,0.010881657009065293,0.022894634615759024,0.011800581034413504,0.014519401672532517,0.014061111205906585,-0.01809261493011949,0.007735969111758223,0.011997305952510473,-0.009840115317587994,0.016987885005728565,0.01672452251735379,-0.00036719959685882486,0.0017269513527291558,-0.0011247137078740366,0.0031536175624466978,0.011676731032273846,-0.008251235871441942,0.005771696302137919,0.0003876625992713656,0.018728199218972286,0.00048705982424923633,0.0053049569285477105,0.006277555056959372,0.022388845441582816
2025-08-20,-0.019880691358515,0.013484504355634641,-0.008067979461380048,0.008581316174431919,-0.020015381512214603,0.05965772192281982,0.010672885702842194,-0.0027028589952440285,0.0070891087176248035,0.014764345337934692,0.005733989414088647,-0.0037220932327572953,-0.008403851504700022,-0.011072184484217651,0.002963530013835758,0.013151503352950122,-0.018977339447799224,-0.011913123525597591,0.003368815176230555,0.007739452331848362,-0.015990160645971585,-0.012146975262180781,-0.015850844926433183,0.006791329494122422,0.005808124232503431,0.0006598696884339006,0.004670592302442156,-7.3483447244449e-05,0.008681084345488088,-0.0011554389219687877,-0.00019028889354233414,0.021669984761210515,-0.01756234212812746,-0.008056984031202141,0.009185650709798487,-0.005742101800911392,-0.01119219085987222,0.008143304861582656,0.002668392857771984,-0.017413375480419102,0.010563175599985541,-0.015585961390940817,-0.0008426807132781988,0.012216386346450392,0.02873739462094882,0.013971494316470157,-0.0025440193497114905,0.003441602049196746,-6.651342224905932e-05,0.004251356348796698,-0.015263661266998518,0.0008412158367026024,-0.0036341745027197447,0.007770480583119799,-0.0208887013586585,0.006155534039928412,-0.05276340090632026,-0.0030654112456476312,0.005744849242948824,-0.007971047433487755,0.004969676374712684,0.005619472492297994,-0.004577305224995776,-0.006368920968645497,0.009221229109315665,0.0032356319176298776,0.010632579806085118,-0.0006974767994467612,0.00946930599264384,0.020393532279181947,0.0018158749777281713,-0.0009018441221320117,-0.0018951824217987578,0.005308776041968777,-0.0012705706173976594,-0.006178520943279864,-0.012647671239093938,-0.01250014546296363,-0.002806158746247789,0.016828896268264337,-0.013726344977182947,-0.007468980126986047,0.0009067898733370328,-0.0027310565621130323,-0.0011912846919139852,0.00449387710158522,0.016037737865692847,-0.07358229301526986,-0.004084027245534472,0.0037689064694932384,-0.007566625224458612,0.004854566083812628,0.004052132269119824,-0.006468997040878222,0.0004898516720848178,0.006317240214725128,0.007713092451316683,0.004543405435745385,0.003911941985471401,0.011017537136599032,0.0028918425291797334,-0.014414815073094722,0.011632875031774681,-0.012245946175940325,0.006627983756128941,0.036661366131141904,0.005322037807491853,0.007648697872176591,0.03581687288546842,-0.006331407599095229,0.001974985956004538,0.002076678509737029,0.004713667363881235,0.013645150673437634,0.012679784517550807,-0.002390952982831429,-0.000964747560827206,-0.009761556723956843,0.0035904852922765684,-0.0431163812971338,-0.004761436760890803,0.019933560300951392,-0.020727457288410633,-0.002270647463197939,-0.00837139001679521,0.009293012298164705,0.004151870809074865,-0.0013398890026445898,-0.0039204194943964765,-0.0018062430492182813,0.007877014289245032,0.015267742017267771,-0.009290987976230625,0.002476685562798231,0.007372006146773025,0.008427215197676752,-0.002769747653924348,-0.005173982905295915,0.022297233354966473,0.009786031042821719,-0.011267036992165025,-0.013334339509418314,-0.005213461979158396,-0.0036460530860393803,-0.00567922010208477,0.03453043936676803,0.005136542044972714,0.017101358372975994,-0.014846513531029615,-0.006783966486799464,-0.004191695432051112,-0.005691769669732949,-0.0022954370051149198,0.009192091268218405,-0.020170245063090064,0.007189501330747028,-0.0045395942535453315,0.004253239941001574,-0.0034793154018295525,0.0047635228120359585,0.009047542852494317,0.003877355764519752,0.0024985007468600884,0.004372929622437738,0.02597812500315122,-0.005923748280607377,0.003012722430608683,0.004079099938704367,0.01958370485124661,-0.017048864832390542,0.023836705934147773,-0.018981618137732248,-0.010535337861476535,0.008859650038402833,-0.007920271036459425,-0.01726910382729141,0.0038792886643630453,0.004034101550943525,0.010069618565136551,0.002029437459497796,-0.009385931479784837,0.013341161579005778,0.007319325738961879,0.006491426185092131,0.011027566947870326,0.012020816318371708,0.010020104063251267,0.007611670966249484
2025-08-21,-0.0048720917948479325,0.0009030455189851239,0.011915367698071222,-0.0037724284704641065,0.0012602472768659112,0.007379277036540621,-0.01341925770140584,-0.009535744876357555,-0.004397104343163427,0.0026027749001880096,0.009246618290409181,0.016172912464427647,-0.0047269411168020525,-0.011993675871706522,-0.002407283413529804,0.0005514774971269176,-0.008730691814819558,0.0022522548303598455,0.0037059327467465764,0.004284339440072671,-0.002351849442598919,-0.009248210151812764,-0.008494635611918433,-0.0014404786567192573,-0.008603726268107792,-0.00724647367787945,-0.0027923701016279168,0.003466982620373038,0.011259431108431528,-0.004439567731111538,0.004982384683520635,-0.008208931584259282,-0.0068439657176657676,-0.008202496705293605,-0.00801137674283936,0.0045070151841963835,-0.007003920391286833,-0.011923263213572177,0.0030106697581695485,0.009718393013703697,-0.005572063831844609,-0.0063485809608065935,-0.013916798551425025,-0.000923434490374575,-0.0027940731245914563,-0.02526383696883716,-0.02392972649547076,-0.0009048997640324075,-0.01369299905436172,-0.0023195299438683037,-0.003984558200871735,-0.003408774636879386,0.007058245753868597,0.014868783064502011,0.003162897241860918,-0.012693544636340093,-0.006853321640309495,-0.03541059238849975,-0.007972769989452289,-0.009918379362560792,-0.0034047971318393877,-0.009219282323853939,0.0005624400996078194,-0.007166009894054248,0.001662139664059481,0.003225498366233648,-0.0043971853231106195,0.007929277855108552,0.003663289122201263,-0.022525397417415327,-0.0045885191587116125,0.00566569978709186,-0.00198353323282241,-0.02308378413240586,0.001969138542569304,-0.005673555879084358,0.0009214979000642387,0.0008799444705456239,-0.008420035703560202,-0.016137848855454884,-0.010334056418560778,-0.003345691952812757,0.0016415984104574122,0.0046263212687946975,-0.001831996544208181,-0.013828010640052568,-0.012299272136472084,-0.0027845998578612807,-0.0033887215734935694,-0.02108204816973913,-0.00416591664424093,-0.0004745799734218181,-0.0040073243291383065,-0.002072573491209262,-0.009111404570086634,0.00926369588996323,-0.0009476409232265226,-0.003954325345758569,0.006935487128225226,0.002657130438149302,-0.0059576242020424885,-0.010075224948347561,-0.001821536074424479,-0.0022357899189460184,0.00018393380559622585,0.00327186842523286,-0.01112210166909211,-0.004105141819181313,-0.023452033147196794,-0.012910760755580952,0.00017471598165119673,-0.0029702604485022377,-0.00198381778924972,-8.444908258731232e-05,-0.0069146992346240665,0.017427048753628327,-0.001866867956982432,-0.0030733487363807654,0.0005105524994997168,-0.014841689581296613,-0.0017523895260040945,0.01184883495509137,-0.005968186034471579,-0.008353921335090497,-0.0013239011445875803,0.006437524939583383,-0.014783099213846462,-0.005200991872021277,-0.004950438276093649,-0.01179570966789445,-0.01212738294011384,-0.00645269021115169,-0.011526615092125603,0.014194579978179522,-0.004513112442142031,-0.0145507191808667,-0.014517070438142987,-0.016303149827071373,0.00785319579136079,-0.00571652962057545,0.0039442401731273335,-0.007002327032868294,-0.008479288461666457,-0.0366215541726822,-0.015301750114898205,0.013477235425993328,-0.00326883246593912,-0.0035128733333849027,-0.009776944882782246,-0.0006112820682755427,0.0016628493736874361,0.0019573662901297695,-0.009065635699441188,-0.0026262993152386116,-0.0058954660948247195,-0.004013286939791527,-0.004269880919022917,-0.008699763957310758,-0.01598256902694306,-0.018302344480730426,0.0041984286988290265,-0.0059941204582414365,-0.007083822305500753,-0.007604073083876006,-0.006285969462692442,-0.02150016816260436,-0.003329401027719392,0.0012790877575268311,0.0011908354990719516,-0.012254289581032474,-0.0008137570776627356,0.003159979588121864,0.01567081336320797,-0.0013249245519384445,-0.007205192772838487,-0.015230274871061766,-0.005624151622019458,-0.0009763077420217314,0.008729161818549436,-0.0013033099029531314,0.001069109588699213,0.004361589019864276,-0.005004769011499377,-0.0020533767755601673,0.009688183073457424,-0.04652327870684658,0.006168942749785522,-0.0067288924460644495
2025-08-22,0.012687815746565967,0.004467849896660603,0.027450313307345375,0.004015187173994406,0.025467611669943047,0.019957418564902518,0.009726652690239312,0.013880472040126435,0.006968119312841026,0.0024112664800215455,-0.007029427638024721,-0.03235995626282584,0.01583685344130714,0.02150429883757532,0.0010811693094723296,0.009653416600146514,0.030185593245651177,0.007199695378938387,-0.00013707171710120036,0.019859312187542777,0.0012185588142656911,0.00204432909898955,0.011991061722494756,0.03434647522680123,-0.005409889414591973,0.022811468635071108,0.024036237140249384,0.005685442361950344,0.0005281750674051011,0.01946197189725396,-0.009120504620570458,0.008826655745481027,0.04172759626763689,0.026471143023216293,0.04009555461636527,0.0042982225972929555,-0.00919106796699598,0.011267567608471474,-0.0036069408608163656,0.016686151532657956,-0.014864146920790411,0.024516746491133112,0.04126231225953081,0.0211183884445294,-0.03696348686804107,-0.011474284468381946,0.016409514269893677,0.011571091818914248,0.014125177993677518,0.003488823153644738,-0.03727047004780637,-0.002953047600254166,-0.0033399018953446102,0.01654259591059848,0.006291040134968284,0.0182609258304538,0.021492482369588117,0.03872458999753192,0.02169157310133052,0.019329994697378616,0.0009400924041953473,0.0016230156215808478,0.024053516275555076,0.02686027600099461,0.022097479056817804,0.00918937511160367,0.019222263974257636,0.0033156633856306073,0.0010891990285690767,0.029893782709060623,0.00809164889185432,-0.01096380452064949,-0.0025489339902078356,-0.012894440230845738,0.010960359491036797,0.03130126803701305,0.02872862543975252,0.029971415101139876,0.03375532356016553,0.00015461902150981643,0.03701406005835661,0.029691945235322592,0.02428602474509045,-0.01603581356020012,-0.0031132507578064406,0.010417926677122047,0.007186208922870918,0.05275932097370095,-0.05301186156116522,0.014440375162025454,0.03144849837777919,0.0010322456658213852,0.014863678114465984,0.02785203802003977,-0.004621930163914101,-0.0045857107422855314,-0.007910807333145087,0.0014672917208828906,0.003362672889367424,-0.0022684646134774056,0.030970447011083202,0.014243581280862117,0.011284954153268245,0.04310764111524623,0.002447039171257437,-0.024792983907305555,0.012331965447846649,0.0069822282853344575,0.017071026987902194,0.019690918701867233,-0.0020078236361857904,0.027148174606638875,-0.025418333117683822,-0.0017108918944206408,0.03378623196216335,0.015668038404639262,0.025944833041858573,0.004127173058765976,-0.0012633983877172739,0.013538120364136041,0.0027105512970564405,0.005830279845484121,0.013743759709342385,-0.0033259670373952943,0.028195711055433392,-0.009432365231348605,0.011336831644852552,-0.0003210030865963276,0.014502708448532076,0.009993585370846603,-0.0066612514556876334,0.013451989068013148,0.004571850662340893,0.005534068005307535,1.0762904786076888e-05,0.001365004944942072,0.024885842788394008,0.035336213851672404,-0.017417704648535093,0.038298630539452816,0.0020384695695057076,0.03501070781513782,0.02484595516430499,0.017561668229489236,0.05587315016841998,-0.013165594472050124,-0.005195532616149912,-0.002299021139429591,-0.00114151817929109,0.03891295774344261,-0.0014732498130767269,0.029641840731246205,0.0245028042297184,0.008871596802923598,0.012903563630188408,-0.00222311193083069,0.017645037953732512,0.007184411425500414,0.02113242272771565,0.02393377109432837,-0.02427229076219417,0.006028417868806812,0.010306618500434794,0.04053458492809314,-0.007853241774369302,0.03408386991572332,-0.024391137365184612,0.013333752850400948,0.004231987774233836,0.05982629348712276,0.02579143721976962,0.0246447410942352,0.017360167080447297,0.011614970445229744,0.03244486001556446,0.04165839662791182,0.044247765385267535,0.018028987672228602,-0.00500573094750667,-0.013826209823116553,-0.027444556241109197,-0.016494890797698503,0.015412057762710596,-0.011569868801280414,-0.013107308777457582,-0.012139360632525076,0.01833355575000528,0.007103661123013971
2025-08-25,-0.0025865322390368206,-0.01535735385735304,-0.013497208412196038,-0.005889612291924529,0.004348613542541457,0.007960020707346693,-0.01353203890096033,-0.01758401849987301,-0.009677323455781206,-0.010088809290762946,-0.014888229286238897,-0.02770795793435532,-0.0036881931895207387,-0.029511439831813036,-0.018112913523268936,-0.0041391777739479,-0.004325948880532948,-0.003575486047866505,-0.010836349774411502,-0.016929860900241067,-0.00044571328757392337,-0.0016850099820482356,-0.0023059496232642474,-0.011277993163546718,0.005819962460529737,-0.01631562073245263,-0.0009292210572100501,0.003886501890208116,-0.004267545604934142,-0.01083478947308425,-0.014945036735604322,-0.010290705052254268,-0.006444175290114096,-0.0046909165121773455,-0.009336510966034162,-0.014391608458542038,6.428795896162853e-05,-0.011832271458251498,-0.02177717418705072,-0.0036586263442615063,0.006050868926601893,-0.01644071180361184,-0.0018045035813063492,0.014598626972222917,-0.016083153487073787,-0.017771360611249953,-0.009528453996598962,-7.896823431519095e-05,-0.005525558197652991,-0.0036548484395195757,-0.05318682098826555,-0.017996758782447664,-0.0027814971569952718,-9.720853854577882e-05,-0.010682093533692871,-0.016968974411687654,-0.0004829016404386266,-0.01869147368159929,-0.01057825889980002,-0.007707791320175517,-0.010611129615463177,-0.019849201446757725,-0.006234471658990159,-0.011480446620250717,0.0030343426378882654,-0.006547884163337514,-0.004315668078965551,0.0010269574710775053,-0.014099560212955886,-0.029078038747901047,-0.0007159641895135849,-0.0025178063373703097,-0.012184803944967904,-0.0064448559804146655,0.012729972384289745,-0.002626228538612718,0.010510139587435852,0.010303104376799155,-0.006022488505913692,-0.007047402542560199,-0.009695414447665307,-0.013148892111207289,-0.010304727373157796,-0.0015611583822821018,0.00376052133769722,-0.011804359568146516,-0.009320578806445212,-0.011215679527116773,-0.010037497198953638,-0.01518212089614579,-0.010225565258473956,-0.0058979821964015855,-0.005902607048434483,-0.02208111416639813,0.008394943383998488,-0.008375359117992254,-0.017640880452196583,-0.00849017464187174,-0.02249600431452503,0.0033710282696706173,-0.018746121516503678,0.009335109746185566,-0.010184816753924686,-0.01923638051923593,-0.0022710465281203795,-0.01647741894634347,-0.012138584834637811,-0.02359012354344525,-0.007700577477639747,-0.0032914235654804003,-0.01630777537953776,-0.014214131407985775,-0.01014821959415002,-0.010767428432084003,0.005985211644530253,-0.023067263676082028,-0.003814471227904903,-0.007657606667816452,-0.0028048372492150975,-0.013417523141160181,-0.013628348467790374,0.000827343504117728,-0.005219439770503875,0.00904682022363712,0.00975429818285889,-0.011081052311897821,-0.0074628954533046965,-0.026859991069904332,0.007620312332526247,-0.007749529240211217,0.0003601230551719681,-0.007596926296465689,-0.009518272551071405,-0.028900473472133204,-0.015620656271146949,-0.02043788658452428,-0.0037773320732847893,-0.005819061651244795,-0.027423068461225775,-0.005495769793426142,-0.006298199404213278,-0.005213578069738212,-0.010129562011847781,0.05476413884646103,-0.001926849024936672,-0.027985739533183285,-0.00942972237009343,-0.0015951824255981961,-0.028617064136695625,-0.006379874397121732,0.0021719824046266822,0.007986348464402049,-0.016147636463343495,-0.012891676371153515,-0.016779829330285878,-0.015134380796439473,-0.0010915853759509986,-0.00939385456601105,-0.015153348694913582,-0.008682333114716556,-0.002294560270776458,-0.009013234948587634,-0.013837620523333705,-0.004297566211422854,-0.008420148518646364,-0.017568521420201932,-0.0008759853297837239,-0.011068292283438197,-0.01513858942397217,0.018712214014995787,-0.000951597142036853,-0.01914428238355015,-0.0043298070172195224,-0.01972153610581273,-0.010310938844036777,0.008090173032684334,-0.0029279796030348137,-0.003769726365885795,-0.014865363741523474,-0.005373938535310874,0.010209007693820382,0.0015089429393304599,0.01291224007471925,-0.01343939555062601,-0.0046113249168246995,-0.008416761947175111,0.0038649878496022083,-0.008538170798919609
2025-08-26,0.009471449839010937,0.003126024464322086,-0.009660591858152934,-0.0025701225739016564,-0.021856662059614784,0.0033904033300462544,-0.0013802735318844128,-0.010771559272853004,-0.00414798533163907,0.007156518212652507,0.0055109702198627986,0.013109720893391241,0.014830368078635026,0.01682593895416762,0.003763364842434669,-0.018082042493354322,0.002987065072849404,0.007204738063339988,-0.004927694459971654,-0.00032148479887084136,-0.002275353149064685,0.0044293179825452,0.009677267003051604,0.014390676630454458,0.008433775936476096,0.03239283657466352,0.01451288775075188,0.012400580587260457,-0.0008796056019608756,0.0012249641478163653,0.00294982405869737,0.011847589234029954,0.010760354382411741,0.00559262104006919,-0.003979841355953084,-0.0049772770082823214,0.01720159259075338,-0.0014305330177020181,0.0012926964783002148,-0.009300795252609628,-5.33573131482612e-05,0.005031063843222938,0.015867679613459806,-0.01133971696215319,0.0035660366893246476,-0.000174400472041647,-0.006410849654635342,-0.015188373412527767,-0.004368312848548328,0.017469042484497876,-0.012911070169934202,0.004775611053776885,0.0032450424880545725,-0.0055475737438426265,0.011809300622696028,-0.0008105977074084336,-0.0019340701029770813,-0.006438327772685604,-0.0013657157891735494,0.011844667700224853,0.0007102478621483499,0.0023436295882595104,-0.0108703900367777,0.00626547515478304,-0.0006755195904224465,-0.00025871569665048,0.00014397356574047393,0.0044433426939631815,0.007884461584089841,0.0012445910964133944,0.005541421058303797,0.024304379220136063,0.03412130483147102,0.004214302879695708,0.006731567396195182,0.007799684040547206,-0.007025921761514731,-0.007771201577635445,0.011823208863777523,-0.0036132034070206487,-0.003558412633742236,0.0039115709430284085,0.008508231965484114,0.023999483170719316,0.006575342806605988,0.012520706518514224,-0.003051396906601944,-0.009263838252294043,0.0025207991807905117,0.01351147333726832,-0.0021417782091450732,-0.004484375860585033,0.010999067611860092,0.009567796925146865,0.007473585745040978,0.005171694370021296,-0.0032874475011741566,0.007953440546658364,0.05763009414029252,0.01711005536771726,-0.002234464475437292,0.020354038433709754,-0.003239399719206837,-0.0027849439217888516,-0.0018595383298629642,0.0012967541222490553,0.0022986264614379692,0.000994005635221562,0.0010724243810038558,-0.0002539424084506692,-0.0022058053228821706,0.0040327874732479785,-0.004411249786807403,-0.01055199940091267,0.006101188931442181,-0.0029648334308571833,0.007588691892904897,-0.006197280740136257,-0.011182959070344722,-0.001965828872783959,-0.006832179027868257,0.014708543110287131,0.009798650560879807,0.004530847110678415,-0.006863963383854532,0.009233441128375652,-0.017270883347592303,-0.003798828555505729,0.008288356472253788,-0.008790395393005745,0.00570238840857229,-0.002151534016988421,-0.007978532946740557,-0.008679655747633852,-0.000764498546361736,0.008237522394678898,0.013807436225572012,-0.0023455188900660673,-0.005721249541183582,0.01308309498908855,0.012458253034866473,0.010837442093718508,0.017412179610551526,-0.005820571729139523,0.022307919277096744,0.027780270860390033,0.00861803609939571,0.019110331773154243,0.010403707366301695,0.006974599099623724,0.009279146954703776,0.0010952421757250974,-0.0015912843717069691,-0.003706498424539184,-0.0026356529152495867,-0.0011720333379576786,0.0021363339771411916,0.002457551017426063,0.0006511311469594716,0.008613747114689652,-0.007533970336515594,-0.0034445740253659096,0.016036222425783286,0.013313433030575084,0.007896602319640955,-0.00355160190176651,-0.002189532878863254,-0.009522664015682913,-0.006077296933499454,0.014037755949487085,-0.00046630733510344413,0.012133790614111462,-0.010605411504913675,-0.002240246906176857,-0.001273326767400107,0.0023549571158518745,0.008037823428895585,0.006464513517531856,-0.003636370315604154,-0.006760442569191394,-0.001612006062438276,0.004338981939653763,0.015553103385324896,0.005160492001385464,0.00486787075874151,-0.0007451912703357877,-0.002500037522644938,-0.0019467520232376856
2025-08-27,0.005183966038184273,-0.0022099595957314477,0.02327966923965885,-0.0014328366430049755,0.005309411827454369,-0.001587933238679895,-0.001282907306757508,0.01172371865103461,0.001526011924946502,-0.007039586295493727,-0.004708533056231978,0.0027953012820782774,-0.001336038065688605,0.00012279653988400696,-0.0056522405813961285,-0.020900950720848854,0.0014056650070228827,-0.009473759675774573,-0.0013927969128637585,0.002465525809792979,-0.0017328090931236773,0.010401098963124689,0.004400458219841141,0.005090341470037174,0.0047565540457981115,0.0012665865494687623,0.001654502181754669,0.0024441898135787454,-0.017143685231586048,-0.008340278441688831,0.010323192846712903,-0.005156195408358322,0.0006625278668126455,0.009984787381691618,0.0016929779851553306,0.006638914377909977,-0.0036344844300115753,-0.0011992270095824153,0.004019032344579898,0.004301958138043904,-0.00636427964661479,0.006441915590531089,-0.002908299588946228,0.008956608925099196,0.0016858922216842487,0.00873276402128198,-0.008551051713983071,0.027612609940434574,0.010498395670247795,-0.0002465946190985946,0.003358500997959979,0.0004414589762076204,0.0037785652513520063,0.011652626650607623,-0.015100835752587471,0.01032429929962042,0.009680253230204272,-0.005367291422602172,0.0028769695798427364,0.010222370190803964,0.0025697291012107826,0.0034046512203866897,0.0011437202531539015,-0.00028557657055650054,0.013336988454559773,-0.0018387829223556196,0.012053746921790953,-0.000681730393707003,0.00410252107373843,0.007278273899729015,0.008537349676386086,-0.0049739077447723545,-0.009952617134956654,-0.008287576862710644,-0.004737845196189916,-0.0019338444960506074,2.5504824297861717e-05,0.00036507451831280235,-0.00087445931857566,0.006057908083222152,0.0014890537059182307,0.0031307763124894805,-0.006195484724419664,-0.004499663741825977,-0.026135846097144366,0.00831130854939488,-0.008905087884508944,0.019242022415391524,0.004090165631551734,-0.005415424797261537,0.0019480457848075616,0.0007205484189549693,0.0010060488821501679,0.002519699672935971,-0.0013112149928273809,0.0077563497076602594,0.0010720449675032384,0.0011100738268332577,-0.0017845416882735776,-0.0022058067202346265,0.0011692500673339268,-0.002197956390682876,-0.0021454954929716052,0.006783058264985264,-0.005100091650288796,0.00331219685837425,-0.003007791170919205,-0.0051421301781662265,-0.0018586949153140964,-0.010266581043332224,0.0004060986099734265,-0.0008319825465497033,-0.007815769421594787,-0.0021651919962577537,0.02333659377184727,-0.010090570717503411,0.001436796797878337,0.007533125267631391,0.01897038948641594,0.008019747990015702,-0.013213982827275927,-0.0043772401681900774,0.02939900926595218,-0.004146436552749044,-0.007804247381312912,-0.01228112844782725,0.02685924725918909,-0.01693736741419727,-0.0034887392979490173,0.0031283182338812665,0.007193977753938263,0.017764347667029945,0.0044958486857682445,0.006111006047988976,0.0067162532713380685,-0.005140270177535378,0.007488793654898629,0.011949895165852986,-0.016641577320799072,0.012025688441815063,-0.008428227928745535,-0.006767577199438435,0.0037467068660808067,-0.022069501239239564,0.012158305091793942,0.00027711198444446694,0.0020022984816927547,-9.662714729508082e-05,0.012712715205630332,-0.017118128333968308,-0.005389856169509599,-0.03183160011802766,0.0024430226870109095,0.02859473623312425,0.010999178722196135,0.0012965567222948948,0.0073075894523029206,-0.004871126569055306,0.005402435892611024,-0.003170726291237713,0.016104330102741038,-0.007379054382464112,-0.01366265012981227,0.008649589218008735,0.003241717872043637,0.0003474652257109412,0.0005945376087694854,-0.0017970419913471147,0.004122017605814321,-0.006387736025154744,-0.002993803576202936,-0.014669566183766136,0.015450632375548778,-0.007708502446637233,0.0064861131968410035,0.0038425603066576386,0.00346477935433942,-0.0026445154981766805,0.005794305010004663,0.006389918113637094,0.03085772322328051,0.010105989837663643,0.011298748837825556,0.002345794254581257,0.005884562429071316,-0.00022472083847713265,0.010977978532450194,0.004374127149102236
2025-08-28,0.00899203033767737,-0.00144212029090518,0.004906981443154379,-0.0011294985420429171,-0.00546927554065757,-0.005983458945673981,0.0032309209243921444,0.008251668990778782,-0.01066095675473111,-0.012352547463601482,0.003242146782751476,-0.007869157442891073,0.004732625974118498,0.005704999379561038,-0.00830612653523577,-0.0040447384282567,0.010380566969951488,0.019969217343978052,-0.004664182840913078,0.0018171812011269495,0.012478220402074136,0.00555208125613138,0.024504464663025693,0.013256030160199828,-0.0032438158936098915,0.00019736518212010168,0.0012517220175705113,0.008382125985725075,0.005200882966049036,-0.002163439221707364,-0.014405705992562634,-0.0013907002871356156,0.0016496771410441369,-0.002474099454533807,0.0035925849556832645,0.019525758850859276,0.009750564820934393,-0.0031388435639811973,-0.011930108887403534,-0.006674323702779539,-0.013343040461384348,0.0003853478519939557,0.010206212042795038,0.005838711834408983,-0.0035867765543624586,-0.004733479551734199,0.011518354396112596,0.018931921715376276,0.043432862375090586,0.013384041199613783,0.0030360941066835956,-0.02369924842085247,0.0013969588347011452,0.00027855025978951176,0.0044163215788088905,-0.0038551922273040162,0.009848796333630894,0.0021254291153836036,-0.004673755081447517,-0.007356698164089792,-0.011317962860793784,-0.0056036764860873944,0.0037882885364410868,0.00717381591060029,0.012207081435922085,0.010752181032724017,-0.00444127382338344,0.005565297615682141,0.0009830530764531886,0.015853730266720767,-0.003283050096330342,0.006829927251027712,0.013679968452714242,-0.013038114990819416,0.02216448990223796,-0.005518506281670721,0.01855864238770888,0.018576764415192848,0.0002301327799685282,0.0038903020294487334,-0.0021638868762785535,-0.0010734020358320606,0.0001597947306164471,-6.442484707847029e-05,0.013902860729643862,0.0028725940678064887,-0.001718942359567599,0.002130261599806893,0.006157512873293136,0.006856991155604675,-0.0043212256884137545,-0.008586051517465165,0.00459425816718273,-0.002969329828081513,0.003531900323386239,0.006585122011957267,-0.00723355758286548,-0.001688628466559372,-0.002268931578284672,0.0037257503425394134,-0.00452430365773715,0.001459225024283306,-0.0008432122807064957,0.0021596058082904435,0.002270472915991917,-0.004721522402010514,-0.0016787176206864984,-0.008259921736990528,-0.001425823997043274,0.003662929639001611,0.0009874799477866958,0.005982230010073586,0.003169074737261468,-0.0014126461200056895,0.006301427912632995,-0.009489134841043523,0.004029486281672767,0.003921487619015451,0.012039236856772106,0.03280454135388311,-0.017397987523503744,0.004155552718650313,0.03534192314556783,0.004444943929514444,-0.0020693069133352893,0.0007835970722425145,0.04497537295146348,0.018613482134959725,-0.010458661408396352,0.015265148191276445,-0.0017794276811020637,0.017596771841055237,-0.004328986633166387,-0.018815619211690393,-0.007992350845987595,0.00610753290318744,-0.002717047283173457,-0.00027865758049383516,0.007986880912477012,-0.0026156629917535312,0.009203622925745059,0.006682463762870405,0.006410066970781614,0.028079490172207677,0.01588188518799427,-0.011149470592034305,-0.008119415626675064,0.0033299723178350504,0.004991330634349644,0.004355576188206811,0.0006908097430411431,0.015199388552990634,-0.00344494419569763,0.18252142898630552,0.013851734836632268,-0.01195432235114069,0.006415117163880879,-0.004653500686756296,-0.010468210258978594,-0.009064717088627994,-0.005389111677414071,-0.0017310685203710818,0.0015323632469090853,-0.0001554010461908284,-0.0015760740958565833,0.004398031172952344,-0.003229932096485477,0.018603308955998266,-0.007854139402164506,-0.010892782779103882,-0.007253811427770707,0.004426539035640609,-0.0012137130277176666,0.0066765900893202,-0.004814939578570154,0.004079424946244359,-0.0022868532461375324,-0.0016779336767083208,0.008503451830013553,-0.00834707091142306,-0.004607880544596377,-0.003434002999674668,-0.00709666309687762,-0.0057763975859730365,0.008434825094986387,-0.00022481832418286274,0.005047192026916392,-0.0031058943956541185
2025-08-29,-0.001756392648574412,0.01108805419658232,0.0007566069431055311,0.00932724782829375,0.008971485605609786,-0.012709986860861555,-0.00026034906034766436,0.0863677459982286,-0.007602094992415154,0.007056289225134016,0.010626065260606943,-0.016737704493561267,-0.028274338472270344,-0.03886615760148171,0.007248690626331822,0.005802581778781679,-0.011675111119754611,0.0003480604313175206,0.0015701613947722848,-0.002730618017032782,-0.03172371391990847,-0.0005462631516719441,-0.040251463273484944,0.012339928743597461,-0.0009203558044923454,-0.008378578712901152,0.004010146295731154,-0.006477564097136401,-0.010655020552691852,-0.004105375909226439,0.007844942339605865,-0.0026234309255324106,-0.00417251217446335,-0.004543259134046629,-0.038743917526280924,-0.012565999172852393,-0.03848976708806706,0.0062681008386578085,0.008103100949357511,0.01229455876769947,-0.0018384325398157486,-0.009605537656578456,-0.0009098036672741117,0.0055044257838732236,0.00463743159329244,-0.0016564955691213967,-0.0039452508453847734,0.008348878165388207,-0.04371148205874764,-0.005886559265613656,-0.001259632365334884,0.007631030646512826,0.012385229524858765,0.007778277343314599,-0.010844815653032747,-0.02691477353217575,-0.09474447259740515,0.0032901885698874977,0.005414757559936589,-0.006031255048317696,0.0003104184891391526,-0.007862801985224266,0.02805298920709909,-0.020169148247059177,0.004248609659793345,0.005673155639952299,0.0006948970695361822,0.0038476630916957077,0.007220524790236382,-0.005464085442049793,-0.0026387119147406324,-0.005720601830889294,-0.0375569728592442,0.0026076866539979093,-0.026390655359334936,0.0006250240786771499,0.004223335152484076,0.004707825860587711,-0.004475178323344764,-0.0097851669802278,-0.0018973466751708301,-0.0010375842205281316,-0.008685099427521159,-0.014726520553699274,-0.00935560817986758,-0.009913347305694487,-0.0038691658005705065,-0.024623924865501134,-0.0031961231371830934,2.349549448332766e-05,-0.004413388416232955,0.008777888377379028,-0.00020724300292940256,-0.004552654399409661,-0.02711678457293054,-0.0012127892033619858,0.008791772904223727,-0.008565795788521235,0.0015924318229725287,-0.0012361818160027127,0.0018708735232619844,-0.041170586031518575,0.007574456349738412,-0.008871802499032633,0.003955777170059349,0.007146638274173611,0.00022437334124791875,0.002150099273991124,0.008753240854718847,-0.017975649725020304,-0.0024080531196544186,-0.01354401111904302,0.00475077812209701,0.010260825029566156,0.0006905468385491886,0.011669997849581115,0.0006839903498647715,-0.0075902908271840985,0.004869317579736965,-0.02746626851290479,-0.000993806273354103,0.015582853403874886,-0.0260563564616918,-0.021051077357913783,-0.007357701541176098,0.0022203090899530764,-0.01182260413109315,0.006617082067574387,-0.03636467599467963,-0.06454119073768982,-0.004188050223307371,-0.003037000438512294,0.011449621174274505,0.006592858280649594,0.00927945882827963,0.004173703684836383,-0.010890850295059096,0.010146264708033037,0.006580529094610377,0.008237228816629028,-0.02320743581877327,0.0026669260242542236,-0.0004513052980170684,-0.023633338544048144,-0.009984152451331774,0.003330779937934736,0.003298157939505053,-0.014692194756578125,0.002822660588138959,-0.007466282884816877,-0.01453584748869563,-0.0012330936069622211,-0.0010750326789938924,-0.011767012988797454,-0.015189988020908096,-9.210574824791706e-05,0.006980204932768075,0.0011986578512317436,0.013208685842428736,0.004281611488926806,0.010770284071327296,-0.01274994024694065,-4.376451670395909e-05,0.0002718341617913289,-0.004500490090585174,0.007151214778398973,0.009167200976991197,-0.00419274508099754,0.0038017282214948267,-0.0361134438567241,-0.008434809188038628,-0.02546007726236521,0.028798537696306248,0.012057925063192698,0.0038692322208655483,-0.0009652702159037574,0.0028427311223864216,0.005194660067446399,-0.001731626285524257,0.006168559085639291,0.010775589531163199,0.003897830586442552,0.0016628454825129424,0.007801347452595309,-0.00246821604393066,0.00847443290201344,0.007998489762455208,0.010981600176653394
2025-09-02,-0.01042816630765131,0.00642934570867304,-0.022560858092030678,-0.009531379735700618,-0.03026602646474874,-0.009101032173384205,-0.014272483451835072,0.013481005644479183,-0.009191895327036015,-0.011753083631766081,-0.00036087676299345617,-0.0026907743295323527,-0.020649010596299533,-0.004841415459681642,-0.0028264911576787455,-0.01716580313902316,-0.016496989691163755,-0.006990567391436109,0.013740443125051627,-0.006190837809504579,-0.0002471970415900415,-0.0022393321651312803,-0.00023387648265771332,-0.0009964240106530298,-0.005724859820039896,0.009347525707524618,-0.00725602206237097,-0.010313253471291084,-0.018084465894895985,-0.01218190224537885,0.006329140373861453,0.010678720675488584,-0.0114138929752432,-0.020667486820041603,-0.008732248081295246,-0.023595739414790984,-0.004179271073428303,-0.0004650928191640702,0.004140594160588762,0.0051484293904797696,-0.005037209595816883,-0.008998315126972578,-0.018798827764051396,0.00043847942068531154,0.009771182327154015,-0.004701197033161186,-0.008163310217732533,-0.011703614712244459,-0.025795458403436555,-0.01982520197227533,-0.010536564760373235,-0.022299705179646523,0.011249973644605227,0.0074058928975881955,-0.007099525418112762,-0.0044172684130785456,-0.011571297658124813,-0.00920019900224478,-0.0017855304748080059,-0.028874444189536774,-0.005580027292062084,-0.008895809066656213,0.013336035045653283,-0.0057431141554111775,0.01059811935627053,-0.004308493711591588,-0.017885785502777196,-0.0006732693403970202,-0.006805761328076088,-0.02252047737005647,-0.002146448092657849,-0.0021277545588880287,-0.06015275846462842,-0.0033322528782608885,0.018745524833833294,-0.002107702107425169,-0.00846227803849775,-0.00862893809027554,-0.02134679319641286,0.003782084499566629,-0.0013584015373462321,-0.000892644475775306,-0.008985740811710663,-0.008031198977178633,0.024329350061035093,-0.008962322863791172,-0.009403214980927999,-0.0068500123442563066,-0.008938219992288055,-0.007813595852417698,-0.009337349048776922,0.004033175967110836,-0.007091694987285457,-0.005651705645425942,-0.03205684345365345,-0.009036770821975626,0.0006323734465754072,-0.00924245662847234,0.004302139857768061,0.00034599582869887513,0.0024853586816115936,-0.03423281282237234,-0.006300070076977526,-0.012687526779674663,0.012453556743159844,0.007349622943451095,-0.022759650178909574,0.005222940324054903,0.005139679943170883,-0.006187136191120324,-0.0011510584531633228,-0.008710716211978387,0.0026395011924362777,-0.0027542365037538374,0.00085169333427082,0.01683121329170678,-0.012202603149810365,-0.004888447390586137,0.013609184263588148,-0.007116056350116473,0.00785407813355743,0.015608722021188015,-0.006907381299640747,0.0028065429984742707,-0.03571367161441419,0.0012886303083936568,-0.006358730267777446,-0.0073980894397811525,-0.022266073911638706,-0.00735709861904521,-0.005939828401674063,-0.00041604182327947825,0.011057149834753588,0.008955835914964183,0.006420151105980487,-0.004547867366625269,-0.011184863207108542,-0.021961135371870277,2.399865800839507e-05,-0.010360625303833082,-0.010978081591828115,-0.012669659599517935,-0.012222259256293277,0.025247187405804006,-0.02828278460094058,-0.0033815685239577675,-0.004066760383960144,-0.005514224923405919,0.018761776139154307,0.011068321642509815,0.001339730560305341,-0.045332221351359614,-0.013631119981801554,-0.02343972298795194,-0.0202148758263192,-0.003020263570815196,-0.010199394197118572,-0.016601029967807435,0.0035392679253964943,-0.00393653470574673,-0.00844679352935751,0.002230091292131142,-0.003690822623846124,-0.008949198157456095,0.013471285891727192,-0.009504599666158242,0.015316061292723226,-0.00031459019842206004,0.006015082733124899,-0.014084471254578013,-0.01378900929799265,-0.012237612230750372,0.0005734731120172754,-0.006731967930011962,-0.023676378711568802,0.00042149352818299235,-0.006808282568095514,-0.005151204840491808,0.02610178961005083,-0.010406734569647025,-0.007723099443707859,-0.004559445055250855,-0.005653061936300219,-0.003145411066417303,-0.009073230446376535,0.008393873621614922,0.003233626306401227,-0.02212938465007941
2025-09-03,0.03743362344754253,-0.0010522029388440046,-0.021088291157862926,0.005017344754349118,0.009529624632090616,-0.016377591086469856,-0.003136214346488586,-0.005774918667670548,-0.0013249357211861934,0.01046698920212652,0.00396149600372997,-0.002826060674554043,-0.00901891195545712,-0.004104672095951223,-0.010834615415296511,-0.02186979571225489,0.0024950757068271656,0.009054126607715318,0.005785491319543645,-0.002760585696087503,0.009271313422566152,-0.023286866606025747,0.01073110044784098,-0.02350842740264536,0.0010403077717047182,-0.023380144073223974,-0.008094731331448557,-0.00194491397907548,0.01271648620750554,-0.014948250963390919,0.0033625376438575216,0.007867061628082261,-0.01368191521236728,0.000676441123758309,-0.0038089538884804597,0.01145907639054844,0.0025797558823175137,-0.000764929363688438,-0.006555187070206081,-0.006607295064090302,0.01391012839959771,-0.008783876939409296,-0.009988937544616938,-0.044596527923378204,-0.0002951171070888492,0.01168716221752586,-0.005017210226466506,0.015711784475128,-0.002153034099708684,-0.0028968589058955274,0.002147295858299092,-5.749083958228596e-05,-0.011965338563284966,-0.02379542589335948,0.016792507953991453,-0.015867935985053983,0.023201504995770783,-0.020864757642296894,-0.008409492812275765,-0.009437119495992796,-0.003874363126123548,-0.00643460153887343,-0.0004448435789354832,-0.015448248584737811,-0.04436617523943287,-0.0049555899159252625,-0.011280837147664258,-0.006915889281003285,0.0033045093686565608,-0.003444179187774843,-0.006474442209261966,-0.0008590766942564443,-0.008877662830205857,0.001452961090528504,0.010116253543332121,-0.014499287598073618,0.08508727401082172,0.08615418090777816,-0.002232078491529954,0.0020127560702389857,0.0032127300836224393,-0.0043775706326165675,-0.01697454800074283,0.004341312301813893,-0.0012099313581988014,0.009952595796747232,-0.0005875771314123313,-0.009795783069372899,0.008656536449012542,-0.060135299206245385,-0.004124139374005686,-0.0013146603716407412,-0.002003245431180467,-0.028847502369942823,-0.005099249408508477,-0.0004754743206514256,-0.0013959439832786913,-0.005517691940322145,0.004330296942129053,-0.007661078013362577,0.007323721548580409,0.004706803404041615,0.0018410026134345614,0.0022394557833624873,0.0017301319822058403,-0.0022002348385665726,-0.004564135597900254,-0.008419205226959825,-0.012086825320928085,0.0013202164725703014,-0.0001794704369952882,-0.0154002689201862,0.011796695041597083,-0.009039140787368893,-0.007997546111034204,-0.014531894184285576,-0.003463805868608283,-0.0013298141349435966,-0.010294191937019193,-0.0006291758062415553,-0.01457845473363406,-0.009641812906377112,-0.01505107812033657,0.007860516830485054,0.005764803358013992,-0.01561452347584602,0.008942236052960517,-0.0014155298020064322,-0.0034903077276231542,-0.011925068931780913,0.005076679260756833,0.004871207759937768,-0.010821469011362161,-0.007525341739872182,0.0015274584656737034,0.0038128846307010633,-0.002943903124707603,-0.003073294371926494,-0.026877258614048216,-0.002621752974944158,-0.002982905071264419,0.006429159654332217,-0.009507978805764594,0.03268651501421793,-0.00020187090200263214,-0.02324936572871028,-0.0031332165055975025,-0.0011543554739237294,-0.027691609680347895,0.036210895060071024,-0.0005377876342027577,0.009387954607920967,0.005710358210609279,-0.020458294606003236,-0.0007734409179684931,-0.005422632692503093,0.005277832245788261,-0.0011669676614376456,-0.008444069292089296,-0.0037190497806562917,-0.0026275903559214164,0.0061872914098874965,-0.021069324714050985,-0.000584531372310515,0.0056996437342222706,-0.005046440098588789,-0.012745146935409402,-0.0013845068241398195,0.010899710884191727,0.013774950596579849,-0.021094419894573058,-0.000760530058529163,0.0010488120149299007,-0.0006763640955194106,0.0026267517379023886,-0.016307334804797513,-2.731680013878801e-05,0.002004370273898104,-0.010083752380708688,-0.0020079870747458095,0.020314260924316763,-0.003195215603493118,-0.016425011278328405,-0.006090624182299109,0.005684007788492096,0.015581794076158673,-0.0247980640345693,-0.0023137222717233286
2025-09-04,0.00552951611678143,0.00459742691410181,0.003976206412691141,0.004310374249414828,-0.010835575653747043,0.005279630879361008,0.007670290043924055,0.0070011469046269426,-0.013493176104474536,0.016733667661805285,-0.011291135308294287,0.009775852254110262,0.012049300738437907,-0.0050328002937236604,-0.013376314538198208,-0.006525042381807289,0.041598804203072604,0.025215773175869316,-0.0010486005664320786,-0.004148936131291414,0.014616054102346787,0.016559610285673543,0.009106253031312406,0.020517871824391243,0.009061508268048968,-0.009130985026109428,0.010195180587370345,0.0066174985299412015,-0.0007230995323421752,0.00724925734947135,-0.015733706500964395,-0.0024909757836342195,0.014620576007452257,0.01938495746277713,0.010639533153064207,0.0041592902791025566,0.00026747731972331934,0.016816519898627647,-0.0013303208513848475,0.0022184390125765674,-0.008017304399048797,0.021284110109833776,0.02103320523487806,0.012000047095141575,-0.00957993825612391,0.006503447317439459,0.01182321502784589,-0.048110646784944144,-0.0032198425533396247,0.003740140995337704,0.01105856640237235,0.005420385369497183,0.003515444488258801,-0.002567291597095789,-0.0026004022334342736,0.01086975706455462,0.019361055519937942,-0.0013461309167999147,0.011253132887513395,0.00776413121411057,-0.005868352363012974,0.0054978061068187145,-0.04116174158779895,0.02638475756417069,0.008819150041552426,-0.00120016781923038,0.00836165116660581,0.004998818588305642,-0.0009456458780130461,-0.0007140463580714851,-0.0027385875185181874,0.019899008859991518,0.03271986829966966,-0.0029771157209932397,0.0029555000696763756,0.005819446930148242,0.005503540679656638,0.005809889655142619,0.022958799268275598,0.00811681275989784,0.015144793454996197,0.010354240809482107,0.005113810627997317,0.02551109320567857,0.0031548550250679597,0.011782943828697157,-0.00430526920254426,0.024015178572541984,-0.0019820323266248607,0.030952742657508914,0.01651165467380178,0.0032828948979481964,0.012918580430321569,0.018257316470260854,0.03203321723254504,-0.000849991761394886,-0.011165836553448827,0.0039489191900852205,0.0076071708058487175,0.017168854135778844,0.014666084215849473,0.02446666528621666,0.003431522005018728,0.014170867919011343,0.0016314514142372616,-0.00018935656588769945,0.006242200067186232,-0.007004152528131691,0.006035493527056346,0.014300499799481337,0.004732155097331159,0.022317451530446064,-0.002462958527558179,-0.0021636814044718733,-0.0017053963422313245,-0.0007522668558657131,0.012063714782502899,0.0033860711336703986,0.009223794033379917,0.042553159691002485,-0.011105653341464183,-0.00769017304263464,0.016804754512971698,0.023174337988214333,0.007854286787985387,-0.003566812093926508,-0.022659583289713403,0.004427970287501637,0.003523888944658715,-0.005695695008670398,0.010287455380373345,0.003856171165184996,-0.011691794441189174,-0.010026014806964856,0.006816949436408315,0.00956000039252114,0.010123795708646632,0.014927283547353731,-0.01435352445082927,0.010871283034552981,0.0022149773892481406,-0.016276466185892957,0.020990917655160146,-0.03330406903278149,0.011356050951727426,0.007499531107824531,0.0054055160876576025,0.001811414822098456,-0.0018613558049729306,-0.002021758316070432,0.012969961714919265,0.044267564563035045,0.007427825847873493,-0.03494525961151851,0.015522519033405402,0.0015459689151011702,0.00894544141522502,0.0014643485630196906,-0.001788404574916136,0.01459211172210928,0.01717300041346581,0.0070223756527858505,0.0019712348143618996,0.013751762860808814,0.010278067667527147,0.011228107723232128,-0.0021817249141848905,0.006589716239242982,0.00962132696641671,0.012718181104627746,-0.044643924288749304,-0.012543264999449022,0.012119767258612413,0.006205406514387057,-0.007619355484172807,0.01819943955171155,0.012456008167831545,6.359831303992536e-05,0.0016803369028757231,0.009371911705503333,-0.009228288864147949,0.00014678561250569544,0.01548873388230465,0.002177577104468753,-0.002998721047728914,0.014335764479888269,0.004108747547473257,0.005672937138028189
2025-09-05,-0.00032411993485759183,-0.002836870215023879,-0.012301025596832105,0.0005339393744927534,0.014703802127194798,0.002814009338163892,-0.017579141025722222,0.01933778575878886,-0.005670152567684106,-0.015117754884903967,-0.0010689870319442463,-0.007188858130170672,0.02749607304276669,-0.0710260451004947,0.012482186461722833,0.015875198534379464,-0.014701481590353893,0.009832139056427991,-0.007613787580872611,-2.0771739440483827e-05,-0.02443341656040765,-0.023480852975043653,0.08680227778475036,-0.014182855336400735,-0.004469535701254301,-0.007044527862985817,-0.012316773218932653,-0.019627697548620482,-0.013960448740258258,-0.005141783583246351,0.011057862441329114,-0.0009092133126999968,-3.2116260888948034e-05,-0.019414608536326483,0.005211618034473453,0.003186605981220225,-0.02611101912181013,0.004234763071858438,0.01764039148492813,-0.0007294324271533981,-0.02160581071515555,-0.003606697716718621,-0.02265391509526271,-0.02965132847528551,-0.001961819731345571,0.007978956128553705,0.004048362811650996,0.028901049182604943,0.011029387677258917,-0.017139068335844776,-0.004633132634345394,-0.011921546499552349,-0.00029779955327136065,-0.026112426993746496,-0.010187506820298786,-0.003982950419410436,-0.016413860675141834,0.006623105782682437,-0.00845977932993236,0.001954431705723181,-0.0028230488718223867,-0.005773237002356879,0.019837406296335125,-0.005175953005873701,-0.03025010856660959,-0.004039489399497942,0.008358111217090958,-0.014384489403987288,-0.004954801453301627,0.03190327927927683,-0.0002900662013267663,-0.013646006831663726,-0.032649441806560375,0.01898833452919657,0.018355272926904753,0.0035611481985693416,0.009506391401403746,0.010280907375519455,-0.0162124085583093,0.02045857505340365,0.017253976048188235,-0.021644127288107384,-0.004530430941731112,-0.010399537534380165,-0.0682328709293234,0.004690826129546188,-0.0022496107736440507,-0.005971907869210646,0.005356979395102712,0.027951291215582152,0.0018775942183548722,-0.002825474304806619,-0.0329330972914228,-0.013599936794852496,0.033566351209197265,-0.004604220122324421,-0.004639867131063902,-0.006621893088598618,-0.02061379853652401,0.015284062344494309,0.020058725897739826,0.0222981182749189,-0.019897322354100133,-0.015545212957983168,-0.008530846166499018,-0.0069463046239501836,-0.0018850132473557935,0.01324132827788116,9.091502849756239e-05,0.0037476062882193517,-0.01091700506353721,-0.0019919848226344072,-0.01724368631326545,-0.002163925810028111,0.005643546042313652,0.008614932616731963,-0.017653817458865184,-0.027649701830452678,0.0006135324694209743,0.053391330644650736,-1.571072878725488e-05,0.013256101328329883,0.01723097225972925,-0.01295418153399197,-0.019569998649931364,0.0003790747160872243,0.017064657699370933,-0.008410557629976445,-0.029955254678013077,0.039328063174742134,-0.0031084608270051106,0.01049381815432504,0.006476548585139241,0.013869536751161426,0.005589185102947702,-0.02057766919517956,0.0010360940488318704,0.009269352933698016,0.0008890296654655572,-0.014952735265240769,-0.011853508702905913,-0.0021124848735381008,0.0007976860959892917,-0.021732156636671718,-0.02466958127757657,0.01225331805524199,-0.0182024163516461,-0.009124257609880893,-0.01743269053359242,0.02026666231121954,-0.06043044548628984,0.007175036110410815,0.01789826207131373,0.014438029111907724,-0.007325376255720606,-0.0017226324100647616,0.003771709901820408,-0.004505847344572267,-0.012825217483348084,-0.005334917756049329,-0.0009131968499298537,0.010865567318989466,-0.009067789037352725,-0.012122621446645443,-0.013333312570235734,0.007418193211773172,0.0024930645985623556,-0.02391309010388465,-0.015919764306886464,0.03523343432102255,0.002896522404014945,-0.012981925399270011,0.020045106272711166,-0.012044874626733204,0.00852991783982926,0.008781504245422234,-0.00799272423375097,-0.022664405255528486,-0.0011436971645224503,0.0038794789261418217,0.00045721706440371435,-0.0005106942188790597,-0.03647638137669773,-0.022203727683081986,-0.0070184693484725,-0.004706959699388058,-0.02886833299734981,0.0014170963492299293
2025-09-08,-0.007528797876272364,-0.013886354192919725,0.006741265167392818,-0.006026637102587884,0.02864915988738037,0.006621648439538497,0.00818147078827014,0.0006943893603565954,-0.005973130285394035,-0.005614146138870346,3.317938852198665e-05,0.0028936177386515993,-0.004916729891975891,-0.0011485864821896286,-0.012314926549088945,-0.024426897707924944,0.014609468183109264,-0.02207956942933187,-0.0011153729473356577,-0.0029241284764669473,-0.0030088187125691945,0.02235861456736643,0.02853654542396189,-0.003180549400716437,0.004283533569699571,0.003727128858373341,-0.00717738967142223,0.0014235587454916043,0.010295074284027095,0.004089201208016924,-0.007483485998605488,0.008287302610081149,0.01872274889735248,0.0029567607054454825,-0.0022804602417583197,0.025454391374558405,-0.010804812141262943,-0.014549386727347624,-0.010761806552228137,0.003100057086050878,0.001576745139061586,-0.007055537679138801,-0.007737949713074954,-0.016579718744409888,0.01688051969524107,0.008730268410977793,0.08360266420069129,0.0076176618312970845,0.02324019578457559,-0.0012766578656435712,-0.0037234124427394377,-0.008990303546549505,-0.050403318660952046,0.0019865072206366463,0.012677748011385326,0.01675842001653738,-0.01654985287118116,-0.0072112841034410735,0.00700049040805073,-0.013012515872036445,-0.004324475366725089,0.005780792312299887,-0.015773291579141535,0.0003218284610477795,-0.0019814948541023725,-0.006278283628670778,-0.009717690490452568,-0.013441163717703652,0.004561654172188234,0.020338661532740332,-0.0020254312013214815,-0.01427179556311664,0.026391953425270565,0.0061601697264679345,0.010885002637151864,-0.002285222831321043,-0.0046346894647779635,-0.004474528555815205,0.0030834040698364262,-0.007965785609599152,0.0021332284252491007,0.01928550273803964,0.002038910996930987,0.003914891751221283,0.013675721457368617,0.029209527643100586,-0.0029990177356005177,-0.0014923029569509083,-0.0030944596421909054,0.007867087837452935,0.0013857233195624374,-0.0026603503214195356,-0.006375121301409159,0.022787688682581297,0.002088323986618512,-0.004246961255026438,-0.00821121814929171,0.010296839106611166,0.016341086221345336,-0.010408970878137858,0.011087968309979601,0.017799545134565165,0.003527137765171773,0.01266226072367882,-0.005301570284523827,0.012768427042260555,0.016663449649036544,0.0027765635135494904,0.0005207553697950118,-0.0015148530494304424,-0.0007269017899043106,-0.00898249678221763,0.007407989070078891,-0.013352944085793794,0.0034415067105548758,-0.006552942943449658,0.0034040190510102875,0.004658783325292681,-0.001412774072659495,-0.0019678413101145154,-0.01650536865022101,-0.009353930660271459,0.012404633309364144,-0.0012763704019747024,0.002967716301290224,0.0004790821465956441,0.02780161363068956,-0.009006993324503831,0.005140820133178181,0.02042582603506027,0.013567682082542554,0.014488266751504497,-0.0323400172070345,-0.013242580254882341,-0.0059428936670924415,0.008814346236064807,0.0010580378966276172,-0.0007158625768868276,0.005626094555299055,-0.003661989967205237,0.005839268031527567,0.002861896003056863,0.0024835366221855892,0.0006700337669078849,-0.006237612674990345,-0.02494955650716335,-0.007416209796009099,-0.02295948155709393,-0.013965655897619556,0.0030421045736641616,0.01351691810884148,-0.008337156043431548,0.007371346205569118,0.002148348993919136,0.01716557869034041,-0.011147192255893223,0.0014031042229998292,0.01398535037940718,-0.021631820122984813,0.0018632817226160725,-0.02484604188884587,0.007755847524979043,0.016685100669813657,-0.011392696354544984,0.010507627062292357,-0.009014875836177438,-0.03983280498543351,-0.006743140653010293,-0.003431272115466122,-0.013220232788846431,-0.011805854365934287,0.03420736043473571,0.01932444084116014,-0.013580617346031332,-0.00657969451614715,-0.007256387545920617,-0.0035179011968118346,-0.0029624151261389287,-0.00129966345768473,-0.024811773736967968,0.0038276633865743648,0.007789241886392517,0.0015033077663009209,-0.0048260690243253634,-0.006534831373916639,0.01691989202304267,0.005399791005433308,-0.009658743982457807
2025-09-09,-0.014899356941358022,0.002229452879150884,-0.006300767716822087,-0.0023373538717104125,-0.01164824405227094,-0.004297416741593452,-0.004091338802631128,-0.005499861919562754,0.0067234174704911,-0.0006456005166270984,-0.001841101344844276,0.054062898606272114,0.008301800080051436,0.025776684565156138,-0.0008625431714204268,0.004399689448965738,0.009739655898476585,0.011481062834999278,-0.009543006666129727,-0.005786577788205349,0.05117663332509448,0.0004787313575240759,-0.029411342879674507,-0.003988038274548522,0.010042164235969153,-0.00830290801697231,0.01571279350289201,0.005430327921492228,-0.0008619135390102173,-0.00046795630100859853,0.012322886888828322,-0.0007190646771135789,-0.0013122075840179548,0.013259039919947924,-0.012726466889651178,0.001517209761315641,0.005059826421503821,0.003748828574648755,0.001409797073200103,-0.00930379051020136,-9.83966659786617e-05,-0.0075240265989942046,0.009493224968791125,0.005256576055803208,0.001437584954455673,0.007666092288653559,0.02381077166147616,0.0007811544999301034,-0.01211350377011211,0.005876907489267502,-0.007762151992326771,-0.004051363809344011,0.019466943673497106,0.005280658446479514,0.020988115884162717,-0.012873487567611974,-0.0157813665441342,-0.021174275625585715,-0.01330253780177415,0.016537517723115513,0.0010763394799138126,-0.017920686780114714,0.024092778902218726,-0.00617152630470752,-0.0024985246362412283,0.002595855235481892,0.019059991128005827,0.0016214767301696575,0.012213490307878772,-0.005376189116348407,-0.005908273073860215,-0.0021298787909422856,0.004758990755818537,-0.002064126297954161,0.0008109602573806995,-0.004353167626641508,0.023160158497959493,0.02232904308337247,0.027480799419318913,-0.012905104304519632,-0.011241342678729893,-0.010950899717641072,-0.0028565404216847057,-0.005474823074155921,0.01584810922602209,0.0109677589370758,-0.0032919188206230743,-0.002719163072884445,-0.0025754124199277584,-0.004083981248136581,-0.017283722860932826,-0.007567540764071623,0.015355580507057986,-0.009678077524826634,0.00737969880868139,0.005922694434871367,0.0059749641491047,-0.0030381888863484363,0.01682132604851816,-0.004504937112498553,-0.01486827842246452,0.00216354596624857,-0.004980594954765216,-0.015287900648728758,-0.0011586066467668132,0.011149039639304803,0.00022660859425371882,0.009662286602983627,0.011099725156330287,0.016339890943675606,-0.0071476297750630025,-0.006568323451284996,0.0037049217620293007,0.00480262442162438,0.009329377938684047,0.006958091157950541,0.02147936532979866,-0.0013636718714309382,-0.001058540980929834,0.02569560213291666,0.0038516483200101703,-0.0015831197264795094,-0.0008075199716390813,0.012713243211431191,-0.0077193620293209975,-0.01921973817628153,-0.0057973469507937025,-0.00899519570069085,0.011898483294332074,0.008945558780883545,0.003672717255519764,0.00044486100015461716,0.009912497480104143,0.00660594079573773,0.0032149202593423354,-0.01063569170268952,-0.007594968999253382,-0.014023936244341506,0.010747487176714365,-0.01720174379904016,-0.0077627470901084905,-0.009768989451345966,-0.009925115886990632,0.02009435294466666,-0.019311435854025838,-0.001974190065905823,0.0036848663241455526,-0.017932901993777506,-0.003393185901908957,-0.03516979728201708,0.00077381154588263,0.008116694939629632,-0.037727927402191774,-0.006257111775790136,-0.008722271534130854,0.0034324747544847156,-0.005856188668755813,0.0029396238026713206,0.010944371860669655,-0.001064452058277432,0.016581923688184563,0.0008733373960887469,0.013840474350810261,-0.016141577619301906,-0.006970562641810396,-0.009718819552511526,-0.0007834133347142114,0.011430160621898722,-0.004132932936995459,0.0011600421155044671,-0.0047753530757921325,0.009324943509524175,0.08690312933349809,-0.005224621421364262,0.002871371231615072,-0.0281152238961786,0.014251706990090707,0.004646685497838199,0.004006193840097261,0.005117115671674277,-0.003996300719882662,-0.00436117645200973,0.019489573083490974,0.00027619316539606587,0.012188192724257085,-0.00043923455515315624,0.006996123556157308,-0.012366015168321809
2025-09-10,-0.03274002827486466,0.005012172058819431,-0.0030156888489161204,-0.020268415739700174,-0.009815932783778791,-0.004995251157045466,-0.016547210344278085,-0.004875338266772999,-0.0009644269407047545,0.00881767605500361,-0.017749413725608676,-0.03073782224364141,-0.0010957784726546294,0.02065964635833506,-0.005305590048060971,-0.0048716836534730135,-0.03415086344991369,0.058232531853337655,-0.010689291131539491,0.0016116214223700354,0.015678620787623387,-0.005192003211601737,0.09014893544054026,-0.0037514636129074574,-0.010210096095043752,-0.010843899536767232,-0.004115824725159811,-0.009130406428420557,-0.018810113807052886,-0.003664132808739673,-0.00022916629805891375,-0.027072282809553094,0.028239327694079996,-0.003705760308113426,0.009891437076382736,-0.06800704848824068,0.06019804664773343,0.0014561917165387683,-0.012555799948294144,-0.0052094524872456915,-0.007076989933961997,0.025315479669957952,0.0029989882454426464,0.026664036056888385,-0.00917767380309975,-0.023645260882347863,-0.008714123429747644,-0.03676279093761092,0.0017787922403247336,0.010685790552004804,-0.005314047457960047,-0.0038652436949391245,0.02895341275724128,0.018584246658886805,0.0011027685826690004,-0.009499872463531567,0.02393818892525612,-0.00828241491593218,-0.014409087057497771,0.05817964481436899,0.007355846126561261,-0.006558778814481414,-0.019529869269126365,0.011158310582954911,0.02523166963957113,0.0032214876272749216,0.002257229635683977,0.01491116266221093,-0.02842553938632264,-0.0034033539247841915,0.0037467878201349336,0.022806691312480254,0.05631737818934113,-0.00544360680839695,0.03197628671644459,-0.012700077206244664,-0.0028091052034326935,-0.0031964786177933746,0.00554656245733387,-0.04875156917590129,-0.005320082889138433,-0.007535488970373372,-0.012031983944428504,0.023610473236922225,0.002818726404406391,-0.009399410495833926,-0.007932332534201336,0.012328225543222882,-0.023446802452204096,-0.0371179744811192,0.0011446492621338678,-0.007611342761853379,0.00762185219658118,0.013473970961195292,0.013904962034760437,0.027297478177363388,-0.0009713294694009278,-0.002092042418975204,0.0060738267915247945,0.01475989811253342,-0.009407244492396494,0.014229512914421427,-0.008480938128008653,-0.005991574062981009,-0.021542527458605853,-8.014943218892512e-05,-0.004131155265577391,-0.005263653563097215,-0.019225888311296124,-0.019396134340033733,-0.014876692036018824,0.002619406821549042,-0.009760004448525983,-0.0009590323581729621,-0.009760886753074516,-0.006085394002987243,0.011093046651716065,0.002139700524691257,0.007718878130962281,0.031938682766877946,0.013309426446402206,0.02870165622455989,0.01623660290009621,-0.014409614284526917,0.00851857730377148,0.012898888291179134,-0.010629930451503178,-0.005193996423084712,0.03520036237258406,0.3034284257716573,-0.018276013144424397,-0.0015303106682216239,-0.0029280682577317307,-0.005572000341654615,-0.012931664435332557,0.013187075654728098,0.012130922304872449,-0.008804594056639914,0.0018638385824703008,0.006782511262845681,0.04148284749747955,-0.029792328553291725,0.0018102338521925887,0.002515754006521931,-0.013891694824399892,0.00019323931456138865,-0.0028748741517743426,0.019403594507397592,-0.010265493771194123,0.020751588733997295,-0.016961676376186396,-0.0009240417279379187,-0.011053311073593974,-0.000725138774085643,-0.4447076263179177,0.003087523235233647,-0.001133985600278109,-0.014805909891278723,0.0203727222565826,-0.02541584443930045,-0.008757222717359348,0.0038607870503355457,-0.019688858912901175,-0.004129827975286826,-0.0015603707441842474,-0.011157979290361553,-0.009729673372731895,-0.030356365857280743,-0.001179323473411209,0.0018764263112531765,-0.006042656860753226,-0.015236508538913007,0.000750436891480355,-0.003628208498060559,-0.0046149135174538,-0.0026664058410199587,-0.003888707937411695,-0.0174900500245041,-0.01930475213284133,-0.0024749731495257166,-0.017917973139046417,-0.005856559104911341,-0.006485968683753285,-0.006955794842326668,0.020062658493704255,-0.01908702757364278,0.016320990644751454,-0.001839045654777216
2025-09-11,0.014236517259077708,0.03897127528713984,-0.0027011247761166146,0.02467033414872155,0.0023733587663024025,0.0030787214389302875,0.01900968864940822,0.0016294227185067456,0.0029055440537044674,0.01344248410790616,0.0252607100634199,-0.0053442601102826615,0.039750461948369065,-0.027489706249902213,0.014961405786288573,0.01375094266689647,-0.0020365330714398056,0.013277254913226955,0.027215888295797797,0.024482662608662942,-0.0006375683258266207,0.021069566099785497,-0.030352439969698608,0.017600069529003726,0.022354529883843455,-0.035747924291559485,0.011362763735391468,0.013513559660514929,0.0029825928406292945,0.02682931661576582,0.009703458647211338,-0.008750266072506285,0.030864321206074408,0.014880204139115172,0.018258780961679655,0.0450485458981138,-0.00788050276780261,0.011310687851951329,0.010624904219177722,-0.0019428082138346348,0.008594875250690137,0.013203404509821937,0.002847310333318198,-0.001780027803516937,0.020354291893409204,0.008442546057222167,0.008024279955995528,0.016792758732274038,0.018404437846069044,-0.0074566373160767085,0.024009825606416513,0.0147310157211189,0.007900455714137777,0.0026873537534291003,0.008264903336089091,0.010259161056213273,0.005583984788517959,0.013967986414272104,0.010223395328142537,0.003976594161484215,0.005573724551034331,0.020547427891854042,0.028043977033894052,0.02699648062985105,-0.0017687376080415262,0.008864774347333793,0.02229222199123626,0.004466298334928176,0.029962164351339027,0.018700511855087143,0.01854164424285365,-0.00936695117761932,-0.019042624274478115,0.021365686820318253,0.004671070669228783,0.022528459561397263,0.0038556747458162732,0.0037298216006673712,0.017659508913139277,0.019700045757846674,0.024133343883938174,0.017862473441896398,0.016616564141478385,-0.0007355368553429997,0.011198415233804937,-0.00024994458002947084,0.021802634173625712,-0.007564253061348225,0.005071763725700507,0.014124448286565894,0.014179267153282105,0.014320828800452823,0.015196195085851905,0.039984060976585134,0.02597411955844109,0.006814006880233592,-0.0033350744800859644,0.02224868070025554,0.002943167523894452,0.014650567267105785,0.02156354397643412,0.07119144101358899,0.015470722570699813,0.020828017623876427,0.007842751034545792,0.01793219472236096,0.024207785009773275,-0.0039968174672857515,0.02024257474205715,-0.0027526085576177195,0.02396934628737668,0.037122924732756246,0.013802665508870327,0.00039777750875291673,0.0018130311272592792,0.014033717640058896,0.013885042243112267,-0.0005067981002317978,0.01755755256166225,0.070132922726863,0.003494697707789207,0.01161081986105561,0.003721808758487377,-0.038107709669676915,0.0008025919031213746,0.003884374012811165,0.016048295167525595,0.004803510010861878,-0.00339934197694447,-0.06805393995181586,0.0242531749098287,0.004638813962195343,0.011096467366399132,0.011843748940174148,0.008490715716979125,0.009973583711547995,0.00464470133930206,0.034092008874351265,0.013955939199672862,0.0036756191313438435,-0.0036213661856878687,0.02534213632430582,0.0159614251000324,-0.004516906560278144,0.022445573079175496,0.023462832610508855,0.015635037430931753,0.015165058104701146,-0.005400749854156395,0.027552371922356045,0.016684839938395868,0.014922487896252612,0.030814743450875426,-0.007871805801965337,0.12104983680870962,0.005463650333551229,0.02548051577626609,0.01972617311894087,0.017196160851927544,0.014908943504440053,0.008631306482533407,0.013144631268377172,0.004004537493803362,0.0036123427395584606,0.0061373747030755155,0.031811835350619155,0.004150635230221411,0.01701872717448083,0.0249983895675161,0.05819860253077813,0.0013312799056048874,0.002816150844273224,0.023536522622935152,0.0043024540231471065,0.011418645108673076,0.013406117638020909,0.001996610300242896,0.01547888329014846,0.02334503783171904,0.014198020893413599,0.0015121674010503128,0.0009128304979553192,0.01098741072783671,0.012599802409099858,0.009256689999165069,0.02152626669121105,-0.003465331450871467,0.008566775938710691
2025-09-12,0.017461805647066342,-0.009342616981083296,-0.0038514180364703776,0.007664271195376493,-0.00214020030564388,-0.013360171997931936,-0.01023170778364868,-0.01759104902901143,0.005819743358419949,0.003958761915031417,-0.010905483659292337,-0.009544780571231648,-0.01451390643319872,0.015524367970389363,-0.02275652387254823,-0.00805292156837023,-0.008243942714790009,-0.09542173332047366,-0.0004902095654397698,-0.005430055694715996,-0.010457896266444777,0.012506913825820476,-0.0024209266130483797,-0.012945862717797851,-0.00872942481247918,-0.0206733877611045,-0.004284591119695147,0.006544867192253001,-0.008487575224528143,-0.010687761106995097,-0.027125697277660787,-0.016001854147663863,-0.014633784949571016,0.0042967216090579186,-0.0012467520871304316,-0.03375461758975096,0.015475042576212239,-0.010186174613551202,-0.008980938677951578,-0.009782317058005141,-0.0011684918675189948,-0.002760102223121841,-0.0038953157527554794,-0.017988684007463895,-0.0022034090098088654,0.0037862071321859148,-0.003430785096596445,-0.012781913268316458,0.004829349862657928,-0.01826300169800188,-0.012279751340591005,-0.011014214771583042,0.002624824419503291,-0.0074534936346779546,-0.01092946700039743,-0.013090204429394348,-0.004417134562605618,-0.025820718808986953,-0.010468041590378618,-0.007219772208459929,-0.0019808928357401,-0.008996947465732319,-0.008136142701808957,-0.018425603242439692,-0.01505644255207983,-0.004651857061237941,-0.010286490920655922,-0.0018336274460266644,-0.006843895072119466,-0.013955810087551868,-0.012174891064948845,-0.0023562418618219283,-0.01796737956168748,-0.029514270306584045,0.018079609956688003,-0.004666509341837433,0.0012647824638891692,0.0005123084845406467,-0.007804161483824679,0.0040436674411825635,-0.0019525947924261544,-0.013334884055424823,-0.0183350352170617,0.0054692462078840265,0.0036754443612068144,-0.014743800927226047,-0.013382647249413182,-0.02285515221508927,-0.02358008654954702,-0.012463830400290199,-0.011629929743932621,-0.0034457057189172247,0.0030393526298233553,-0.011843734519920268,0.0027286520494325117,0.00026118253206330877,-0.009443837087546036,-0.0037381539952168197,-0.00043171041609735283,0.001201561579503796,-0.0022409689925604326,0.009285113087846852,-0.014771458811751792,-0.005377657171807826,-0.010135637061447156,-0.01278227741808724,-0.012818985196654253,-0.0015862998895626035,-0.002784472426551332,0.004911051365528607,-0.0019600086864137722,-0.010660307813449066,0.012335672077814941,0.002797543837516514,-0.012790957705568928,-0.02707253576514468,-0.0018869022545695557,0.015803472859979628,-0.017813575483691224,0.04062880330607399,0.004037829010342442,-0.008859398219597914,-0.018629537622089742,-0.014624202170336886,-0.018329454855463112,-0.013476323588945682,-0.00973625040356385,0.0014244478409679573,0.0011090334882837283,-0.055954937684278505,-0.004174885266609252,-0.010755237723299338,-0.0047135928690034135,-0.04052777627690496,-0.0042237680708465675,-0.0017711575894372444,-0.01532523682696052,0.004681673672289222,-0.012308423582020112,-0.0043801549425595,-0.020678181716850652,-0.004851738150514429,0.0019634272946653653,-0.002791076012774951,-0.04302650978251954,-0.013084738079315095,-0.01662067880121043,-0.013270385898959347,-0.004707735941451574,0.009767982195752367,-0.005844705399062455,-0.005135243880709517,-0.023665976341916917,-0.01717818617617084,-0.03025895435202397,0.0007759671661213829,-0.008048002582642155,-0.012570609832260438,0.0051651490989605975,-0.014290883019350886,0.00145788848992634,0.004634124290292974,-0.017669281590132258,-0.002579001806069403,-0.010406480003446461,-0.023533660055179872,0.0013240190090080262,-0.003541140302789181,-0.0025297649324187432,0.07049696791466076,-0.01005302339525116,0.0105385932493407,0.0009169173995031699,-0.004883886917315117,-0.0016273087527443053,-0.024872332213810466,-0.004299193165363313,-0.01216856789407128,-0.0062736005836949715,-0.004496044177944913,-0.013902504912728375,0.0025646725640413592,0.0018074908046772364,-0.00714622621511829,-0.0007371486074951861,0.00761281262874558,-8.183320073751332e-05,-0.015496912047963107
2025-09-15,0.011224512265822106,-0.004117989010071099,-0.01772853094150939,-0.018554135909522707,-0.005229679519034747,-0.002303366037986976,-0.009097033166027835,0.005719691240433811,-0.004074073658068222,-0.006700670247592022,-0.026630887919903756,-0.014035420496381512,0.017874961119199284,0.013268056521003935,-0.0073031123192413006,-0.013859274748324601,0.01388879710124069,0.04042085804249673,-0.021839244384259437,-0.010975178992462808,0.0008841231516383274,0.0038824072835321743,0.008570299322308905,0.00528199765663917,-0.02203453430660751,-0.002972147303570871,-0.0007315254685056338,-0.0023175806862072434,0.017182341327105277,-0.008562323000538719,0.0047074644633395835,-0.02829667242265277,0.012857609952554583,0.0015557166772168785,0.008619573400009628,0.021526520408165162,0.019616471828869386,-0.01870359292211088,-0.013563631355692607,-0.012949114464618106,-0.014180863142591704,0.008624152578488697,0.01104139674864335,-0.0008460655431363762,-0.03872878249593814,-0.008010867087236306,0.03088109550494167,0.0006249162536153818,0.018258394648959175,0.006360506269423638,0.00027876756083689,-0.01377534206415909,-0.021998782022768282,0.0010484290638892446,-0.001973187386578701,-0.003503607266850395,0.012195968941621338,-0.007265313581340749,-0.0037922422594993677,0.01539445309109766,0.00276852499645841,-0.008141346979656738,-0.013825551735702213,0.003101273364356949,-0.004865341894198849,-0.0008875568545980705,0.0047836964037779595,0.005600342916555423,-0.009133450743565419,0.017546309856577125,0.0009499082183834773,0.015090354224534863,0.0006781685746624078,-0.011810358240273544,0.00961774759119205,0.006579722185552583,0.04087964203327488,0.04263855407053807,0.0067171835982700046,-0.0064497305486739265,-0.00017966799223501084,-0.01345946036315393,0.0010311655597501357,0.015595790836346879,-0.025018175066635173,0.01023146937242636,-0.010868170190522441,0.027167764426134777,0.006771870228042154,-0.03435094393413163,0.0016691262030130716,-0.004691182900945279,0.005093916179308877,0.008837142434867218,0.02329086072955011,-0.008110161424951023,-0.004752135925454759,-0.011604579616236954,-0.00883146595271267,0.004077950199199876,0.0008098280554875714,0.016470836354949725,0.0038454700235348582,-0.005104996178218357,-0.011226653880203052,-0.013148646604591363,-0.007376718866039411,-0.006607368289763826,-0.0068488849079964,0.010669218631606192,-0.023390307564762125,-0.008270427455779661,-0.00678757479174763,-0.012292899016741465,-0.003481269568067269,-0.011229944315211071,0.0002855697179500183,0.008865920811116368,0.0036205758179841396,0.0007758963774335825,-0.0023950194476078934,-0.0024377254203908905,0.017229500027863054,0.009529789741233863,0.00013660759523315136,-0.003881664098949855,0.01992321744542913,0.007642800864486432,-0.0029468401929504395,0.029840681715326056,-0.012428099152121064,0.024687802278155146,-0.020189203236976816,0.004290377406925394,-0.006410601764542889,-0.010328330455709356,0.000478561565198099,-0.009330547977363324,-0.02886870870582392,0.0017985884497564442,0.005938856188477004,0.004096646728888764,-0.0037924581001638202,0.023706936355723407,-0.02270117291218643,0.02368500304889576,-0.001916301485260341,0.014252863079739164,0.010371756720081393,0.033867660778692965,-0.017091875042403615,-0.03177006716381925,-0.008540721791336026,0.01875411752076417,-0.015758505448951077,-0.0006339891726465652,0.006802980136511927,-0.0008664658722095098,-0.007023784605467931,-0.01655917824440767,0.0004383246638668403,0.008772683064163456,0.012403519520463036,-0.009704635625559455,0.011269415202709965,-0.008501181479863007,-0.00826723258042783,-0.01082433075029332,-0.010212558321829768,0.03450792275273873,-0.024906324230485666,0.02824152569774263,-0.002871154459316294,0.006576055271574788,-0.0019969552287442127,0.008382889022339413,0.0028119721710342382,-0.0013985374880549628,-0.00245233758030583,-0.0029141806735069054,-0.0021954716508245653,-0.0025877459064016506,-0.0013876371286523081,-0.00957451061704262,-0.0073931428144042854,0.0013937608144090063,0.0014323384804582062,-0.012611133792335139
2025-09-16,0.006158460831116486,-0.006992166646992537,0.010880192509551634,0.01038513531958074,0.017350229719196086,-0.004391949057105826,-0.007618798021673534,-0.008596995760359327,-0.021712323983832604,-0.007302266780901512,0.007326691026680265,-0.0035707731535623566,0.014547649033994858,-0.007286395014623359,-0.004899209328327991,0.010972079712344929,0.010872017819626656,-0.024739818641798195,-0.01975764543098446,-0.015551890521054546,-0.004117302209929008,0.011901174518999191,-0.01438505064591844,-0.0013669731993504186,-0.0034791465764811846,-0.005481137678557957,0.0004534791136729943,-0.010531304644931794,-0.016617649193021222,0.002237500895923894,0.0012503129007104263,-0.00920809023287017,-0.0009971287023899933,0.006523958232568461,0.009220491338581382,-0.008777113499254696,-0.02460183791947479,-0.009876152628150336,-0.007604287711616919,-0.009718393326237695,0.0029926630446679425,0.0020798560376640296,-0.010664534187704966,0.023890347005221635,-0.006094259400263979,-0.008318294099945334,-0.007885076278516312,-0.011710460786535037,-0.000955194316092367,-0.0023212187002119578,-0.001568154560589896,-0.002649298780150744,-0.0012459954160295439,0.01385257232153947,0.01678838855465603,-0.001397951482386972,0.005134694971046905,0.010896351349783728,-0.0042346733535962855,-0.0072630304416074765,-0.018146051179582123,-0.02283870579409264,0.011871233132661807,-0.05114205284409312,0.028084205070497248,0.0006866630292412523,-0.0148500067656121,0.002733793616373603,0.004131207532763526,-0.014060551205546723,-0.0033672072582406898,0.018536915372561857,-0.021592647016320576,-0.016068709075256038,0.0066808841319598855,-0.009430055350183153,-0.002575447061113678,-0.0030650865053249987,-0.0033998831530128726,-0.008331624854511333,-0.0032121644899341106,0.00893759670927885,-0.00403009962968337,-0.012467132365006073,0.0016958806576452545,0.004226984230829345,-0.0028559518192166067,0.018900797249738144,-0.0014447290326193851,0.0023382634608468678,-0.007988435338696753,-0.006290415211912759,-0.00043065619181703596,-0.002128762649482141,-0.0005231653262356417,-0.005599032765495338,7.113073414721782e-05,-0.011622683215294138,0.022585503737172274,0.0022285788880171964,-0.00593305050193127,0.007930219466637745,0.005379143296802447,0.010329605773487849,0.003767620067848476,-0.014578878185310451,-0.0019181227462050643,0.017242103924594687,0.007654045261071829,0.01721201833676922,-0.00583367773420207,-0.0015982492422965677,0.026221378412079943,-0.002796756909825504,0.01521450699994542,0.0016567559051967606,-0.006624427909470931,-0.014124108699146376,-0.01179323071136995,0.003980487507146968,-0.024072695348705153,-0.008118304149553168,-0.03415224716754928,-0.003488388508288587,-0.004115617843662989,0.006941212638707839,-0.016152489096314504,0.002149963964541257,-0.018831013924454076,0.011136611348992353,-0.009800130543556662,-0.00011800615806034642,-0.004195285939322169,-0.0028147642698321818,0.008137901216660914,-0.0024509114707909063,-0.008882488268305622,0.006851859291098883,0.006543091669374945,-0.008111126416206815,-0.0217411361374511,-0.0030686472575114365,0.017933881695201492,-0.01574630400767596,-0.027633443712018035,0.005756362175636909,-0.012820659606431306,-0.00046204933298543693,0.021127350506674247,-0.014576896709991516,-0.013263431704972461,-0.010167435294685667,-0.011044108329132385,-0.046568488529413976,0.015061555405422311,-0.010762188249985094,-0.012506355313004924,-0.005401113727274698,-0.008758757685162877,-0.0014739903809655175,-0.01109019143112544,-0.0074829380530410106,-0.005610940867899039,-0.005294121162944254,-0.01231611474188643,0.014234019683659227,-0.008924460478892726,-0.00939795172327429,-0.016607733442767447,0.027365562884432038,-0.0037185045102665626,-0.012532550676392695,-0.019555534771815708,-0.0007964762129226699,0.015869565370518757,0.009160908113961419,-0.01886750548808802,0.0026080192209745334,-0.0038169397199006028,-0.0036048870917984033,-0.016259118416375173,-0.023553180667356344,-0.0010195951313578533,-0.010690791797396848,-0.008132464314127397,-0.0031443490199238866,0.02026647503186485,0.008873644291125693
2025-09-17,0.003572312468097749,0.02005221192759965,0.012798976060205192,0.010120160049702953,0.027394907909132904,0.007974382623347154,0.00011190395585902735,0.001822847153216678,0.005564748901695005,0.014675163933437041,0.004342568761684262,-0.02462136378176183,0.025499282335720075,-0.011068167734099355,0.00587420718970133,0.012160164900828718,-0.01082204673135756,0.002773680059976691,0.004318384386533758,0.02009596155864557,-0.009129735494547653,-0.00819376392075899,-0.04226200324661278,0.026334176707356605,0.0007799382574908975,-0.00390730342583101,0.013572331157623463,0.012552235979978121,0.013026138969669532,0.010307965695419696,-0.0026425403549965587,-0.005117861176234584,-0.0011062171108076058,0.009109550436797953,0.020845631335219217,-0.006609198520713733,-0.006687140076051534,0.00809035903166233,0.009382401442492139,0.004775878281304546,0.008978972151762576,-0.009758302745141556,0.00407114629398464,-0.00740850739326504,-0.004455725829997981,0.01152655358770538,0.0043854997579901855,0.015399142337800598,-0.0002594015387504811,0.010756705444796566,0.008552232321551667,0.0029123719107673196,0.00553345197935684,0.003217800721907693,-0.017102747308542554,0.0003720036885832556,0.01883790067360902,0.013596389816337151,0.00666578263019435,-0.016208917581598037,0.006374068361654217,0.004169788792509621,-0.0030616164057049033,0.014117321022466989,-0.0079141990608802,0.009455493710764262,0.0002180375789091471,-0.0023922482322213945,0.01409204940994968,0.007488032713453663,-0.005028975888063947,-0.014732784795725706,-0.009374988453557442,0.01152133362777441,-0.02590727510986124,0.003524753577464068,-0.00748816812407771,-0.007786045303594946,0.009166525647911428,-0.002501012622138532,-0.010841856678430517,-0.02836513257292239,0.003162539469854231,-0.014067555703787704,-0.0042353246887412155,0.005283641977397835,0.004130848654461339,-0.015834031647850466,0.015923147425991324,-0.0007713307109877832,0.002175791221534773,0.0032070895419193945,0.006876532041646399,-0.00012204878196886426,-0.002907258316998451,0.013042215482784503,0.011623248856826862,0.01711106179835209,-0.005261466315879204,-0.0025629167198681913,-0.009691748384049959,0.009216395697627,0.020069124045098086,-0.022029915096721808,0.005260784498161364,-0.0028183611079439785,0.006970620689126683,0.0016137249417829125,0.0036844970429559254,-0.005534773914671831,0.0035400179216935612,-0.009175613058637566,0.003908680466224723,0.009179848131491752,0.007599423562747454,0.0014095748575622125,0.008904902807083559,0.00013822832791987594,0.001977578904373445,0.004687067734175265,0.006411312917969703,-0.00800962428325569,-0.02849198294810229,0.021015638964264838,-0.0063407368388155305,-0.005356167236424625,0.01975437565300986,-0.001523524751755545,-0.029150245977003664,-0.02091544849021787,-0.009204859731607229,0.008385868421495246,0.008684634850517625,0.0063663241269908966,0.01471155848715533,-0.005246112589148311,-0.021912866851669932,-0.0011521181154927618,0.01869844624666772,0.013410415418396049,-0.008175223946479626,0.026945905174467377,0.006784330269521632,-0.008811939678207814,0.0014527562457429255,0.01944371026051339,0.0037358570291372573,-0.0034911989391472886,-0.012831122159631114,-0.015513898459444952,0.009999636896625752,-0.014439707257547063,-0.008620270182450263,0.007254665459059062,-0.0022982422896484778,0.0022085682851242794,-2.1418450138810385e-05,0.0047524792419091355,-0.0010545203809524395,0.0005163889650381392,0.005883271486519792,-0.0029147116405563445,-0.005142002266461887,0.017865837546167107,0.002730913439694227,-0.015907846044139973,0.007629715025182726,-0.0034902472065265755,0.010523018925754357,0.009522073297642208,0.01440457138759843,-0.053329929532945464,0.00940387490647332,0.005762388833453258,-0.010120958677479308,-0.03137221731290474,0.024459828394016725,0.01770448714533579,-0.009916572222511633,0.01005068483885685,0.0706309825638769,0.002882773912533665,0.012529718450180916,0.008062173716670173,0.017898685862772545,0.0076482846710375085,0.0050448892767018805,-0.002966703254989156
2025-09-18,-0.004604135500140494,0.004560696172756451,0.01847791829727985,0.002532388054761192,0.01603710968778227,0.00994298734252741,0.007494350012886564,0.01111601668890927,-0.010875174289941114,-0.011405781555370531,0.014078534718692026,-0.0028139861152025603,0.06264011806115555,-0.010754888612283686,0.003991666873118582,-0.022020018405497943,-0.0020705516077850206,0.024393703125755728,-0.01442902715492167,0.006601365184894625,0.02661808468500304,0.03371477128379308,-0.005459588640536417,0.0160397263623544,-0.02511028868520704,0.002695597649220005,0.013173220631356397,0.012258258313805115,-0.021400230094966943,0.003569238964849397,-0.010523280477983121,-0.003001412232311651,0.026622299880639133,0.004409485888130504,0.033959198301004356,0.04785486286869123,0.0028457364233185345,-0.009554096381651611,-0.008086055557185112,-0.02421236837685825,-0.007785250375287767,0.033955903145690414,0.016878430159014357,-0.003394116173991435,0.004791546135218816,-0.01106094531332058,-0.005483386574455462,0.010123969304726366,0.11922978932169137,0.013098981081458128,0.019295443250294753,-0.0028969629402322283,0.004141344543592496,-0.008062542443290965,0.031055891272171898,0.014287694485942914,0.011707095775718379,0.012715776449065963,-0.011593781726669583,0.0007272966010996029,-0.0065498297834345465,-0.002740448594520828,0.02521057931002968,0.005887367526020704,-0.012369048399783367,-0.0077690633458584735,0.009235502154404607,-0.004691384410399735,-0.00643337571301128,0.009796344575574878,-0.0037768311503239005,0.023061877068986547,-0.010496734197646518,0.0110137701404458,0.03250973135678503,0.007900738865085799,0.008652912857874284,0.008693987443031403,0.010788983192866475,0.0025725354755055108,0.0009234035102734239,-0.0011246075491220253,-0.007308352683104147,0.03123627556035391,0.03856035506189137,0.0218370567693551,-0.0073394668075996705,0.20406745748586497,0.01696262507101398,0.006155191481599154,0.0039543813804545636,-0.018282248744281304,0.003367201906949724,0.033377830906394124,0.05361404756676791,0.0035191021205758233,-0.009071033454792321,-0.008604267221561379,0.004422583426524795,0.0010264273186280093,-0.0015653863169404758,0.03303350980525188,-0.02177715313967532,0.007235643218064247,-0.01290115008628323,-0.004124503151282433,-0.05969065136185048,0.006204915310870085,0.010174590253007487,0.0045073510829922725,-0.005704134959951368,0.0009691642530560429,-0.030187016414898515,-0.025820825651228674,0.00029981663130751457,0.005588176596636352,0.010246977821487313,-0.004868093694760489,-0.007068341064364603,0.051483520156518026,0.006364814239380401,-0.008537836402280341,0.04056939334733123,-0.019041712089832963,-0.0031826847345657328,-0.007200302178599571,-0.002524712665777251,0.015494526688699217,0.031790837845385056,-0.019699492535828256,-0.009462318589893215,0.012108572167208287,-0.0033951576557846863,0.004259233864533751,-0.018563346273511527,-0.006309782102583483,0.021948067547802097,0.011165783665095574,-0.029269777826888443,0.011618962355048446,0.03593417009364508,-0.0006453792348590781,0.01720165524570305,-0.004238844196247982,0.005648460130866617,0.023763082252756362,0.0015154914214310367,-0.0025454019730890565,0.0032934439053553533,0.0026177828158058247,0.011261753033465993,0.016604330702910453,-0.001976560451950604,0.016851127096167318,0.12002611879692271,-0.0027088425816002015,-0.008371133478886073,-0.06947085091890415,-0.0025088382595663816,0.0023702259537232706,-0.012827821427330743,1.7148705282910015e-05,0.00730102894184359,0.01493844013904333,-0.0015599776443986357,0.01882586398632924,-0.002634801202312076,-0.05270131391969546,0.009642346501880894,-0.021868283074542028,0.006779544842531848,0.016491972949190803,-0.016044106592278062,0.014942396439094452,0.01220495556495571,0.010457343971156163,0.011582376673818562,-0.0237166744488988,0.0007956972392371142,-0.012926941697750216,-0.005219106963874509,0.0023846465872505718,0.011516997561055398,0.000978997018090233,0.022384452600280547,-0.006983312367164096,-0.012126701889523694,0.0017906212616276562
2025-09-19,0.03158182002379295,0.0013908783554432702,0.012655557530066197,0.01041974558124803,-0.0029941433163722664,-0.016128594217047265,0.0035064649610525578,-0.001737717678079953,0.005028224225591238,0.00028900429468148303,0.009992520555110573,-0.0007182358818065282,0.0011838351235393674,-0.006295210539716933,0.034065041986820255,0.0009037912325133846,0.0006952479382569265,0.017916697248486102,-0.003774464264513888,-0.007537040503601489,0.011379560885720785,0.009370227538602727,-0.0042758982406869706,-0.0023055253564283618,0.000556908443233084,-0.0021382902860578312,0.00137002322738633,-4.578999890370028e-06,-0.0009576849650088093,0.003870977635529904,-0.011334858423650562,-0.004336970590228084,-0.006195572009471739,0.0006751495435368682,-0.002470977618125758,0.021336648859547225,0.02345131151180979,-0.011608230365546035,-0.004083920120967477,-0.0011319551501345337,0.0027372828447624897,-0.007379760857856077,-0.007461991518708189,-0.016592470304511053,-0.004101715194408939,-0.0011802723211857824,-0.01909566807530627,0.013051483564285427,-0.0015864959002218626,-0.00784435545093487,-0.014197034779973805,0.0025588199174784165,0.005177794025466476,-0.016919770245543475,-0.01282399766774489,-0.01424840639146474,-0.003069091703139293,-0.00947989739301125,-0.010478901566992604,0.0036940282370938604,0.005045389024330049,0.0017102169278730983,-0.004691539036742576,0.0022192431830454495,-0.01940701596414751,-0.004036909328104077,0.008446577669099398,-0.007604027334654706,-0.004707942649270436,0.040103776576017935,-0.0031026745963460556,0.010722319592155749,0.017012775615972586,0.003099873497067307,-0.003263887396713905,-0.0058192982270890425,0.010242414399699307,0.00934180029166587,-0.0009777830283512756,0.0014869319540968817,-0.004523836268903736,0.00792544689585295,-0.004248567353833721,-0.011391602568416204,-0.0002991554800422236,0.004513146299014004,-0.008794992548278202,-0.034004551499913216,0.01762046406521023,0.007772959521506806,-0.0068504628368684095,0.010610896313473006,0.003567115757646455,-0.003076758012852565,-0.003998115294571392,-0.00917752447124931,-0.0008333173022192497,0.00577582098272611,-0.013697564905466919,-0.0014665531792390496,-0.009043128050763016,0.0021547095709761876,-0.003768645436561968,0.017176834391459117,0.0038461410168517673,0.010711242180641456,-0.0037044805533898995,0.006788860148220444,-0.005797040228296524,-0.003714984766690854,0.0038550945180757523,0.0071160738908302434,-0.009438991763818017,0.013185284621141768,0.0007277232321456495,0.0005478544100423477,0.00288707689728529,0.01668806310281301,0.0033536208936526535,-0.039807966818769636,0.0036492688741027735,0.03867097314002699,0.006804820596956418,0.013731967157638358,-0.01719879992570217,-0.002668701116858685,0.014296708871771813,0.0024372887141366206,-0.00011623870589794194,0.036108696484365765,0.0011093307800367214,0.011713566843363665,0.007443792106775149,-0.004871522012152685,-0.007780856735017494,0.001725028429206965,-0.0011018750305842318,-0.01435515655781483,0.005739550413683681,-0.004217766532197409,-0.007574967684099043,-0.003574695214100032,-0.007658149204640807,-0.008079499904858345,0.005730056207598366,-0.009835853962385066,0.0005868462136469077,-0.0014711076076938667,0.014466315453886658,0.024202277629515656,0.009616031406741499,0.008636213603503862,-0.008045758397446257,0.03498127505654036,0.030592933378698284,0.003077575090014051,0.003250442433018641,-0.0016865398959122757,0.008241450011982288,-0.002850485276931991,-0.007779335383034436,-0.005450867119397351,-0.0034799476954319175,-0.002324206586747035,-0.0018467302909632721,-0.0020797813648796293,-0.0028094402880771696,0.011220685105223005,-0.003982684856826069,0.02139308649861249,-0.01298065489806799,0.037283805904394285,0.009601951958915222,0.0014940963996883383,-0.009785558436901098,-0.003464137963693048,0.0035359203236859926,0.009813026385506518,-0.009461565458759758,-0.0049975067270113804,0.0011873478598012355,-0.009424506849829761,0.012786507956038307,0.0019947436653051653,-0.004878827795774754,-0.012871381289640382,-0.010050754126313954,-0.007694197792805113
2025-09-22,0.042244187778851305,-0.00022978727320044356,-0.012454179915308394,0.00380989059163106,-0.003726221240354377,0.007080467711051419,0.005573021381068521,0.004724662624327358,-0.0008731405871271747,-0.0060225443172994275,0.0016010583470968953,0.007960821879729352,0.052757402440438916,0.012200169314002807,0.0019880026568523945,-0.0010631416680562111,-0.01715727565999625,-0.030541596605306864,0.0063887832322624405,-0.008851307575436174,-0.005842517074627018,-0.004845052498486879,-0.01936611086447293,-0.0011048884464956998,-0.0059502330772840395,-0.018737873812655792,-0.007265092215027469,0.005121445927888324,0.0010839649778091598,-0.0069735303615736655,0.0005770871974908331,-0.008467666644771832,-0.011171103901267188,0.005899838915203404,0.010275844210494434,-0.0015576010080460279,0.04624337670836365,-0.005977036207017505,-0.02220978497581072,-0.0027211243455318446,-0.0025856085238018522,0.0019427926601478518,-0.014089119449024246,0.001215159263376897,-0.0055283325735207,-0.0082597356349563,-0.01876723785352219,0.012081478725948003,-0.020329260511799063,-0.007744206199841841,0.006003947116775876,0.011673066477214,0.0012807758339690167,-0.0012485052799195984,-0.012020019084146405,-0.0018021063152398042,0.026244254453527738,-0.014037599566965042,-0.011460485553826949,0.01455451278836506,0.003451317331257364,0.005304952675925456,0.015090097831507165,0.0027359249574931965,-0.004703575016882233,-0.010092236419023681,0.009480654184474524,-0.009419167867321665,-0.006688137672007599,0.010571025878986617,-0.005982927731388088,-0.0032165175584744077,0.027537342619341487,-0.015151418679336892,-0.007550070621852534,-0.0027800827200445966,-0.010513289112949131,-0.009909846081785467,-0.0011398516578484674,0.010604538949296582,-0.009143420477008668,-0.008297654458364612,-0.002060758488910075,0.007078742001898064,-0.014526025788473618,0.01772837960908724,0.0012433949402721467,-0.029196794175661456,0.01899043741590667,0.014364896565211893,-0.003976552761598917,-0.012279193953191658,-0.008830574260589863,-0.013577370906422637,0.022790795730916358,-0.008892685415373691,-0.0036989551757207195,-0.0031407924586499547,0.004674299699650497,0.015600005505868708,-0.01844995297393215,0.038175083218844996,2.6351007577751773e-05,-0.016586356282495274,0.0017520748132024977,-0.0029495805986643475,0.015159753057882419,-0.003759160030063491,-0.005297263461556234,-0.01777053803009565,0.001968728331562808,-0.018228146220923946,-0.003859520291562113,-0.018660179073168415,0.008011749566374071,-0.012918368558541893,0.0036786514545941174,-0.00852670828013391,-0.010141824155831536,0.008894606291285356,0.017270398830973477,0.020354426048919017,0.006563381591862871,-0.0017058135670176,0.005212072831795034,0.004016897456602386,-0.013761583618427942,0.022623196804825163,0.03597735595304563,0.05755051471373651,-0.005831789486194339,-0.00046412293260189585,-0.005011265501281947,0.0005259444545000491,-0.018828077946690946,-0.004601471568294713,0.004559332509590064,0.003769673575472865,-0.007560636135189647,-0.012321624507584339,0.016703590285535697,-0.007134002874902734,0.017038788161643836,0.006785244634365917,-0.0008512051081011052,0.007665830676627294,-0.0034281195389800345,0.005704864604454407,0.009489032241877915,0.012165584667593876,-0.0005181476309781274,-0.0018054718177529239,-0.0012439028583290934,-0.006096835019860691,0.03723244747308119,0.005014348674674984,0.0020796647686180947,-0.0035654654936498886,-0.010475866027051417,0.0035080948668975154,-0.004358382750016876,-0.0033626744373225215,0.009324464962583434,-0.01350135595222568,-0.0034246716883679085,-0.008532248914336016,-0.003111957931929865,0.003022888935418244,-0.003957066590477787,0.018440475939442535,0.0008779772093001625,0.006733097603824234,0.017631750466194696,0.023834943235995,0.003943477345618618,-0.00010021973836948916,-0.01885830900308294,0.007739582634954445,0.0009251704105599501,-0.008024139579068112,0.038639041030227084,0.012063985837884594,0.0053511898942435465,0.002496944972607551,0.0004343043941767988,0.004239958175406677,-0.00737642799637328,-0.007833262426830245
2025-09-23,-0.0064128453464986634,-0.0006792143840312903,-0.015366171271521623,-0.0058021035990716285,-0.00507705065091546,-0.0033457464236965606,-0.015365527054442829,0.0008560270072530685,0.009350850910497144,0.007617147889046549,0.01446249820493506,-0.01366360051403781,0.001137558106383274,0.00398916079533862,0.0027511096916068567,0.00497702448471582,-0.031257214799723876,-0.011048651614150806,-0.0007879497421967585,-0.03832936113190222,0.009906836455843226,0.007066853755688385,-0.0026453466318754337,0.000741462097250789,-0.0015060668717286063,0.017748657011928515,-0.005175399114255352,-0.009089291903766394,0.00821957070290047,-0.005079610674414425,-9.14233945232823e-05,0.0065224622844164415,-0.004501817417501108,-0.006703747291348705,-0.003352129032945683,-0.020728374731541876,-0.03223753947244834,0.005079157418770741,0.010246831005002122,0.004569329218671925,0.002501410275134397,-0.0025347918233862288,-0.011921485798062292,0.015979637970114702,0.044772560542268636,0.0004408907697657227,-0.004675585391196169,-0.019145505233814752,-0.019928915963386196,-0.004081965732903647,0.025222617907718625,-0.010465173676597495,0.016552539257685517,0.008517148114790984,0.008953578089281322,0.005089244317433739,-0.01178043689765218,-0.0031810992650660452,-0.003613689667428588,-0.0037671901530274,0.011754846931655294,-0.005545158532144434,0.02005791337015861,-0.011477948720383324,0.0026458729957052896,0.002921766383641611,0.007405383180816294,-0.0007121852178100241,-0.0016934115627096347,0.004169503917737849,8.040735148462375e-05,0.012380712979521924,-0.021468186875390316,0.0158086112131004,0.02046809155057705,-0.006191264002151975,-0.0033618067630758475,-0.004726078672639744,-0.0008922359570071592,0.00381207657343019,-0.002876064692210356,-0.011573820168603532,0.0011900676064948712,0.004450830485114743,0.01759060395578782,0.0024449535938551037,-0.012820542817576275,0.018882356820893786,-0.005552061021431243,0.008336322446704791,0.0009984595019876252,0.012534861283293175,-0.00040941492641621835,0.0017789961346608152,-0.0022471805846615567,0.01051160438871035,0.007141583979381139,0.004024760135131089,-0.009867346878680294,0.012958178353652094,-0.002376172237639196,-0.004628459659865136,-0.02569438821310488,-0.008582967559474852,0.00039682427859499825,0.06056157613014701,-0.02427755077297178,0.004569237336859544,0.003139379839548262,-0.014152907971005213,0.002777693609131049,0.015093749468957363,0.006266805567697986,0.015225744506573768,0.017554375972927083,-0.004694500879697472,-0.0010005636284011743,-0.011983637010196446,-0.0017303699209056944,0.008162178147578913,-0.0008536239314897998,0.0074586365968682955,-0.025976023963779404,-0.009309464681555468,-0.005196533182425078,0.00019969341930980988,-0.021199887021002617,0.004052209956991959,-0.03117065454530188,-0.04829926448030619,0.0015004614730216304,-0.02438234830053787,0.006301328596844513,0.003846471803105711,-0.003341977636607929,-0.010267664714958435,-0.0007858512009732976,0.004542811220964005,0.009400076075527508,0.003355773234622106,-0.018785879373040437,-0.004668825770443696,-0.0011359920664579803,-0.03976504143170967,0.0012951744690816724,-0.04632396266692407,0.0051702320322357664,0.005151075773254021,0.0055720339251577045,-0.011576500553493574,-0.007099511226433819,-0.043619241032666345,-0.0057928210958912985,-0.028496977864246098,-0.04965996030401243,0.014200016486085154,0.01613014895007492,-0.018004884865302273,0.04325738722635819,-0.012678277422153883,-0.005756464682799223,-0.0012531845901930794,0.002514793932464343,0.0064374166558769375,0.0014469126847647118,-0.010008379266245981,0.008554559642962367,-0.014742817868701685,-0.00019560972423793288,-0.019925205653678724,0.012868116983219657,-0.018287204276209224,0.02258189738301919,0.009747067934148923,0.004057757942932838,0.010313909324673354,-0.0032723082263603764,-0.016851067644076956,-0.008041183913232608,0.0037552455721479028,-0.009016320520675691,0.028836096652859133,-0.010093788616392985,0.00547241203917892,0.01984217512815789,-0.0034590109848497974,0.0168221756512823,-0.013569224872767016
2025-09-24,-0.008316012069651713,-0.012608285107331696,-0.003186342011958665,-0.015271741331091881,-0.02254343563279182,0.006309013883510239,0.007791100153564656,-0.004725080736363019,0.006039878192765968,0.009847961628820734,0.0008578840272797095,0.004889274724330761,0.0022273534407037943,-0.0030576843846183976,-0.026896930677083652,-0.00751875827651638,-0.002653328646572639,-0.01211231707504723,0.002211786640114788,-0.015310427598888232,-0.022091364568225913,-0.054199044139184416,-0.0019969539389448343,-0.003597885539908141,0.012450441972575277,-0.007840037267813571,-0.000929221057209606,-0.006828444005127388,0.0017609031924319396,-0.004483359912454965,-0.015375037610031228,0.0035237207545417704,-0.038198070624099856,-0.015151207630373698,-0.004695387254342265,-0.02744006889807782,0.005728775594996627,0.004676589857544933,0.012494359455912374,0.00013325162529298495,0.008521321212505484,-0.01558646234085348,0.004639306187533165,0.023082515624941458,0.018239047890152627,0.0018488260865030526,-0.008420149806054766,0.0070376136050391835,-0.017607932831069206,-0.004240183391534202,-0.008009621244773335,-0.0032896907843911194,-0.0030881498738972724,0.010894495528412484,-0.021431741816637206,-0.0063283867648982195,-0.018671858972954425,-0.01957483963004858,0.009601453533437443,-0.012749161264085096,0.0037074846130717987,0.0037256809658421375,0.01000609067001168,0.0024578498036609275,0.009260826982218084,0.007656736227086736,-0.016037936496019256,0.01726292100134419,0.009291266148215627,-0.01866337925665995,-0.00029312515341661793,-0.020411203940045475,-0.011347390953647896,-0.007429730250197331,-0.016058062823363528,0.02153375991303097,-0.01925840314581606,-0.019398985300564497,-0.019211858121444436,0.015759617409232263,-0.003005197850979968,-0.002723420799840781,-0.0036899203000784198,-0.020473255838362903,-0.017844671664692058,-0.018208214168301318,-0.0010539985247310923,0.061023234894567846,-0.007697163208226776,-0.007269234666170021,-0.006640638492257267,-0.0003548702503728407,0.0008030667308549511,-0.06557351233349351,-0.004564892535690035,0.012559245194053048,-0.004286979140642799,-0.01270739659560327,-0.006145607388261531,-0.0008931828637983585,-0.009737476988890492,-0.028355317577912764,-0.0025756736119424417,0.0011563829594560815,0.0034898016210300753,0.024590552791538656,-0.004584697165814333,0.008434194697901631,0.007732896252005794,0.005623619698901017,0.011728186389848183,-0.011448520143588325,0.005436803634752074,0.002436808370686272,0.01002202550794351,-0.002840258269967144,-0.0193888996755609,1.987024366734147e-05,-0.03381869342946775,-0.03130281465467366,0.020225523242848986,-0.018098768663960207,-0.02955638611332123,-0.014019958686779077,0.0038059857165881894,0.014386409941221423,0.006372095014658186,0.003036707144833173,-0.01076916404939432,-0.02093909847073583,-0.0037122400326721205,-0.013041549654476903,0.0020525058107683236,-0.0015491955580801964,-0.00013583136568939835,0.006129566767935302,-0.016198909688228014,-0.013826192848577001,-0.0063029223866104545,0.00020915671553556336,0.031411023639120295,0.008951120398333678,0.02341988138373985,0.0014390007609739186,-0.01362383066426709,0.01733163896144152,-0.0009987295976090493,0.003431602393803246,-0.015817175878903633,0.07954384450919338,-0.018112202308214975,0.00022968157667691003,-0.004454020957193272,-0.006358686930253654,-0.04735688340541877,0.006593048000175017,-0.005687481852321596,-0.0126180290783795,0.013742862515413456,-0.0063504302346322206,-0.017711058881292097,-0.0021038030966500365,-0.00014535885980304641,0.0037798163543700802,0.004365721197939543,-0.0026476339525176584,-0.004603963053720683,-0.019881021845173485,0.0007079493826047667,0.038524327186358676,0.012582956718338423,-0.002364877260627729,0.01581250535403811,0.010745707803089033,-0.004137291679131572,-0.02267737179642282,-0.0038901081797875214,-0.0003374520421433047,-0.007298389856435605,-0.004566504084366763,0.0056130404469145745,-0.010544264780408596,-0.003860153274311884,0.0052123607481409095,0.02326596287919802,0.0015093542838515717,0.005078717561188384,-0.005979204588754783
2025-09-25,0.017962847331143728,-0.007382061924868566,-0.010644554642803783,-0.004785913392067798,0.0037764400513466967,-0.005432781698737621,-0.009089748220896254,-0.011000462613569795,-0.010191997822132315,0.0014728500496579144,-0.004604782484634917,-0.02315047443294649,-0.009782507874119162,-0.0005122144649476468,-0.029294353074808654,0.0034890832101668323,-0.009784138036945222,0.0009419289171512801,-0.0056381932170816995,-0.023803377931555403,-0.010341718457234528,-0.006910321049665491,-0.012593366487650748,-0.001576011942640676,-0.011084341958852661,-0.009417606988050053,0.001967834905053145,0.00717842475329622,0.007787208237202137,0.01582770304761638,-0.01566361295498986,0.0005589472012763608,-0.014586007468741613,0.0025572751565494656,-0.014576081253133921,-0.01827770385709293,-0.04008528567065639,-0.02558087741750459,-0.017441810520064216,0.0007657633743920478,0.015267134721990594,-0.01038035577398233,-0.009677334366607226,0.01250015568403029,-0.03270477341436617,-0.001995068226174901,-0.008145087660098582,-0.01868092133077237,-0.008252512078197327,0.006864482650900783,-0.0018281093027430195,0.009453954494360595,-0.024964613346066145,0.0094044952150103,0.002726615272604427,-0.005311831020121005,-0.010372894137411492,-0.023515576235864977,-0.00474246956136426,-0.004226794623961361,-0.011403274250783468,0.00019465965558662646,-0.028253742783566516,-0.014850521452698828,0.005523875013603963,-0.005320230582070096,-0.007889323304602236,0.0010305662937613036,-0.011511739760912576,-0.003560207638290791,0.000908060307510894,-0.013261806919473429,-0.039011425486384255,-0.024887548004227433,-0.01231885938874111,0.010036386581202095,-0.006321151199159658,-0.006752539709579786,0.0011007759336694178,-0.005761144170884691,-0.005904680597061507,-0.007919214920309336,-0.004615940394416818,-0.004910726958074818,0.005888717505686536,0.049931732319687505,-0.005408592374388732,0.08392363971226802,-0.004440127122663284,-0.012145394736562842,-0.006720237913494742,0.004891054490017588,-0.0012733705491569935,-0.01692747690150398,-0.011195875748715167,0.003844711326254746,-0.007479769520468693,-0.0012662342540625815,-0.03669227583994239,-0.003965594383865678,-0.0071656450793584625,-0.004065659961177026,-0.0031967246519970516,-0.00473048143340371,-0.0069558075341324965,-0.03321676012991226,-0.004877045536658464,-0.029289716918134978,-0.015602450140479007,-0.016883050579296288,-0.007852102772506697,-0.010783523235784465,-0.006768045199585515,-0.0006422224525755027,0.015555293240958612,-0.02553253265436961,0.005442683113182412,-0.0079196910558057,0.001179034069564544,-0.033294887328096046,0.010606393139572567,-0.0014315975652134938,-0.0008486827058495905,0.0015251704197387639,-0.028469279807027625,-0.002266218953451471,-0.015693540400445904,0.003052667145201582,0.0015072500091273255,-0.060815457495206005,0.009468053212899896,0.007079512130084176,-0.015801234275016007,-0.020440308615878422,-0.0013841589619714156,0.009404711999992266,-0.006002234438991394,0.003172716290672284,0.004526119670652307,-0.007162789168660311,-0.008386968757220892,-0.015829293320141602,-0.022567357416681588,-0.01364119420516463,-0.007408257917203898,-0.03646900055994351,-0.0028046485562924772,-0.0071928380587946705,-0.0043418955776726165,-0.013902197106518521,0.024178548673251754,-0.0023583541643690253,-0.008492809123067602,-0.006377749145073608,0.03905495756548749,-0.008397997757946918,-0.0030852900333835365,-0.012314683313381813,-0.00954240943451623,-0.0073380043659740934,-0.001957730966729354,-0.008939969068261888,-0.008352141560146187,-0.003643109988318294,0.006462516904627513,-0.01785412646280271,-0.001973510189962724,0.0009808133447011258,-0.009597479402951414,-0.04528598483842483,-0.013612586517804282,-0.004002880563387379,-0.013892551221629468,0.007454352896580474,-0.013935098538473412,-0.006968864827699761,-0.003494156719001662,-0.011412463232921333,0.014742558950436191,0.0032919859436972843,0.005794831955538093,0.0029153192776680825,0.0017198289668280964,-0.010579127338180783,0.006736168724685854,0.002573144555091389,0.008690587306920072,-0.003184771867453584
2025-09-26,-0.005452942243208803,0.008658366564801234,0.016109741490391016,0.0013542668927222223,0.018642716389233982,-0.0009579710423217591,0.009035310275861796,0.007836898208061882,0.011017636120489449,0.016945025005032477,0.0037580760078412823,-0.01088593693239659,0.02080602020337885,-0.014220300441825096,0.006538829696789428,0.0023409807702581276,0.007058826252021255,-0.005920313327477444,0.012863412899572602,0.004114126885474079,-0.0016186791115098131,0.011586153540702249,-0.007770177669101486,0.003705283181751895,0.013605919451144644,0.03346924883481339,0.005989895712501969,0.0023629457934450926,-0.0062299709404012305,0.0068057099440554936,0.017689391764672546,0.00015094138040527838,-0.002157506265102249,0.010789941052376406,0.0028183973371929127,-0.004320932277732226,0.01338363240460616,0.007434100250359066,-0.0010396977176707622,0.0036070635677583063,0.004887786828825291,0.008705150682336793,0.0058599543860138326,0.017339639621724245,0.02572806853914944,-0.029352642934785678,0.00842107777276091,0.01185399765556383,0.01602717395353359,-0.010305991260350922,0.006140985441227986,0.010236597046207052,0.013909524179193333,-0.003714136358863307,-0.0009123843680551857,-0.006347350360814907,-0.0033097966275601465,0.020932061373592603,0.003383293552397859,8.451534394104954e-05,0.0050367327382527805,0.013192998408024792,0.00786631159054707,-0.012708624735353169,0.000480841184786307,0.003223430268623151,0.01038214751456401,0.003323641280895462,0.010348362995266314,0.014367331554566043,0.01646083828689715,-0.010248281526896719,-0.00818874687461335,0.008923055383703193,0.00026650858933141564,0.009587534783604745,0.001246747036738327,0.0017717491569353427,0.007868883753891609,0.008448259584888262,0.006231404292486253,0.001085751559012138,0.002064300941615471,0.01426901905664657,0.015553630976003596,0.009389967667497778,0.0018703823829442356,0.04238240310871788,0.006624766177249164,0.007987890509468798,0.011874921932975901,0.010101261526037852,0.006923087239511183,-0.012497980860449509,0.0026881230519935073,0.009873675105521063,-0.005091377257494756,0.0008010281429955413,0.014573721239287352,0.00635031203394032,0.006056861802862912,-0.0010241954626497574,-0.0043708736286633965,0.012618332354368711,0.009415429493471628,0.031033586886743514,0.008108255117450724,0.012249077493656557,0.006261399183246752,-0.008229212919605544,0.008647754908868599,-0.002015135097196641,0.010026989453623791,0.0063818741377517085,0.009795172344821523,0.013088431882389173,0.005959778946443173,0.006914129750295039,0.0015936289051232677,0.00014883309309610127,0.015508167948171447,0.014882896764113696,-0.012300902763249688,-7.216870296922195e-05,0.0007362396625953949,0.01341400145749816,0.019000273377512755,0.008664038922302275,0.00025687956120457045,-0.031065450630455516,0.013227119328562686,0.0003748445820574986,0.003861053810871873,0.0068666375193862095,0.0026865371101285618,0.00563332116823112,0.006465795330559132,0.00869561873032243,0.0038220357643359293,0.002281581636291108,0.010221805911591275,0.009168973719477336,-0.002848753147431715,0.017194330710388783,0.004448951625563247,0.016442246604229105,0.005506053774495534,0.015751889264809193,-0.0043694449704014815,-0.009102985389132456,0.005571240730065874,-0.01002227845882775,0.00518910384666782,0.011615095920241458,0.00018955358176686588,0.00818325223217986,0.014867259057235849,0.004183045936984264,0.023540283849590615,0.0010464027758860794,-0.0008979116024376843,-0.002556845247083661,0.003794188755021466,0.005733755221973613,0.01068259295449181,0.011956925448760813,-0.0020194133860487185,-0.006445011073280327,0.012087913818260354,0.038905493085281684,0.013179246969639458,0.006510982619935213,-0.000259638735474077,0.014059155283177915,0.015633400626972715,0.014940275120369328,0.00788802619155149,0.006980392261350943,0.010982362080417474,0.005342553136979067,0.016692878499648067,0.017120242995146917,0.00737606630745713,0.006794975591535746,0.01059886462322801,0.0005298333344798678,0.013742886413816713,0.017287658884528767
2025-09-29,-0.003988849140874606,0.010723482091317571,-0.006105283636547831,-0.003744723051454457,-0.001379362136328055,-0.012331439547422107,0.003738398933479381,-0.0032277545821788323,0.0050670811540314276,-0.00017105841491282803,0.005349631299713664,-0.0013487787107120397,0.004431958460938468,0.008911304115460261,0.0035429702098950244,0.0008945457311329008,0.010430463261320355,0.004088460070493127,-0.0037926145956976853,0.014132497489899976,-0.0168771833359731,0.006495662076888564,-0.023105875534315423,0.0011475988319915587,0.01663398964689833,-0.021164372792057407,0.003084956120022131,0.0002526995127087872,-0.018183842078746792,0.015243089037479507,0.0021457701290601428,-0.011935823583172578,0.0041044322508048126,-0.004474922641921175,0.010910638934949368,-0.006162902325248076,0.0074196484373603155,0.0016745050712332343,0.010467232427831874,-0.006827870286902904,0.0063621447877801884,0.00241012591342038,-0.003272414394906775,-0.026832548850661553,0.002200986802555427,0.0010844668965726,0.017489653757974732,0.008450852739836812,0.013069752795970224,0.00643315016611723,0.051486234304793044,-0.002161020029030958,-0.004161374894222192,-0.025900168008043956,0.03510239029047213,0.0027039705737053055,0.021948216488037353,0.007290412027752602,0.010622852169679398,-0.00840363631916663,-0.0024595700372866958,0.0062820401334695575,0.005237567851623659,0.004006489957181891,-0.033944034879654694,-0.011709735696123769,-0.010068354375345479,-0.014547088691133414,0.010223494711638637,0.005021817721588384,0.003932794380289373,-0.006183876959905632,-0.008850884303615913,0.0035998950054567658,0.008893028933704805,-0.0030446154641454726,-0.012698352349578279,-0.011426067970520926,0.00016883185094052067,0.002780942632710115,-0.008282036281012317,0.0013112040568588057,0.004929911507918661,-0.00935218059420695,0.0377402919548242,-0.01674598654227122,0.0007328777321422564,-0.030237144245520486,-0.006524440640321316,-0.0031527183142303628,0.0010361502118509947,0.009594396398912686,-0.002540357361833223,0.0032406446339594552,-0.0023507819753509906,0.005554369845482743,0.005236705488294469,0.0038469737519362113,0.00346111347031286,0.009241080973914073,-0.015035563783444061,0.018695156286798742,0.004773647651401092,0.009841259194481644,-0.007661726009806635,0.0005965592441032896,0.008098537764000824,-0.012045842697250286,-0.003104395327764742,-0.0017861197763977543,0.004000120153625275,0.007700270046870905,0.02297324505680276,-0.002172047108820685,-0.012829655078763658,0.0010477978435385893,0.005225000447591555,0.004335367005682045,-0.005277298192680746,0.03863968952745456,0.004295963916280066,-0.012188133459834383,0.006560790726076959,-0.005507116596827011,0.003182619506095996,-0.0023050311231731513,0.005414723914316966,0.005934574809439042,0.01777878094463059,-0.0061523122990472245,0.01237128720934244,0.007410206325819679,-0.001772851901970185,0.0038905048803665743,0.007120308750542037,0.00409245098153832,0.002713870804115004,0.0005140750829024654,-0.01317982702716236,-0.007831391558876355,0.006749082335397283,0.03556609758237528,-0.023335359178992654,0.04158461293850024,-0.003317066987818862,-0.004149982437936295,0.003290529289870392,-7.457830672041865e-05,0.02751718431143324,0.03342880370402579,0.013291376414386491,-0.01994542379314801,0.0028308264450593867,0.0007017385839063195,-0.013648080725849887,-0.007322764911571689,0.002236540177597668,0.008077234751120876,0.012001901232260082,0.0021540503523445054,-0.009764852983093153,-0.0042876750453606505,-0.0056048885055624,-0.0025444736117359312,0.0022263560154556217,-0.003665449717765945,0.002019094875405081,-0.005903926024448225,-0.005285464902888393,0.005876164874088374,-0.00769311666683592,0.009151823565860084,0.007224399086178224,0.004518242449855769,0.011196629067472763,-0.005690702378229773,-0.009582979528858893,0.007957528659879642,0.025405762763528017,-0.00892650583959309,0.0048001527326766436,0.006060053941316923,-0.005017641680053586,0.0031521876623950007,-0.0010221740668052703,-0.0013127600201032763,-0.026186248609702645,-0.0024368192943251543
2025-09-30,0.0008370526252301502,0.03609461466930419,-0.01205787901873645,0.0057716476578448805,-0.017471820453538456,0.0026314365334894063,0.002770216607126841,-0.014223262145895532,0.023695119410617416,0.003057054211613064,0.013330030052371988,0.015051089651229255,-0.0016314448724408237,-0.00027218504359804996,0.02952040654310295,-0.0032977574803707554,-0.012157067330467619,0.014191516480367206,0.005827793632235512,0.008606075160473736,0.01856683789699698,-0.03743231971975103,0.0030232530800402557,-0.03079439994700639,0.0025666682052545298,-0.00786676301764011,-0.016889514778023695,-0.008978147283193572,-0.011478241955675372,-0.009423636149449521,0.02275529578983493,0.005804955119421251,-0.031054856483907933,-0.01818025525480582,0.010107343860993545,0.0062199927702852875,-0.01727450810685216,0.005634467006209398,-0.005396326384317973,-0.0017758517300818788,-0.008422072113293488,0.006075732173292714,-0.05180233779282961,-0.012996308497174702,0.01309512561175552,0.009589434348350245,-0.021573641923863907,-0.031992167199900834,0.0025161871988643725,0.009306144398389726,-0.00961596952490984,0.006054719947819365,-0.0039029735377633656,-0.005426318469098135,-0.004272778469090355,-0.01487579905950831,0.05533146494633279,0.06422187267776724,-0.0032982839800368424,0.015653493993570855,0.0070366967710198125,0.0027336721831288102,0.012525575758361107,0.013786741494887345,-0.010515021086648701,0.0003767494874051813,0.0028409760371221893,-0.0018723890765426354,-0.008342841591344907,-0.005640605968161516,0.024643812889355132,0.021373728039047357,0.016175246700559143,-0.015517307268443581,0.019303808776097497,-0.003540353715520972,-0.00454433819023059,-0.005175207753626232,-0.011545027650456063,0.01086584383550715,-0.004192509070673367,-0.011598696848999168,0.005520470620374418,0.01924505931850451,-0.001846767286369122,0.007643393443534485,0.002096520951425873,-0.02842647212539884,-0.018501306909402437,0.019236387570172653,0.003538238213804945,0.01972929635571319,-0.00219304099455897,-0.034526206655749014,0.011305994862466306,-0.0022186427878421178,0.0038490852458989977,-0.0036597356436862682,0.04975151133977462,0.014558959463781385,-0.008112477917542549,0.018625212873828012,0.0006401667649900133,-0.024190556377881478,0.0027029689265480883,0.012901611015522896,-0.009490402889395178,0.00499996498723565,0.012976899318057455,-0.013523029740522219,0.007119899387040718,0.00653737233826579,0.003695547917352826,0.004358098232916774,-0.020761151612909146,0.06665902537605461,-0.015056722017664725,0.004703872829526112,0.006685845890188169,0.01799892760952826,-0.00993144356400677,-0.006549057343631759,-0.02216294552769771,-0.008259634695201967,0.0023104463194325575,0.024068011223536523,-0.02185927019149414,0.0014333828267849569,0.023124801535266748,-0.009070051316056649,0.0012119461753652416,-0.0020844832287769677,0.0020758359183679076,0.06621944778926947,0.0011700790760054147,0.010700790623202394,0.004984032001230432,0.002524385031350107,-0.006448871931477029,-0.005143403645955225,0.010633902403210271,-0.03751253884673389,0.00637618660010375,-0.027128807075042616,-0.012454039653949422,0.004158929675499579,0.0014047101987806343,0.020573023028554793,-0.011325180753591013,0.0012959351168086997,-0.016341838698449074,-0.01794641041857581,0.009573992106355789,-0.0006790588878642367,0.023206131976741595,0.008373490990080334,0.009503485388629329,-0.009893309572062137,0.0026668375238498854,0.001531911563581012,0.0047867764567932625,-0.00560691194091989,0.021408820268892903,-0.004733996670021057,0.0063076564320043715,0.04962331992562241,0.005907520977594061,-0.005996984137088823,0.009050243673257796,0.0029170711020780615,0.0022102704950084373,-0.018359903200646066,0.0043799889759919,0.0011644673065811517,-0.00962272278605436,0.009229369253445086,-0.0033319660512658444,0.003301820847549486,-0.008428129381422345,0.015418152912984873,-0.02782843622661435,0.009604688868979139,-0.01062726202384745,0.0061341426231988905,-0.010136475821934887,-0.0007311057012797662,-0.01321360685867834,0.023166099412156527
