Date,A,AAPL,ABBV,ABNB,ABT,ACM,ADBE,ADI,ADM,ADP,ADSK,AEE,AEP,AFG,AFL,AFRM,AGNC,AGNCL,AGNCM,AGNCN,AGNCO,AGNCP,AIG,AIZ,AJG,AKAM,ALAB,ALL,ALLE,ALLY,ALNY,AMAT,AMD,AME,AMGN,AMH,AMP,AMT,AMZN,ANET,AON,AOS,APD,APG,APH,APO,APOS,APP,APPF,AQNB
2025-01-03,0.017494995126706492,-0.0019601898185426236,0.00910183486833116,0.03188583798984723,0.002987467703884583,0.012093348710732421,-0.02267469888387197,0.01776266465583287,-0.005078003795364605,0.00692265304910844,0.00192792424141075,-0.0020305309257784288,0.0004159329029489456,-0.003542168152388392,0.00770392234946371,0.059616303081261535,0.016530142245555712,-0.004730876209575019,0.00048510662200440535,0.0019874763896012837,-0.0035574099080384336,-0.0012107893915520584,-0.0027079347589875624,0.002096550888574633,0.016448668778560105,-0.01852124557524082,0.041053549995191396,-0.0030803383887159086,0.010295161706570077,0.0016184995006911507,-0.0009664174055119545,0.036471506501855266,0.03560795609217582,0.006693632156869356,0.0073774777988511175,0.015194968344865778,0.01116819180147477,0.007870308442821106,0.017481522650192538,0.028049394877339928,-0.002504929242697962,0.01817911004627959,0.0025449556800856143,0.017156164073052427,0.011848033349669329,0.019737201516770497,0.004947591238491533,0.022918532003298964,0.01719808324259553,-0.0011890500613418453
2025-01-06,0.006137892137083156,0.006767652565453197,-0.006968501808390037,-0.003544915803464832,-0.0074088900679960545,-0.006199540943560677,0.0026759373341658232,0.01105848766312345,-0.010114065021137986,-0.01585249143492895,-0.005876639749820889,-0.02299276853624388,-0.0197527428254185,-0.020034021563753335,-0.01345060264254272,-0.023690203827754885,-0.013357323741480798,3.836865615047813e-05,0.0006432526696906748,-0.004600767826135055,1.9054283026953556e-06,0.0008140886479468534,-0.005056452784207188,-0.01995891490779833,-0.014061937833050209,-0.0006546293334430686,0.014367503897817713,-0.029835994657863907,-0.0101697248307282,0.009096530417790571,-0.008622529525058376,0.042100426168224736,0.029864099394054655,-0.0010157403909136775,-0.01019616514087307,-0.032896768328924075,-0.009297497891376238,-0.013224354600432697,0.01475438057799483,0.030287510781633387,-0.015372371546892083,0.0038562059294307005,-0.0020040766110227537,-0.007333883998842605,0.010762871871802027,0.0008642006475199082,-0.005886461389468689,0.009429234795208963,-0.007841906095316986,-0.0007933385142298022
2025-01-07,0.007856717405446467,-0.011401853277639873,-0.0039390104626404465,-0.029126326503075894,0.0027350785631243824,-0.002387994369128954,-0.01876826873579418,-0.01089791107158078,-0.005724978546845172,0.00431745273078743,-0.006386050647288144,0.01201338682051123,0.0008795762196127654,-0.0018722242495803343,0.01018119798290229,-0.062413286374780164,-0.0005640921909964014,-0.0019534187212788545,-0.0012621780813293348,-0.006962828619053063,-0.0019787775213586656,-0.004049398097309087,0.0012785951420895003,-0.0031660488946352316,0.012280143245814834,-0.00797925351207418,-0.07713925829925206,0.0002268492406560796,-0.015247396461004037,-0.012841444013420134,0.00815035757288296,0.00130749333994995,-0.02021821873391172,-0.004368363590658397,0.013252535061160309,-0.006040934564125688,-0.003603019952458375,-0.017836185883250977,-0.024846225922734,-0.03350294620963723,0.00022991049020859577,-0.009253739356125834,0.011209005397257776,0.01119880224536507,0.0008053816860709162,-0.03949249301980373,-0.0017818065212789058,-0.07551551956711045,-0.0071646565848659804,-0.0015865643777819294
2025-01-08,-0.0022891102348561176,0.0020722523738356813,-0.006522711917178903,-0.003518854728463694,0.007023136110326789,0.00022359874881772157,-0.005982677112851498,0.019870085189167774,0.006573209326019125,0.011932778538070288,0.018312405569013812,0.013991150207790959,0.01881265242296415,9.334877536293362e-05,0.006992132964025011,-0.04594734819488622,-0.003788223805844204,-0.013201005899515117,-0.002297233525663689,0.0012268178957151044,0.002970683511554384,-0.0008069658607210428,-0.01648490963127891,-0.007644711988176844,0.020507915875279004,0.009986020845616395,-0.026089619175648338,0.03001938045952901,0.005667825946180649,-0.005657628620626909,0.01552052500380885,-0.0052849528749590036,-0.04700692157045694,-0.001579728270262315,0.008093722239965295,0.008121787024013116,0.011602845705656506,0.010791267279841144,-0.0002952819685377861,-9.178381301122585e-05,0.011758802261343071,0.0050406010582237926,-0.003420223553247226,-0.01986298454328228,0.0013409875383194603,-0.0022697850495347893,-0.00592645491151611,-0.005145088699431533,0.014807538300220635,-0.0011908546955106125
2025-01-10,0.004123975622150056,-0.02434773078125385,-0.019600711915507496,-0.00876493735004047,-0.017570660802752158,-0.015058172944170778,-0.03183780273343917,-0.03837468033815661,0.023083742342200342,-0.017513448091282413,-0.03985157510416837,-0.013994173552880795,0.012677949688144174,-0.018748452100277646,-0.025307525157669097,-0.06123387038081152,-0.01684242692949045,-0.014186730024766003,-0.005095985727310293,-0.0018995193885338324,-0.006538193784406232,-0.0024345302050141626,-0.013481012317054564,-0.03213642522590199,0.005508843695832155,-0.04744942797085372,-0.012895419775024841,-0.058483385379018316,-0.019197055615333802,-0.04158863961146109,-0.014528912847824316,-0.03124195524920914,-0.051707155522160875,-0.013208227260952832,-0.0075992444309358476,-0.02484214813542618,-0.03690339172742885,-0.03304538293568893,-0.014850429845330027,-0.012178898408463645,-0.00806063141967428,-0.016653194964302287,0.027438220079484488,-0.021843876374787463,-0.026777227364017442,-0.040907266252761865,-0.014725425731715092,-0.03580856662179066,-0.04070547925520884,-0.0007943628835369587
2025-01-13,0.0327682852385216,-0.010346760316259918,0.00815363193785057,-0.005815043086441207,0.0073604814076269065,0.02280657293188515,0.007596032646197237,0.0016481892027941925,0.018272850268405527,0.011515080177557202,-0.0010830694584544887,0.008251905832230122,0.01017476180762067,0.010668095385297782,0.014662515629763284,-0.013532024075345817,-0.002754399696716092,0.0029107722862797836,0.0008893787998061065,-0.000336350746409142,0.0015920716031687654,0.004878492708587867,0.004435227775074324,0.004781787328465015,-0.003956060063599054,0.008781400566008735,-0.02422141711277792,0.00805535769686383,0.01411841379115053,0.021376211659110744,0.07803133763608106,-0.005219267246264536,0.008036830230142122,0.0017492067843019043,0.02982645540894513,0.0043146065809303025,0.004219053442895415,0.019317972944554285,-0.002580111300796162,-0.016977754238008735,0.014999733409667648,0.014909994232613855,0.029478763507365002,0.0003943709643987603,-0.030676496111713192,-0.0031764571455790147,-0.003349502582739916,-0.011533468041461603,-0.006229167455310325,-0.0011917198488173852
2025-01-14,0.011071294548229638,-0.004738369074241966,-0.007524765979711745,-0.0095283767898513,-0.001947717414685357,0.011551172893229378,0.01151347941339953,0.0068722623105275105,-0.019691603991895068,0.005025457932304356,0.0065799995314588244,0.006165482781024245,-0.0012029327915801247,0.025954021297587282,0.011173394312852025,0.009736651850603906,0.01250786621237543,-0.008556422406104769,8.980479280973341e-05,0.0035669589173012994,-0.00039404285758593005,-0.0004006740562956246,0.024027506058187598,0.024091184199839688,0.011713685013437392,0.011930550337389434,0.005178249161127191,0.022650788441413994,0.009556272125420762,0.009349597757117412,-0.07503141150626114,0.015590754643811877,-0.013472964838436852,0.014666870867168669,-0.011579383218417227,-0.00558909932337226,0.01752488182460521,0.009911361105223726,-0.003594791092179861,0.017954150726228413,0.0225382541927992,0.03695760264574677,0.020762843204658488,0.03408226750110854,0.02402624197447878,0.02947091675499447,0.00889231433142923,0.01428965326007603,0.01522619185181906,0.0003972458143750579
2025-01-15,-0.007702547014609706,0.01953610750905277,-0.015598736395540769,0.038053499444711036,-0.012344666417179795,-0.00729617451034148,0.012272557213125701,0.015415877151340851,-0.0026643125579530746,0.00564697766832456,0.013496226878702444,0.018600603587217712,0.005759723508138137,0.01401157011367804,0.010857257117666386,0.048121386480813655,0.015539478564331688,0.006693426117184043,0.002481036341579035,0.004327407406239825,-0.00039404285758637414,-0.0004006740562956246,0.0062150670615856995,0.02070649057161411,0.0039624607893635755,0.0005013450393667185,0.020838911205139254,0.006037249654949228,0.007059374746035907,0.04908080458818764,0.03894356061829374,0.026268033827399506,0.02985918130943599,0.004831128866839229,0.006788153967521637,-0.022897853404633572,0.020023320823665536,0.007919485034066476,0.024961218826418552,0.00830442300057932,-0.003745839571281273,-0.004726929583681816,-0.003089373772738213,0.0037600542524294234,0.005807091530154906,0.034686176963387716,0.018191611722820245,0.0397958562254237,0.022513827785870966,0.0013883873062328078
2025-01-16,0.018054535926701476,-0.04118770699283747,0.012852409181569158,-0.0025000234641980867,0.024533420353454183,-0.014352506900467965,0.024122839112142636,-0.015851795570011262,-0.00423243402520912,0.00960581231065305,-0.0035520754300106816,0.02917095026926031,0.016934535441302856,0.012717362660898068,0.01073889967150965,-0.005873262497215315,0.016331795873016475,-0.011536661264649695,0.00227476680805605,-0.0030542323458195852,0.003961476076073556,-0.0020220540408053544,0.020480789426996715,0.012663031419429593,0.019347595975885312,0.0009430867274087262,-0.03448869044382441,0.01572331024920981,0.010831187433156586,0.0055476916701162615,-0.01118503259736503,0.04380158962240266,-0.015685266537381004,0.0041973884385910765,0.0017432589958694678,0.01248350930996045,0.01707677678554198,0.05211364381171002,-0.012502345818400151,0.01533560672732115,0.019321418191240447,0.005815045795996454,0.01703237664819479,-0.0018820273127375664,-0.01930545949821827,0.007097187176738906,-0.007781182040800694,-0.011757731978467412,-0.0020439681778787744,0.0018994143249062567
2025-01-17,0.018776961349246335,0.007558267393240392,-0.013165674142165074,0.022370147605636603,-0.004226586966812107,0.008509019040995547,0.008402128960686817,0.01799179054687272,0.0037870736172940234,-0.0002647438289731241,0.0041200982485429805,0.0028411619531656385,0.003651603060706776,-0.01963904684427753,0.005191315678135133,-0.002431527201995465,0.005698638890454966,-0.0011865679884555114,-0.0005080064300111431,0.0019937140184795865,9.669754428287547e-07,-0.0001978371471400564,0.006037092441922631,-0.00040781071915052536,-0.0030509013129558227,0.006783583057734965,0.03667412958543714,-0.012051177919703449,0.005293811639613288,-0.012739173429424433,-0.015454313296555,0.028825424693301294,0.02224501495040876,-0.0009547563290537298,0.009820684856134854,0.009493664801284218,0.010620087060876138,0.0011364755211893396,0.023261073554551537,0.013291066712307398,-0.004968078466236037,0.005218346547330555,0.018585337031253424,-0.0010811870831992643,-0.010141647811648724,0.007055784519629071,9.427172744436163e-05,0.02793649228560735,-0.0026398868403134657,-0.00012034066426691581
2025-01-21,0.035444045361705534,-0.032384995262177085,0.005332707646046764,-0.015067627041403853,0.028306306823652427,0.017820001215843817,0.015965874544854763,0.009315547495372556,-0.003052840237434573,0.006533431904668596,0.01796886112540097,0.021287389087527586,0.0049620945733224175,-0.00036188175073803563,-0.0010207192628568507,-0.02369791559987533,0.011845796625367111,0.009516856065465262,0.005235076237652514,0.003535066091270078,0.004334186138309715,0.003445020489539097,0.0006889278444868197,-0.009336670131452784,0.006826162786790491,0.04101418721149663,-0.07369905769444429,0.004017566068744927,0.00902387373477076,0.03239236824015679,0.06947598960561407,0.0036543686978696144,0.0037950599731155776,0.021492985401668996,0.009796547379456122,0.006868859429709495,0.011926042317363716,-0.002964844104062614,0.02050670895261586,0.01084109151526036,0.005518491066875519,0.011672663579085807,0.006507223191120737,0.021323890837395165,0.04261820211516998,0.014011556971041728,0.0004700896109905983,-0.014308038739767603,0.031857114462732206,0.0023668765841482475
2025-01-22,0.0008957658655823764,0.005382049667364441,-0.020722494397714897,-0.004072466444433154,0.007996383554338848,-0.005515592945609882,0.003457899431172251,0.010727272044610103,-0.015447977912733002,-0.0061175640183748214,0.01458342310898253,-0.030945158532363237,-0.0040568455241931645,-0.007415992368517976,-0.019921434822016693,-0.007912847555805236,-0.002621778304941369,-0.0015890846421320326,-0.0026819419103127906,-0.0038199507495666474,-0.0005906771889709894,0.0010125918838288506,-0.005978733325819441,-0.011497818745776378,-0.010846083208286394,0.0053785610421170915,-0.01648424849922403,-0.024473213420050044,-0.023622442124943355,0.03688399477621873,0.002044755048162372,0.012988808945454622,0.009016470274095134,0.021189869900939406,-0.005074880306997542,-0.014713797484227076,0.005115082545973593,-0.025279112857857555,0.018081160756245218,0.06423646182142395,-0.001778059156867684,-0.024453949841243272,-0.008341862109575438,-0.00634098983340925,0.06421548056262605,-0.0013836157120028503,0.006088635050059743,0.06396854156419174,-0.011906830788545264,0.0003909825898826824
2025-01-23,-0.0002842718874616068,-0.0007084839745852278,0.007881475214905898,0.005789657852076857,0.04470846237746606,-0.022193005267740595,0.0011687573507961346,0.017797188558784427,0.0010802782425125557,-0.001987324322678674,-0.0018199472720548115,-0.0008846163505227267,-0.0009848432927297424,-0.0034208630303886878,0.0015472605591417832,0.003394592579808453,-0.007799244083574131,-0.0007698198102650267,-0.002171813167921144,-0.000336350746409142,-0.0017710021481027738,-0.0030267382844457735,-0.0023844113127573507,0.0008856059990058895,-0.01868336959620276,0.009331591590720834,0.001644655537846873,-0.003661980758365324,0.006068633888805408,0.01014075907554357,0.02942093082797559,-0.02551636441923133,-0.008687332385497015,0.008890465196163433,0.016030167128942452,-0.007981085735557336,0.003476324318024915,0.005373352236483164,0.0013577595289371303,-0.007404972739582405,-0.006897328138898651,0.003710572288293079,0.022231993094600888,-0.0047799814307176725,0.0052567088603519,0.005647593284440866,9.138557820476123e-05,-0.0004935942920285541,0.010442709633220026,0.0007841286614120868
2025-01-24,-0.005948012018986759,-0.0038911340396987626,-0.002939313747722494,-0.04703633774889049,0.01413776350605822,0.006085839702261175,-0.003094247923460358,-0.05035778082857689,-0.0046523474593263,0.004289465757493005,-0.0014223964682953394,0.008187258983030965,0.006478105386157118,0.009159218942043523,0.004121683413770505,-0.020572356841053185,0.0035767352611126846,0.00618157585046708,0.004320220074181869,0.003533647030946163,-0.001181809586221494,0.001619949322337444,-0.01142868367459382,0.01675219319689969,0.005463172380764547,0.019863852714133934,-0.07307783620398922,0.007134536323277985,-0.007411931763377844,-0.02820409271274471,0.007830841384933507,-0.02153709956066585,-0.00456029157255422,-0.013184791290459685,-0.008969095891065315,-0.0007949263394078088,0.00043577816387418977,-0.007598788405691614,-0.0028094493659738262,-0.0016110220587295387,0.012553295356320326,-0.010377848653746469,0.016462855842535262,-0.001636427610585578,-0.02128876217796094,0.01414398516329296,0.00530351107581728,-0.0011040935775614713,-0.04277117468285763,0.0027462122172750014
2025-01-27,-0.002475480720337764,0.03133698108498972,0.03725391491169727,0.014827111466335197,0.034141862803220846,-0.024250700169246464,0.008628872988707847,-0.010090445843062845,0.03064908240721076,0.010117572317739132,-0.006459299726832235,-0.0003499288487143204,0.04354789385846747,0.02413214636818939,0.03033507670619251,-0.012358426760467722,0.010735366388082923,0.001878940525138706,-0.0034726617022537987,0.001978510944037115,-0.0011822690499219135,0.0028237894684299825,0.030716168802488397,0.02205828234405427,0.02240322552428875,0.021127202497332576,-0.33361625608246737,0.03707909076459259,0.020168778812155175,0.004728531755113341,-0.011096440903929583,-0.06805122205168512,-0.06879701021672613,-0.01648570233544877,0.026895946992564923,0.0061229592537235256,-0.0037771253675558114,0.036369694477359715,0.0020387641230534825,-0.2549618340957487,0.020800312954063926,0.011605463194118038,-0.007691718603664022,-0.034619206696635096,-0.1381140614937637,-0.027666158129992624,0.008958539339384064,-0.05959234668023328,0.01776465710743569,0.003908795602197479
2025-01-28,-0.0034164784689689753,0.0359432778332609,-0.012653898694305887,0.016296870961731713,-0.016331393117807735,-0.013430159734926228,0.010880920098840008,-0.0288495052888047,-0.032440776957822326,-0.006244891880720083,0.035077050294881396,-0.010170463070371838,-0.026739780233394406,-0.010818244497876606,-0.00815819023317399,0.04153833895927406,0.007574481631496877,0.00632652091127639,0.0024588831772098807,-0.004971365815311657,0.0013787746541868984,0.0004039015163490589,-0.012803325633156781,0.0005274609924770246,-0.008554645781755355,0.009854976464207077,0.07024414772090637,-0.012082171994776125,-0.027330609954093532,-0.005237995171823773,0.005062670494199395,-0.010507922531186153,-0.010263994163445922,-0.011436389223080212,-0.009486943071363996,0.009222606543546341,0.018595147484804286,-0.027515154320161272,0.011144213790025503,0.058356577266382104,-0.013903492281234442,-0.02258896278589706,0.0015214233120977028,0.000555095772829084,0.01219817162683512,0.01280934355581298,-0.012125368654716695,0.04769370125211836,0.015907805000500375,-0.006981408698447655
2025-01-29,-0.021155534182818236,0.0046574676589079544,0.0018019160361140152,0.011827546293083913,0.003238093215177429,-0.009263868043929868,-0.0013626540516478158,0.0007805025695626355,0.019242815751910225,0.007451576736825061,-0.01935134952955586,-0.0050795240573995315,-0.02047235233338185,0.0023334206691423276,0.0030830831228261246,0.020213751895233223,-0.00462504526449159,-0.004406784127640062,-0.0038702551437164168,-0.001110932996840397,0.00039286833502716334,-0.00362254011772567,0.0028121065975676984,0.0055650072250630345,0.002582740688851004,-0.0001298073057540705,0.0042066194233090215,-0.001258002595348806,-0.010431474662216722,-0.004742772569744869,-0.02258853923281201,0.013354095021138157,0.024538915509038972,-0.002260848513132352,0.004834320694493854,-0.01947490715936384,0.00587094147939915,-0.018357068588238157,-0.004930557169567251,0.010129895701584068,-0.01252588264443677,-0.009854055851540977,0.0013063738635405997,0.007772625431637259,0.007774280040981019,0.011144465925472247,-0.004011946123645416,0.012673882355441535,-0.03754809056721875,0.0034488493233162387
2025-01-30,0.029447753444470592,-0.007370909804759407,0.0014536277112267015,-0.005756306186781579,0.006957983377763988,0.007586121084515618,0.010993577903777307,0.010713185398141256,-0.0014936437103223454,0.008814092011807162,0.01823252634368,0.013669452953616101,-0.0009838316881687348,0.005152754860985098,0.005755545769813075,0.049797196954590284,0.024550204718553736,0.0008561007593659298,0.003251329732078201,0.002178851009406735,-0.0009841681916928913,-0.0040377657930372735,-0.00024329935229427946,0.008098634585608444,0.016857667870770143,0.011763947149802334,0.06411442768637787,0.015231370342302597,0.017060112786992043,0.02272490993584597,0.007715845652972675,0.03547601917669674,0.009851981644407815,0.01865127303126979,0.008195764961014262,0.0032598927620877127,-0.04847885255972084,0.011309885220404325,-0.010688407623381302,0.05232280825665736,0.014959857853366287,-0.028488758591731056,0.023879868540477744,0.015552906477986905,0.028510746789549124,0.004477458735849815,0.006793028912525312,-0.00497096254727758,0.013126567367631736,0.0015593256393096055
2025-01-31,0.0016236355629528632,-0.006663391638030092,0.04512979447774956,-0.004495269119181522,-0.007299665898683472,-0.0024978098501700075,-0.018096263285950265,-0.003483078085077196,-0.010239132722408506,-0.0009206615154848663,0.0038828099034606822,0.000499839312832151,0.002580922044169931,-0.012156485351106028,-0.008150698885764918,-0.018984349618215823,0.00043931383007844715,-0.01669326939208604,-0.01103018648637244,-0.010240323158114961,-0.00631477268688263,0.0008130234498016087,-0.02398832208237245,-0.01602494985097902,0.009520678767448665,-0.014528047180394132,0.04122099054303874,-0.008240965594391803,-0.007928078065918776,-0.015415976871147485,-0.025120451009859046,-0.008173984296237613,-0.027720741826545492,-0.008007687029516042,0.004840198780939886,0.002095271914952068,-0.008077127094940906,-0.005238663334614202,0.012487435649459755,0.009962323853350163,-0.003264166565062787,0.004408260335067915,0.0008360238108480189,-0.003470723332609893,-0.01617959360735277,-0.003923979966533153,-0.0017674014847761654,0.008397833975211988,-0.08195480008285738,-0.011403576571991092
2025-02-03,-0.018558555816070132,-0.03439116509363416,0.03259948727843476,-0.010433229355287565,0.0036118802033158204,-0.016649649665199995,0.003885655719308545,-0.03296638667956753,-0.025589493051356715,0.01402790127442266,-0.017140768775304238,0.01857614894790416,0.00933573921116615,0.0005885647656542758,-0.0063402561827130555,-0.021937292336871472,-0.0025719120681420016,-0.0011835032200906426,0.0020828003615442903,0.0020028779517469175,0.0039513147447372,0.0012155471384081018,-0.008007390469200182,-0.00911981754289215,0.02374426042573763,-0.01803820255612809,-0.037758444908421396,-0.0022935931435990042,-0.03259375103367468,-0.023210539980488054,0.008083729121101335,-0.009237770225227315,-0.017528441735447764,-0.002568396033574949,0.011937861403108485,-0.0031096923752889083,-0.01141646520281192,0.001722526432694771,-0.0014798260472641545,-0.03490377667976752,0.013027030238411896,-0.0043783623398327975,0.008705334421700961,-0.015080884369653713,-0.013191747510627572,-0.022206968771308233,-0.004005152878178819,-0.0139949334337226,0.01822098927479754,0.005121035176868904
2025-02-04,-0.010056314771468067,0.02084162214372398,-0.0017688329218588095,0.007590209138728099,0.004603075597003681,0.0017176039508726149,0.0049697399437818035,0.002665506835951348,-0.05359083786966501,-0.008756145797587322,0.0014308518359351652,-0.005886940646563588,-0.015787308988675086,-0.005422490894746446,0.0003871866817064529,-0.008121338217402574,0.011423951013324718,0.0058016611621640735,0.0024744590638987596,0.0008310952472703192,0.0011813293693867521,0.006037970673645976,-0.005587747718280411,-0.0011129069067123964,0.010568396966028182,0.020065908787913145,0.03145163044367294,-0.006270699526499612,-0.003859797755005445,0.0009399726258085828,-0.016802078972978585,-0.0019495723548494936,0.041818887455229437,-0.02014693644892418,0.00044206479891428785,0.006712576482836852,-0.0030733686827666418,-0.007257506393562707,0.01896955968995595,0.005329139238750891,0.00717460208857279,-0.02130691742241453,-0.006765767251992294,0.0015526455482564039,-0.009687770801467543,-0.02685277443445777,9.097868929197617e-05,0.037050367328387956,-0.030008307343762475,0.0011346237895470956
2025-02-05,0.00713924811373623,-0.001367311345235045,0.008662581549182313,-0.008537580462036232,0.022224435753842364,0.005718214036951608,-0.00466327961572599,0.01715077577768387,-0.023829761761501533,0.01126148056816767,0.013998995815000193,0.0113082657053587,0.014529612248455948,-0.06480780022010979,0.004870833519992068,0.0512155671778185,0.0034001276787440915,0.004949584404108975,-0.0011040320336426213,0.00024698103312026376,-0.00039404285758637414,-0.0024083161261647668,0.008659124873893198,0.012288610318339721,0.013248975082089665,0.011325460315870117,0.04180036558704181,0.010677348586928481,0.0025099535517307814,0.00015192070386360612,0.015617043513562301,0.011141170987303717,-0.06766164341105707,-0.0017326838477593753,0.06290978296609229,0.01123217074241234,0.005517301632334437,0.017377806913778215,-0.02501908491002336,0.025833782647856296,0.013292468835771842,-0.0008121666150087137,-0.007177022306460223,-0.00057271362405098,-0.006552544919403047,0.019876436929199492,0.007887338288756762,-0.03474169392328896,-0.006143535921713905,-0.0015360298571898134
2025-02-06,-0.0016687791408678265,0.0032722818948975885,0.005573319938263488,0.022878280770775916,-0.02995331354858166,0.029879554875524406,-0.0038484336148831844,-0.010513340785673009,-0.0212529529171257,0.0025616417055269736,-0.012416137361188184,0.0008884475440442685,0.00703745548262269,0.008229547956633887,-0.04011125347888367,-0.019120213305347633,0.0023989757553684044,-0.004032427887900258,-0.0013037254610135385,-0.002087128519618009,-0.0007876533068955638,-0.00160721319164292,0.015845264181509222,-7.571137526518612e-05,0.011832298112500972,-0.011604221384256874,-0.024198662300478624,-0.006343847508103018,-0.0002135263660507647,-0.00011070272770208334,0.003209024582872644,0.011114160300938813,-0.01958772856640678,0.014470045971370027,-0.03320474819295249,0.005464384132044309,0.006356739102356457,0.011596210836789744,0.010814789877966469,-0.003904961560879272,0.006390715245235157,-0.0024898762920022577,-0.014824384574683158,0.01612466892750497,0.0034858596031899225,-0.004635090258360286,-0.006588839469165553,0.030308678603182315,-0.018887420702957236,0.0005845580286907293
2025-02-07,-0.015896546854563987,-0.024209358855798335,-0.013126853349506362,0.018235973329304933,0.006162919954747714,-0.01176010951262274,-0.004105492839062919,-0.013765801451689264,0.0029125909628295865,-0.009852882411435004,-0.022108570187516108,0.0030520600279126953,0.0010154742982111387,-0.016735864261820943,0.004757561443103242,0.19506406627454353,-0.007491380007102144,0.0004574922704811968,-0.00030946270581910795,0.0004422308889067139,-0.0023644224013548154,0.0032145849021514294,0.001097948291708839,0.0016920601074783548,0.007519930217464221,0.0014651366857956205,-0.03597448228755873,-0.009055800260242997,-0.006722676823311069,0.00041126054184736915,-0.011218497234152913,-0.016042112524579544,-0.026818523096294733,0.00852834269305891,-0.014418067646027488,0.005716643058926607,-0.005512939358934155,-0.005353187821418359,-0.0417605677371542,0.025384393358444335,0.004957939071331019,-0.005864568633201728,-0.05506047691655169,-0.00579506416930986,-0.007113082699261142,-0.00808322364539027,-0.0025176631611891764,-0.015686373046005286,-0.017095501812947944,-0.0005935987250529351
2025-02-10,-0.00982375060449936,0.001237827024023197,-0.0021341689267737607,0.002144679520152515,0.016761351163843585,0.006260428637494542,0.042049910555171266,-0.002786164779514877,0.005498608408247563,0.003036778976845511,0.012078790532770611,0.0006762096862811262,0.013302968524879333,-0.0006729616102800762,-0.00949004200388881,0.030822254300716168,0.006363195625109341,0.005749049323375832,-0.000508401442645745,-0.000336350746409142,0.0003945749085185746,2.428980625523991e-07,0.004965417545302664,-0.0122814407949976,0.006296078440032993,0.025553045659132856,0.014873476166735067,-0.019898489711509093,0.012432582210410992,-0.014036117668363879,-0.011529542491255818,0.019523042787247924,0.02385228664852601,0.007646017291216722,0.004172204714298466,-0.005007368817836255,-0.014758768209197193,0.004946529336133487,0.016877001932592783,0.012748621215624922,-0.00204111057807399,0.008202274316655433,0.0007127911856450453,0.003784495324483217,0.02442714916059696,-0.007234479134063498,0.0008363867086305099,0.020136698916648932,-0.0007634818571915503,0.005474922766182111
2025-02-11,-0.012894230382894278,0.021648147686517127,0.007028629774054274,-0.005117851099439186,0.0005450934448250067,-0.01516094118243494,0.018229181579574316,-0.007936494893693968,0.005878055008946781,-0.003849743086488111,-0.018021955006279455,0.00957586059098503,0.009579926635758795,0.004215841584818136,0.0036152517408609697,0.0012074825045900184,0.003372918724124485,0.006518585579561975,0.0008438963658092824,-0.0007256056726654414,-4.7808557557260656e-08,0.00040051535828444784,0.010748641941801473,0.0012871068304249889,-0.006852871356548107,-0.00591288457155148,-0.11999669974606242,0.014687450953295489,0.0069275835216977555,0.004382023186171757,-0.022460434314658606,-0.0031141566736003767,0.002662699290352677,-0.0037368873482677145,0.006246553148654854,7.181616258966628e-05,-0.0005842366723429748,0.017925935377916424,-0.0020166153068377213,-0.030599364152707587,-0.00332132027333909,0.00313712070951766,-0.0030603669184818827,-0.014620389085931329,-0.02992733831461436,-0.024916394667937602,-0.0010274544324149204,-0.02679396463070649,-0.021956324601689836,-0.0003972370172213857
2025-02-12,-0.025532481162261256,0.01815651470119306,0.00531164591516653,0.04385718789470339,-0.007698412706802493,-0.027418183519817063,0.009810837293202646,0.007095364015976102,-0.028308788398899054,0.0027452534666112527,-0.008765965459717862,-0.009870711912452812,0.00382290604847757,-0.01693230456239192,-0.0005669130337873085,-0.03297462093286185,-0.0005640921909964014,0.0036644515153132495,-0.00425220911461599,-0.0007256774554691425,-1.2227398471509332e-07,-0.0020038581784649345,0.01179790308522577,-0.025927166307282867,0.008306549221754445,-0.0019974105446065593,-0.05526388172874164,-0.0010001372839436584,-0.003741307469424804,-0.02136650424527753,-0.015115829068967024,-0.013295704709312517,0.002631624957203371,0.0007351315176089557,-0.005485106313523502,-0.0024772614768915346,-0.003541507432294644,-0.02091514537444006,-0.016976950833424098,-0.06560138773043711,0.0069052159630489385,-0.011481478599769446,0.003133578519742386,-0.02165760304797626,-0.0069732349601432375,-0.003429135522508453,-0.0043919405881260865,0.010717778430183067,-0.02370554132891023,-0.0023508212479406154
2025-02-13,-0.011175837524411314,0.01953347999477728,0.0015598887476384604,0.003913881410051445,0.009468459792593364,-0.016990966952421083,-0.006418934264735832,0.01923657569334214,0.00909039599966821,0.011478937552268142,0.020049587741770125,0.0098748214376565,-0.014156563736848149,-0.006290770091989195,0.010932288620389308,0.04447707952930102,0.013094751945954552,-0.0035778437802971297,0.0016837736814752091,0.002774027061748896,-0.0007879634411880332,0.00040132065129361294,-0.006378725465124191,0.003243441329461305,0.01232886628879637,-0.012785926404616177,0.003175412241915865,0.017534168364182534,0.010475481293773292,0.0009832053157774467,-0.007818739224243032,0.017906703948817437,-0.0021282158143858254,-0.006020747017068118,0.006375439497312563,0.01610818383210111,0.024286848547338202,0.0019312209451465279,0.005885100217194683,-0.0009954213339904427,0.009453569180544186,0.010921124193090215,0.01573836437507925,-0.005882086538085307,-0.008999533447353159,0.00367156237699362,0.002335287581659351,0.21256382019446107,0.004528939342567817,-0.000984009559363841
2025-02-14,-0.012431839730829175,0.012681842745965177,-0.0037718097095451597,0.13518641079105453,-0.009438426825556512,-0.01902701202069501,0.00330510960574415,0.02378359029778032,0.006808847318326983,-0.00679101804206983,-0.003099164185100811,-0.0024933419468782247,0.00750343645124385,-0.00883648848629015,-0.007216595611975407,0.015369680004663877,0.010038309141230162,0.006866318821803219,0.0016798897360756904,-0.0030574018455071794,0.0035383583874009084,0.003200039481654926,-0.027709198258252243,-0.024607916651995687,-0.021488141231674973,0.004669792451175603,-0.00854220829768959,-0.027497917659857762,-0.00019286337324508906,0.027648018094349247,-0.03616848992561117,-0.08592695959851238,0.008537945171773309,-0.00507303578988072,-0.011788747637372587,-0.01653185968156423,0.011537206521790466,-0.0037615637102641486,-0.007748419068972723,-0.028590091139816032,-0.008175338185333558,0.002820332743478815,0.00340010907748578,-0.0018843062575695235,-0.010912157694471958,0.031122874998303907,0.0027007745866378663,0.07568321385214194,0.01012590461272378,0.0005805260280387081
2025-02-18,0.004627043866386238,-0.0004803679901534963,0.016603902280121652,-0.004872564310405281,-0.003742269984067015,0.010326595733273436,0.009807545758838465,0.02472542323324589,0.005307468126073189,0.005728512144737685,-0.02418983944683184,0.002293343068151543,0.00284717211258112,-0.0028723167495181556,0.00878202141512574,0.0013284424528459127,0.005171957732485577,0.003632160711228849,0.0024688531275787184,0.005485513002409181,-0.0027515307332688366,0.000796634411863284,0.014577745867025982,-0.007003682497535912,0.015053481170487437,-0.005759225079408736,0.05518827950515082,0.0065384584886940544,-0.059862558047300674,0.02075513985387234,-0.02926039416283288,0.015806768979879315,0.007445752915303139,0.004222091855280219,0.005539783524254993,0.008548821132121631,0.002201781826329352,0.00035144126772923556,-0.009302006531383356,0.03645919817211585,0.010854938715040952,-0.008086652096793934,0.003138650912007712,-0.0037518796956286238,-0.0016479561681812527,-0.0011418638965476902,0.00157777413025606,-0.030792451970116375,-0.023170340176937643,0.002725354135046043
2025-02-19,0.015019166381392779,0.001686092030306341,0.004820411518399403,-0.016228175099874065,0.014423766382681613,-0.007378095759041692,-0.014199826808804161,0.0918255800479928,0.0011404964768702008,0.010398911870029615,0.010842348722905015,-0.004940295029079778,0.007890933127395527,-0.009256589255781655,0.0078923313049577,-0.060740533707942745,-0.002472287405860918,0.001630357838789287,0.0016702755806874414,-0.001110712487066845,0.0015708356727395234,-0.001997539311253238,-0.0027640317627763977,-0.006953293852478559,0.003385303129374684,0.010583895276820243,-0.04147991827464548,0.013455303506761496,0.003472133860338289,-0.003959614713224813,-0.0017496504921172829,0.011299249812391388,0.0006478468476238675,0.02387988723400003,0.004930911558301609,-0.006420850365443265,0.004475235318666115,-0.00578233468462841,-0.00047353982291920005,-0.06844742650975189,0.009934870599872525,0.024140488109599012,0.0005162376352183529,0.07212861286556338,0.007412706593998841,-0.010479166883992974,8.951793918043904e-05,-0.006399085935218096,0.009501892429489622,-0.0005920244383403883
2025-02-20,-0.0019292428360273561,0.003964109817931494,0.016959935348417332,-0.016825063104321636,0.0073955604411271025,-0.014409973047976088,-0.0037853667344336372,0.00781938020506967,0.009329356876888628,-0.004094566574480041,-0.0278439658211056,-0.007529064813324382,0.01136847294021237,-0.009583394372965515,-0.0022844706664608694,-0.025705418661945423,0.005150205627273419,0.00043524000322392453,-0.0018929396617766159,-0.0034394895980796036,-0.0015331682885331155,0.001993628142237469,0.012427104045086068,0.004205666937086683,-0.006509812265922399,-0.021329271619100254,-0.021166076390041866,-0.013183099595277525,0.0021845270648759296,-0.005509407146050638,-0.0018334294178634636,0.012835117524693018,-0.007477752148087546,-0.0006593903480602847,0.012283735266013451,0.011336456082070345,-0.01532778739455587,0.01951069219437862,-0.017070563938299976,-0.007014585332672851,-0.004252869696435013,-0.009005453213882575,-0.008416459845773439,0.009869301630691218,-0.010146076811078153,-0.021325008220032693,-0.0017690580124583022,-0.09631256220146955,0.00435682476014243,-0.00020244959610193902
2025-02-21,-0.009735997690473397,-0.0010884319011852384,0.0051868393364564724,-0.061116846132505565,0.012610854219895273,-0.023563279623739497,-0.021810586116507658,-0.021422531511364973,0.03293746757914828,-0.003981954050219727,-0.021494482722401287,0.013132941911528029,0.008567968705424533,-0.008498802952154882,-0.02062053458971924,-0.086970231624945,0.000385024104025522,-0.0027464419843616916,-0.002292422505344671,-0.0022807139028993006,0.0027063488090974808,-0.0039941993384435825,0.004856426756324694,-0.004720607295894297,0.0015553364596954111,-0.24381671217989975,-0.035804497170810023,-0.01925379872530364,-0.0016005603840651972,-0.03832904788789948,-0.005422366899566988,-0.023769075065077416,-0.03253430683001568,-0.014050195075050453,0.016830365262709535,-0.016018986269632496,-0.0195215522561325,-0.004869446588885218,-0.02905887190612777,-0.05257912605446524,-0.008653839902684979,-0.012709100958925745,-0.013708086323786617,-0.02970992331104272,-0.029965794201936014,-0.03998449511120139,-0.004009240708998885,-0.08294737691940668,-0.021925619062724166,-0.0007870082834648962
2025-02-24,3.414258202649734e-05,0.006343796113327471,0.009079370607946835,-0.008374117743964682,-0.00022205867909708132,-0.02039862362263456,0.0014852987015858687,-0.009148058208890752,0.0026611767097768357,0.004527221548877414,0.00032019165071428546,0.0025837652839699743,0.008293105674254342,0.0027305175894403177,0.018634321040208235,-0.03247023359976886,-0.0053193110894240725,0.005437740394105717,0.003256974049663519,0.005485513002408737,0.003906978734841804,0.005183706304975111,0.02436450568468107,0.013770326566143964,0.009193313968117067,0.013082779007770995,-0.017476803596035317,0.016034280610592866,0.004043193560265834,-0.016758009623328185,-0.010393760031695898,-0.020633312675968796,-0.027871898139766316,-0.0024402895069055575,0.021825773780235203,-0.010225648267337295,0.0011703326223928556,0.001800646088084612,-0.018415578037060953,-0.06076164739280543,0.007018977763151746,0.0032743587792456452,-0.0012561091321492412,-0.01736847527876817,-0.01050443854254457,-0.017334290025416088,0.010119244011184136,-0.014473848838641779,0.01449140275017946,0.004658214418604256
2025-02-25,-0.007465412955303563,-0.00019161252898580727,-0.00047508996809497717,-0.022618360692541195,0.005981632487929822,0.01748845463436499,-0.001014986004037155,-0.008235880416408214,0.0057233251951469555,0.003644663728033848,-0.006004946103048248,0.0052943839727985775,0.011841381292438946,0.017864830113035524,0.02496522495871112,-0.04135359825157181,0.002291791855318248,-0.0005973577145441666,0.0012715914455716515,0.002368926134740601,-0.0023467233230585194,0.003965257138440759,0.005335179748223062,0.019549323813338404,0.010350214544373237,0.006302136517924772,-0.08959828326119013,0.008651632270259668,0.013210912982518863,-0.012616601197932287,-0.01892527235373631,-0.018744549276492606,-0.04207647611850085,0.006042313922018927,0.018824864911316297,0.01604476489284945,-0.017016824198406333,0.05885264561511594,3.766194796028799e-05,4.948216956446316e-05,0.013966131056609044,0.010902274169022341,0.025792762411303904,0.02025857007390819,-0.03591329205948579,-0.01690529045628253,0.0030383717990432046,-0.08755260295746226,-0.018996142435818264,0.001153086036932205
2025-02-26,0.0028581569002374962,-0.027361173532999494,-0.006319792474835495,0.017588818343422297,0.0005857388609991077,0.007426597036624294,-0.0030565908655333374,-0.007773861403397753,-0.03887538885951303,-0.006466359689995649,0.006257797430974321,-0.0012611683018572961,-0.007771812472460837,0.004209433738601831,-0.008738546433622929,0.006768199669550334,-0.00151521452224479,-0.0055215464201716635,8.539040758615002e-05,-0.0007224502057896487,-0.0015675641830328324,0.00039116079541257065,-0.011190812082415569,-0.0025002755659908615,-0.010369872070886466,0.02057716164815737,0.06079130987360326,-0.011292770816714537,-0.0056188111289738885,0.010555157800738346,-0.00926744957082537,0.017175788198640518,0.004541423354108787,0.006322044484591061,-0.029821413096048133,-0.015326435814640771,0.006378830810954916,-0.015478703509298697,0.006872107088599755,0.03499216747486411,0.0044826669999809,-0.012974746431659412,-0.01076298580176882,-0.005680150738255119,0.014769111064169671,0.01667152517717696,0.0015579268490362175,-0.1329887180526983,0.008259245795732895,0.0065499388976753
2025-02-27,-0.05582521495661741,-0.012761407827406757,0.009083237098585606,-0.032095261821080356,-0.0011068433395307054,-0.013006329945026707,-0.008549883969119598,-0.04426952746441959,-0.010023161800297942,-0.00035289765390622563,-0.012281595151724112,0.0009524424249098828,-0.017097036348782346,0.01729377325666448,0.015113206479124841,-0.04709835080022806,-0.009164237286347188,0.0012313506366248284,-0.0005067891587313689,-0.000336350746409142,-0.0003548257607559613,-0.0011925089080038198,0.018882492989492405,0.02283063855256895,0.014867509237225462,-0.020558003445622752,-0.09608156338520502,0.034108580693249735,-0.01780359991529412,-0.005786512028815416,-0.03189982441102668,-0.0736511784788556,-0.054156349496143896,-0.004762857240714347,-0.0019066161206087173,0.04639602114269126,0.0016560050772511659,0.01546652101257795,-0.026906079432252206,-0.05319318634937886,0.012193141990105794,-0.003838308501476817,-0.004240065937833215,-0.0357245760867575,-0.015517780585647678,-0.0007956752886428831,0.00045287767106794163,-0.03497010514824872,-0.008696539557178085,-0.004250880278365621
2025-02-28,0.00728743224821482,0.019002452475083587,0.01860118194961835,-0.003947634913711973,0.015183023891300884,0.026827125013986652,0.004388985466442286,0.026284814544885293,0.011320889287038671,0.012290967778079143,-0.029844960114348673,0.020337478892971106,0.007647899109157308,0.008233146136406688,0.018729841950420933,0.03651900986274459,0.011978326243029969,-0.0003597661983802958,0.002647639443220662,-0.004204772325862471,0.0007402613710296713,-0.0007967462955589255,0.03959752156270291,-0.015021197436597689,0.013857232244280482,0.03661393171015703,-0.02333419198431841,0.020279074589370616,0.008314810482455748,0.009672668680337893,0.03610610891010424,0.008481595378404982,0.0005776039550466905,0.010225631029674886,0.007220847436528288,0.015318496010745086,0.021256288301823467,0.007511105584430133,0.016431324880071152,0.014035104676734633,0.012909684210391958,0.007648577974943116,0.01225901894698822,0.011936665028762672,0.013441962587347867,0.012963001150555264,-0.006771995368772377,0.01354566908444177,0.012211143808135816,-0.0023295240191036903
2025-03-03,-0.011808413450363986,-0.01582840755347359,0.010883710802097823,0.015300046215317664,0.0154420246590119,-0.030663182709091075,0.006173376223514104,-0.007751821866772701,-0.014909780159495956,0.010822191906167511,-0.008573562597089968,0.02010698396673849,0.014659147891867619,0.01730260152259433,0.006020417921782872,-0.03860946521216935,-0.014077812718164662,-0.0007573483035381301,-0.0014912222493936866,0.006231168320760538,0.003507592336279064,-0.0019867753050957226,-0.004604671354320189,0.009734802417849409,0.012183103400958295,0.005122457505753353,-0.09867233255426644,0.014034230929539149,-0.019155383020535766,-0.05318199803273549,-0.016923095696723678,-0.03890901013066195,-0.019390953458460203,-0.014869468684996612,0.008713728952322697,0.008145146430481809,-0.009929501229327009,0.01867313286581762,-0.03518393863622027,-0.08067162990639254,0.0008047165891422736,-0.0020129240117938707,-0.017191229797840712,-0.051474856278845404,-0.052275695572708614,-0.03129624722896729,0.0015980512138877856,0.03228905188225628,-0.004667753125520591,-0.002527152881230066
2025-03-04,-0.025526308579634005,-0.008810269024254858,-0.01851598851430758,0.0033364159134547933,-0.01945151537239731,-0.033771531323964155,0.013236702937688527,-0.007074090968908209,-0.018137653845251567,-0.016549909823826425,-0.017646234793467386,-0.036498467610747376,-0.02388596175398572,-0.021744149433915005,-0.02341287972761208,-0.08390624300971261,-0.007389955908255974,0.0036084792935646703,-0.0014927815924137278,-0.000336350746409142,-0.00039404285758637414,0.000392731282956138,-0.034114558260543326,-0.018153502729122195,-0.013108259719924575,0.01562683219819938,0.02372534972391982,-0.01558110676970248,-0.023807615690889072,-0.011172201471250087,-0.006254377947897183,0.004246149181310166,0.022397054830872065,-0.017647232655452427,0.004449606996606015,-0.02462076757752696,-0.06541754196094729,-0.012496069425903755,-0.006353763053053463,-0.007711573358355039,-0.011084660813544644,-0.012175226165959785,-0.016849436801302353,-0.018585728776510546,-0.010147539308798414,-0.04653156688392812,0.00384159036074605,-0.03313076575932428,0.021269296472599564,-0.007204567453480859
2025-03-05,0.02834839203682815,-0.0007543588501919274,0.017261576106594845,0.008389334028605866,0.0004999010842272611,0.018747581989336126,0.012873362776754327,0.013362029818480003,-0.002123652105544327,-0.009745313521428045,-0.0013024353561554847,-0.013237409512509402,-0.018514972496684656,0.005901661167920125,0.005109846521381911,0.026101812026307236,0.006261771526263171,-0.004328011690324818,-0.0010990130851831204,0.0008182239350054132,0.001473390074786085,0.0019755310588061015,0.01774326464695175,-0.007579087483353675,0.010616603435496863,0.008921626965716634,-0.020019752641457167,0.002187209237844101,0.01950378436417921,0.017584336104203846,0.02181529131943094,0.015293353981927993,0.006156611315570437,0.009048369310617588,0.01385539070331987,0.012087207255195409,0.021817418256884658,0.007005892793408464,0.02174287742194103,0.024540826773411517,-0.001192452998493465,0.012966330307951246,0.02055607287935146,0.005970990449652991,0.02216430424108573,0.019374678189111982,0.0019602043471724784,-0.03131471228687044,0.022965199825770277,-0.0023508212479410595
2025-03-06,0.0010153131701597928,-0.0016894476149964532,-0.00451054376497062,-0.056113356323556296,-0.0197274674272796,0.006120329677790082,-0.013159304665927074,-0.03071158957253939,0.046478963417456054,-0.026105305118321098,-0.026558238529755585,-0.016691668175226937,-0.008547497578338614,0.010168770893659307,-0.002024816837256971,-0.11037045318193606,-0.015248498441160052,-0.0003597661983802958,0.002845166103713659,4.818517784554999e-05,0.00046074293378062237,-0.0011921152214298125,-0.0007447304725065607,-0.016294350716112405,-0.002528466619734715,0.0010432428328437382,-0.08165207720471646,-0.011202907978804966,0.004861115741693567,-0.01479427171455372,-0.008210876297067848,-0.02524424375037082,-0.031062166231889954,-0.005111273200064659,0.003863806986927898,-0.021051009591511516,-0.011999988990680777,-0.00901521511950154,-0.03784145783104087,-0.04243126418248977,-0.005815580518301111,0.025175124771480206,-0.001633270755630356,-0.03137117157538016,-0.05064509987585453,-0.041149565824299295,-0.004771438610987833,-0.20549659734272385,-0.0185965750056436,0.0011658879507718822
2025-03-07,0.001883701309496999,0.015818862425915903,0.015888498817323793,-0.002603388740323176,0.014690460057740218,0.0018475867002809565,0.011593818294445057,0.01269631804205762,0.026622414364968705,0.01300980346859859,-0.003052640825716324,0.014360453356954572,0.01881457166713041,-0.006942421240307084,0.004171024108260646,-0.015068750401273867,0.02282875765757053,-0.0015533009282266974,-0.005836570719845557,0.00043235650523021363,-0.008191418100637282,-0.0004006740562956246,0.0025725320559359943,0.016329178782937603,-0.04561256683265302,0.05648252245576657,0.04793600915962237,0.016104544766402107,0.02855169730119389,-0.011231104682143833,-0.018443250006756173,0.02634662181395253,0.011728388241538212,-0.0010506405816137487,0.02183201169850779,0.004497947460270435,-0.007069568160358308,0.025027033091914674,-0.007636265547858123,-0.013685826992245964,0.004019228657204721,0.016639045553615617,0.017733361870035935,0.0028432800533240155,0.015105631037316769,-0.017188787649239146,-0.0010322665792297236,0.03823786572772736,0.0023255337107181973,-0.0019603619852137655
2025-03-10,-0.03792185357947364,-0.0496428407830809,0.010230091755301096,-0.016588172428016357,0.0011584775436368488,-0.012228970064395384,-0.03112320752991682,-0.044513107354793746,0.021702363303855332,-0.011450689058532859,-0.04527101190136307,0.006216068732064706,0.024700503884715452,-0.004139178278526501,-0.015418323268508338,-0.11562628787942986,-0.01512054995809553,0.0008337685314665499,0.00048196234728381526,0.001965996265251402,0.006237483453857884,-4.835005743775156e-06,0.0045190073861594016,0.0035306406633441867,-0.00642421321381903,-0.03810234184595185,-0.08589330545821472,-0.005441024412446538,0.005593490751169661,-0.03464747922215983,-0.05174580416771857,-0.03784023667715619,-0.04030958710418542,-0.02566636098806363,0.007589029885506804,-0.006296802686398095,-0.03859644255572103,0.003121796463313231,-0.024307897361991238,-0.0741149938516843,-0.009907523148278585,0.0023696747972410392,-0.040607051708209774,-0.011822157250967358,-0.022104793363461717,-0.048838704049767756,-0.002159951385253045,-0.13029421360804605,-0.025405493714233174,0.0007752761700543509
2025-03-11,-0.006463434804515167,-0.02957264007969229,-0.015040092453273424,-0.0518897700739025,-0.03526034047343174,-0.0185782932758336,-0.0020088187053763917,-0.03484361786969625,-0.041390122117569206,-0.03553620634629784,0.009223142363563142,-0.007278507319077754,-0.028077804871492695,-0.011788316476186722,-0.004681548006349345,0.005683361919815333,-0.02130526729751514,-0.0013941074459911107,0.00206114182493522,0.004252501634315564,0.00174217714447078,0.0011414102961291306,-0.003922140053094658,-0.006040782506085307,0.012278388869505719,-0.04131809557680821,0.06344873391735018,0.013716759093001407,-0.051101587952537386,-0.0023887415534153966,0.020248697030700313,-0.02081036840566952,-0.001588959902995235,-0.0030830696749895026,-0.02629113506787739,-0.011101572394934145,-0.0047073287849324075,-0.016107202647308583,0.010097217540104175,0.01804202859299764,0.002193972039604475,-0.03708257103000623,-0.01835266239158706,0.00975501401991874,-0.006253991428926575,0.035026246917089665,-0.005937088435897131,0.07671942405334509,-0.0065598302892748706,0.0011640576693712212
2025-03-12,-0.009098406091728961,-0.017581994881875396,-0.007958064393092101,0.009030183766615352,-0.018548092800063642,0.0009789144893170842,0.01258727179583019,-0.012914774114511474,-0.034284917158736494,0.005836493286645705,0.003386813754756801,-0.0047567798536434225,-0.01495621155571314,-0.012726666046117607,-0.015060600687103687,0.04043412902115762,0.0063975420209834155,-0.0005189596806158825,8.515937133868334e-05,0.0019502809416582778,0.002511591932247814,-0.003130665499691876,-0.015807254929275594,-0.01221036117968577,-0.0018251844251926386,-0.011187180063866542,0.03640291878475832,-0.017129536314997473,-0.01816065070237549,0.012468057242759567,0.011550311436148597,0.013377893803243168,0.03787200149593151,-0.009503631949784541,-0.02031887713743341,-0.017211393237255734,0.005162699016178607,-0.015384943212532143,0.01124623929354751,0.012056519677211774,-0.003317919596763197,-0.022655252997805242,-0.011214968097449152,0.006884816742543265,0.015298361936890714,0.034549522970282354,0.004620874842250711,0.05323709012796485,-0.021037852652778355,0.008533227109680297
2025-03-13,-0.02055131826634593,-0.0341713914615811,-0.0031768619176624213,-0.058105602647433585,-0.00344242173541609,-0.017329261349168235,-0.14785678672718738,-0.01482137664780847,0.0019172538720022558,-0.012512028740919945,-0.020320537844866315,0.004763856291229551,0.011575600252914597,0.009856943012042763,0.003827321409218598,-0.04217665753553357,-0.005531797159235463,0.0005553910876283652,0.0032345037515932873,-0.0014790520513483507,0.0007657086931276424,0.00039139398412357806,0.014075142047460076,0.012147153137268774,-0.006649727831757879,-0.011468790463528222,-0.05687553248276167,0.01826672140663188,0.0064423079329349875,-0.02810566772662959,-0.0065963949581364645,0.005346624336023176,-0.02988329318882954,-0.024799794816946275,0.00037098160689197357,-0.009404254729738604,-0.017016716243167807,0.004665922972932002,-0.02584626283283953,-0.0033698718397481287,-0.010006027089588976,-0.0034063202760243882,-0.005769112774720142,-0.030272654624785567,-0.023269629381437618,-0.034675445252273285,0.001972695196254204,-0.004869528999477346,-0.018434229754311637,-0.002719279632365179
2025-03-14,0.03298569944590568,0.018058734026049628,0.00027042456473402865,0.02895408969547919,-0.025231554739511886,0.01937452729259803,0.04501672696780279,0.022919111043424145,-0.003169681650608158,0.009374429956492847,0.02932914685336474,0.0113159163326495,0.011803733693732,0.017482563064923795,0.020169060658584037,0.0633449278794731,0.019160251660711225,0.0005148849901179808,-3.432072291786881e-05,-0.000336350746409142,0.0003784310251466749,0.0011815823901724087,0.018813552858805593,0.03450694034219648,0.007609299467183028,0.027139501131180133,0.0951853400342868,0.02634343765141889,0.01536747473644251,0.03161098280619967,-0.003746209120291333,0.03676600231763594,0.025800706574673704,0.020066580523184108,0.0033394861333500003,0.02989058716604376,0.02839963371917964,0.014548898180656522,0.020338130718881686,0.03919310573218482,0.01189256431895469,0.020657392776897154,-0.00282201699297957,0.03626715147767445,0.018324923280310657,0.03147366429454568,-0.002160656927956417,0.07129232169696209,0.04641167592475259,0.007090418851522173
2025-03-17,0.01145151769801167,0.00243730086402838,0.01189994570711228,0.03288930113272315,0.006868250460062342,0.00389453106935278,0.012846126878637065,0.012859173278222613,0.015335476644977142,0.016289541090545256,0.023445961316413744,0.015656411144091997,0.0020583191666503353,0.00957291549230277,0.01058430552913503,-0.04551357977251547,0.01012093839257755,0.005385584288716938,0.0005939051854642052,-0.0018618040251281442,-0.001939508561562775,0.0023623848897345034,0.013667545549278515,0.016406984631859522,0.012153685662601887,0.026361016921859992,-0.006482038619069819,0.012028425249361874,0.0035960617712236242,0.009903033295967312,0.04209115286442344,-0.0018920358770415646,0.03229101051130989,0.013801820925435138,0.010891799783061984,0.016878861403383016,0.014196079337695622,0.007763658965011189,-0.011612524695541637,0.016744858656166706,-0.01946257565560483,0.009020557321652412,0.012953715604544946,0.006687428730658418,0.009735065652759722,0.03271581456208228,-0.000658177507527391,0.04385911288067934,-0.004076596864450721,0.005084450499817983
2025-03-18,0.0056667677085702195,-0.006089009465667594,-0.00366408614003344,-0.018706796460296715,-0.010998322025983498,-0.0037592006238220677,-0.018899536293819352,-0.013055227393559576,-0.00816780055823818,-0.0022899397493798546,-0.0031657446025441516,-0.009230674848692999,0.00044747486766194555,-0.008689842852816376,-0.009721685417781067,-0.09527831899780459,0.003293020966529614,0.005156494696865188,-0.0008984638287676816,0.001950996446872022,-0.001283893275183523,-0.0027685196517754918,0.0012915387161722691,-0.009765283787909418,0.0018123158959753027,-0.007692615244711654,-0.04952874403442209,-0.023388661828123603,0.002783920987277533,0.006335572460684613,-0.039214739091272044,-0.013229013868047979,-0.013313106853573231,-0.014613921592757428,0.00457847100111497,0.004229862091002623,-0.007567442083675324,0.009651719432913985,-0.015415469461727227,-0.015009965541758596,-0.0020655139383869425,0.0020083870817781957,-0.012578889893891443,-0.013941750360982663,-0.0013928787537373921,-0.00849833487994811,-0.002919156639074494,-0.09842369516732852,-0.016598893362050227,0.0038887662207534035
2025-03-19,-0.00655705718483901,0.01196918598248331,-0.008278939597436974,0.01171464775126374,0.008384157674859338,0.0066902898140650535,-0.007671312302935718,0.002785900341462977,-0.01754201926022514,0.0095222154090715,0.03102465273497934,0.0016448724015400984,-0.002196021839061757,-0.0025100551749099864,0.010112488853879498,0.08553375329048185,-0.0034556320821330644,-0.0003597661983802958,-0.002472481561456963,0.00042504110149987895,0.000109047830540554,0.0031489152106924934,-0.004907735103632405,0.005178129775408102,-0.00896936725855646,0.005420195652281912,-0.004679399978085641,-0.0027635563537948826,0.003227609658225994,0.020770223466305193,0.032942576913835175,0.005563199808516828,0.023004895224043587,0.005370981302845301,-0.009219625178229052,0.005589047618557164,0.02058096649423824,-0.005725081423658018,0.013622435900077612,0.0031083925397838996,0.0011618267847408603,-0.0013947860393184186,0.007801151581011467,0.014948672177239608,0.050433565514555134,0.043078015387346014,0.0012256719540801875,0.060492238281838695,0.01819264300799528,-0.0003972370172209416
2025-03-20,-0.015219420049456645,-0.005259184327152333,-0.002136320889720267,0.001410028956624565,-0.005480010551274894,-0.013593005023309956,0.005684616431418377,-0.020653229331153433,-0.010461874728737275,-0.0043890240577244555,-0.00238227892895182,-0.0013558284990020653,0.002709996455991792,-0.0006754771177170937,0.0021291185203153873,0.0027586894140014806,-0.007343779861193944,0.0016029361188723001,-0.0013730960779523294,-0.0019358578365973322,-7.283128116153392e-06,-7.016367175260996e-06,0.0002216683659046481,-0.007733681433387041,0.02383253314085021,-0.00932644702215768,-0.0035187755811465493,0.02511660149317052,-0.009248984073790822,0.017546339450707826,-0.003353614571746988,-0.001124486532915192,0.0055963542285857315,-0.006694680501841965,-0.0023281991700718763,0.0033676878962327628,-0.011860748312608749,0.0018373304095193888,-0.0034071705894254123,-0.01932341469730936,0.007437403823254307,-0.013760575595552993,-0.0033214563920704876,-0.0077290647329717466,-0.019522358888792724,0.010136009975928673,0.0038525887141647175,0.029464537766807908,-0.008055887562161246,-0.002732765314827912
2025-03-21,0.00459913155511682,0.01934090579742964,-0.010011531264483509,0.021009398906493004,-0.003921144620444572,-0.010868651315217193,-0.004789626623064258,-0.008390910522196648,-0.010756473598938943,-0.00748416765002613,-0.002722297919838468,-0.011115855503376793,-0.011190541948666421,-0.004117040008999595,-0.004322083958550493,0.03760308860761663,-0.012294315973482295,-0.0023224685156324476,-0.0012162856866968497,0.0012631563437786042,-0.0023294184658824157,-0.00036136474643244654,-0.006727295829997537,-0.02485912104107868,-0.0077214422462317245,-0.005109475549418541,0.02573627022783942,-0.018281228883793688,-0.007174842197377629,0.007925072623954588,0.10729897215951034,-0.015353808116960188,-0.00948835984455787,-0.008282451790046608,0.003092171290312251,-0.0023991220239318878,-0.0007586717017487032,0.00856003064890043,0.006057106053758865,-7.170430693825836e-05,-0.006882276066845883,-0.0036603926176752566,-0.003986462926593326,-0.014195956431920731,-0.0002132866419719548,-0.008811026648231746,-0.0010325480721453673,0.020785293546532024,-0.0018617095134993988,0.004462332336219621
2025-03-24,0.010751999870985074,0.011258604563429309,-0.004776868711221738,0.00810834338484323,0.006418073844344896,0.016658370482456775,0.019707014845859128,0.03703083998617007,-0.005381539632901333,0.011920268853185867,0.006641201732345614,-0.0014675894813613866,-0.009667066055741635,0.024817809645648836,0.012861288003279014,0.04929464085852686,-0.004505013348447218,0.000818301533235477,0.00047923410361772056,-0.0041488073506368295,0.0018505536563329095,-0.0012273738103250054,0.011812159150666801,0.01250917518362371,0.017800627237621214,0.022286784804147253,0.0323209602970973,0.0035398341724883764,0.02540934749143453,0.03786106747685958,0.021856721940505253,0.017826528651847973,0.0643668659258756,0.02410464262023737,-0.005343434743623199,0.019400046652157776,0.031131970710903012,-0.016535623505781416,0.034915029613080684,0.049349275034060724,0.007463361202568741,-0.0024642143063378086,0.006511478823491679,0.030678264572721048,0.03591704419064001,0.0348310035815409,-0.005551164640034578,0.0759304597203787,0.022781798494516003,-0.0013673098580202492
2025-03-25,-0.011343220314810942,0.013640420898640926,-0.038921327716402665,0.0006823015311461234,-0.01318158481181797,-0.012579141854139664,0.024240580302562265,0.004743508548298969,0.0009221111723740627,0.0015422014241481818,0.013755576921087531,-0.017089905468685274,-0.017037183071659356,0.0006579042139893687,0.0006481069275192652,-0.03338178228215494,-0.020504767647422817,-0.0004382873236168372,-0.0014927815924137278,-6.893238499161569e-05,6.972805803462379e-05,-0.001582963441873808,-0.00370680890973496,0.006632291239532684,-0.0006848071386276189,-0.010013331463299302,-0.026465509631194095,0.0034756816280427927,-0.009680879361237515,-0.012578905733289236,-0.03786712011299276,-0.00909660036285409,0.005463343598833603,0.0046733471751325695,-0.024287948916973612,-0.005877421630620994,0.0048851459689052135,-0.01617473594846608,0.011596179296144093,-0.00853305073841426,0.007892472309114495,0.004901981777671871,-0.00063011580307748,-0.013945737972050676,-0.001085450356301365,-0.0027473592029885197,-0.0006594551883538635,0.01645207253931069,0.04195005726939982,-0.010149530608248192
2025-03-26,-0.004375585965019191,-0.009920098461990712,-0.0009676676469672074,-0.009372935418149986,0.007564715613866291,-0.0031451264406161528,-0.013288682383080896,-0.015462459587244126,0.020220985658480295,0.009974087038652435,-0.007463053752555737,0.016885962504956886,0.012786398071270355,-0.001842492593100431,0.0063682715045585425,-0.054865727065739556,-0.01783224353606494,-0.00303228478118589,-0.003471492289676803,-0.0009857292726715983,-0.0015537944083003907,-0.0004006740562956246,0.0028365555482565696,0.007012729699581222,-0.001635304856688613,-0.003489396166872716,-0.08003493939379158,0.005086147439808286,0.004083905630094087,-0.018680511584708626,-0.04650811818077383,-0.020060177343005137,-0.044005840319873535,-0.015939917223041,-0.0038316684305303994,0.010057149642479501,-0.010617502656307565,0.0019333220942288065,-0.022901295781349695,-0.06465213032646311,0.0018043250859784976,0.008740769240260349,0.0074965592370128675,-0.0358871267323404,-0.03169422043104042,-0.02166084434192861,-0.005201591573524844,-0.05812498762413032,-0.022404791629700327,-0.0027520140933852133
2025-03-27,-0.007087518912014978,0.010469475393795946,0.006260342218089576,-0.023297275827238728,0.036309559718190165,-0.0017722144962917241,-0.00292133894619262,-0.008660158066978951,0.02369446557957744,0.009841090984701317,-0.005767105915765569,-0.0029875208225851324,0.011179273375014454,-0.0012964323125519428,0.002992596788918611,-0.021904453524606016,-0.0005640921909968455,0.003175908095298663,0.004823800204025286,0.01030601597071712,-0.0007810315280725177,-0.0015843629047984642,0.002352278429155419,-0.003710533777823599,0.0128348302061152,0.0022680661682379366,-0.06882958682582441,-0.000424297781083105,-0.003452188147764268,0.013679989118147162,0.0029133153254106148,-0.020716914213322113,-0.0355871555662306,-0.007839360649454008,0.00011918437869962162,0.0064957519555046694,-0.012356743108983714,0.018414358790884933,0.000757521794718663,-0.035621154628399765,0.007373906470608205,-0.007211356668991087,-0.00011570729594012619,-0.003501768202022415,0.004869244342486034,-0.01758209345859818,-0.007134067097299912,-0.22735830301753523,-0.0025875372028645316,-0.00472888756973866
2025-03-28,-0.01865140400422849,-0.026888746520710605,0.011828786612890774,-0.04005473254965519,-0.004487720785124161,-0.023154386985960507,-0.025446895116782997,-0.0370391808655981,-0.01021554723290441,-0.015271119948907064,-0.03137839537036857,0.010334193485262766,0.016287192261241756,0.017174437245001783,-0.008966901662532223,-0.027479534160692154,-0.025461720139108746,-0.0003597661983798517,0.002836402376948488,-0.0045037528810687455,-0.006994749996238614,-0.001981055012945987,-0.009897383871023457,-0.024922237015269744,-0.0004703219695150196,-0.01752341850464667,-0.03721447228019947,-0.014134703927849657,-0.01669557225177698,0.0025821376873023105,-0.013278233717275434,-0.018506738098887254,-0.03562325881282469,-0.030126687620581905,0.003774730394979997,0.0027364446821374067,-0.03375092052808082,0.0065305999382498925,-0.044241331838974496,-0.015000259717218967,-0.012252154198071352,-0.019978368477413966,-0.009345400174273877,-0.022498151791592758,-0.027273566067874455,-0.03572169540263381,-0.0071812653285983075,0.03729653795987975,-0.018637119708563077,-2.631514313122807e-06
2025-03-31,0.0031812924791676522,0.019277858102488388,0.019626657026492467,-0.010023466492980582,0.013447051619690065,0.000596072544685633,-0.004407680910825995,-0.0005335580285938946,0.001233214164172658,0.015406784475056057,5.778886840346331e-05,0.006540513060778075,0.020587156680626606,0.00951153428707574,0.01249870913023976,-0.024363149055612432,0.018403809143570538,0.02251391037133965,-0.007006366450553525,-0.010639905864674226,-0.0035153655772299786,-0.001587641174525256,0.038559706805727956,0.016553848747744127,0.013295116169797616,0.006769726560519551,-0.02311081653513547,0.002526675326624428,0.014779654718433122,-0.027411806311429032,0.00200654382216392,-0.00019276972723236696,-0.007594584435197227,0.009982507700644128,0.014797821771502129,0.006173382786146764,0.00404575635617288,0.008873613790263413,-0.013232178355722546,-0.00791765679104639,0.01175711865681972,-0.004325117625179509,0.009384817598208528,-0.008817956858750975,-0.018954617887414926,0.0004814356374955864,-0.002977911457317628,-0.030284325355912856,-0.00755827045021551,-0.006331942153948944
2025-04-01,-0.022544596953952833,0.00481192327469504,-0.016402331080061394,0.014515715120218431,-0.0077078761425113385,0.013423349591838551,0.00039948380625176583,-0.01350297975715442,0.0024700976263720698,0.003204419970845862,0.01008447424454939,0.002229583861291573,-0.009050224778120786,0.00540970054888934,0.011186868197238908,0.004797124625357085,-0.010003125128251078,-0.0033322470695820172,0.007981439319810768,0.001037216554617526,0.00630558130151293,0.006529370821517055,-0.0018722024856110409,0.008609687575793501,-0.0037715092671577466,0.0024054658584349298,0.03378688446838485,0.0016023307266852527,0.0021366542466321192,0.00511893459306334,-0.0580440569579892,0.0031079055356544316,-0.002544178694227739,-0.0016891448641844775,-0.01504958907712517,-0.00416876738286609,0.009529770571116813,0.007874508296743521,0.009603515888139569,0.010953111635324753,-0.00038580386552133916,0.003157715274523021,0.0014497569920060016,0.0009440866939844916,0.003468229675631207,0.011015838710003223,0.003951164669217189,0.06206691731598912,0.010227663224677386,0.0019807943828213936
2025-04-02,0.017566119612864917,0.0031826814198447906,-0.0060186822912049465,0.013500243254564559,0.001376241704966752,0.01942070357918091,0.00797042495649869,0.0009772032019048638,-0.006677740435671264,0.0021525124101113846,0.011877029114497617,0.0012311973741585547,-0.006517439427270233,-0.0003603206530016223,-0.0016833065373864642,0.045787894291465125,-0.0016184066312159295,-0.005464872731248072,-0.0011114303515360469,-0.000336350746409142,-0.0027816620159679672,-0.003199011779713601,0.010052320073441479,-0.0037237017498013003,0.0008443969029725551,0.013862196937329152,0.0281572960624219,-0.010498080797115783,0.0067464410345801085,0.008058927473487909,0.03858466731153154,0.01364013489478566,-0.0011836594263492373,0.004581387008484761,-0.004060054218313347,0.005105594361448418,0.01169018233194663,-0.007588315460341555,0.019399920274776328,0.01905527467786694,-0.006679125815621134,0.007388199134456208,0.005491053229918386,0.009500484975871526,0.023497809483695953,0.023137393229064607,0.0024025216046434927,0.024135815734164012,0.021897233364591706,-0.00198198909208136
2025-04-03,-0.055329013275013494,-0.09696218947817226,-0.018221441964010765,-0.07440152526081967,-0.0027208962780207457,-0.03444305934048142,-0.047964193300995106,-0.09951044755062277,-0.010060636477825735,-0.006102829973420931,-0.04165788395193104,0.007839512111406322,0.01176311646315309,-0.014460433653844085,-0.004723607341076352,-0.20698691133983527,-0.015442082714127725,-0.01144454863852351,-0.003926096501610132,-0.007025402640649325,-0.009197584335638442,-0.003608357988934774,-0.017855562865166874,-0.03547723391745716,0.0011922612843235925,-0.03437364606699944,-0.1451907098056502,-0.0010076767689684019,-0.04009215160638657,-0.11584592279497796,-0.02144423340528334,-0.08708252749286771,-0.09610910998381517,-0.06746422679195607,0.013407112689582057,-0.017524014293575974,-0.08105389539016716,0.04559662768464978,-0.09446670002074509,-0.11954745603096395,-0.004087338167429344,-0.038422332725428276,-0.040327511644624,-0.07161851099854744,-0.08413606787536843,-0.13597727432412565,-0.011838459679258673,-0.10565946456095787,-0.015458652363552261,-0.0051666971387382965
2025-04-04,-0.06204768398778171,-0.07562894706950463,-0.07635831369307855,-0.0660687783462226,-0.05661593239194218,-0.039705708007714335,-0.04951007163878707,-0.0953947295601365,-0.09527504611057624,-0.06523935527034741,-0.046913598667665646,-0.060128374714762955,-0.044140617836169405,-0.06765944366959786,-0.0915687006798791,-0.086960141422884,-0.03987045917096932,-0.011568879467263482,-0.025173175023345706,-0.028360621011191967,-0.008870337084185387,-0.013742269325947909,-0.08823124782665559,-0.0840933209539898,-0.07559544461331846,-0.06562798443612472,-0.05514125062669972,-0.09623535879939649,-0.030458992227975656,-0.02792397039972938,-0.11001304284909086,-0.06585848007651762,-0.09254561044993803,-0.05646567204849706,-0.051259963783060414,-0.04701178850716703,-0.07648649265492402,-0.036324370815171036,-0.0428060790317808,-0.1038259131005077,-0.04782004278493446,-0.02709082864916823,-0.07185525485725286,-0.04916253198855003,-0.06248496953164029,-0.12680084394623936,-0.0022211280008965772,-0.18021120115217126,-0.038251485850247846,0.003975583138519756
2025-04-07,0.006410929358674267,-0.037374713454092934,-0.0029644449372412396,-0.0031606767247733814,0.0029248296277035735,-0.02308799176475862,-0.02300988836528095,0.039052401576881834,-0.009566602514902822,-0.017404862669947008,-0.00831975040901245,-0.01570920477775939,-0.029027293857812886,-0.04157942655142399,-0.01968785944428575,0.04739645483500432,-0.03684916983118569,-0.01864182665134484,-0.03303049758160004,-0.00971840989667827,-0.017565350094441268,-0.023872953543372155,-0.018138727589605885,-0.03038499081505286,-0.026398101864976375,-0.03700963869131613,0.036399479322300365,-0.03338156239891532,-0.025397308015112863,-0.025478737519865735,-0.015693251527650887,0.044821138450497955,-0.027964299103749646,0.0041434392577022194,-0.01617118086526048,-0.04343222650872658,0.013684950128622475,-0.03182424776805881,0.02422165516064201,0.05535862235982325,-0.030519672828929423,-0.022525822483828506,-0.01636675104685814,-0.0036118797780986256,0.026348172680900284,0.033927769727715607,-0.006122031219296886,0.05422264985010106,-0.008079317250511586,-0.01679426868824585
2025-04-08,-0.041696796582776585,-0.051050724669974734,-0.06086117761043042,-0.005534761210586936,-0.007759347519080251,-0.0031739121425946593,-0.0007964956091139896,-0.03219928769455116,-0.02976480405229376,-0.01608229815905471,-0.020407465293208915,-0.001622588101621858,-0.0036389648810937203,0.0015296783209857168,-0.002383873178214202,-0.032523499565227265,-0.014517865028432109,0.01186536218128964,0.018238113809914136,0.01994827594955817,0.013529144673251725,0.00707132052340631,0.0010415031035835298,-0.009286636573240692,0.0023866909456309315,-0.037938291570176474,-0.031318263265292856,0.015682140786206666,-0.02088282094604832,-0.02577134280917681,-0.041537739255095296,-0.03032463773845695,-0.07005780649048532,-0.012836737905054463,-0.033170618305404354,-0.034683044382136874,-0.004386075838493042,-0.04231711777124403,-0.026982602339273853,0.017323986634621313,-0.01105619073835662,-0.017303429075713694,-0.04097006028481953,-0.007022997887610405,-0.01754609094545856,-0.016879719231641666,0.006333991604627887,0.010388311675741946,-0.03208830031200005,0.005632981233152368
2025-04-09,0.0759503565978239,0.1426687544581524,0.022691347527345584,0.13814162490925863,0.0241792114447259,0.08422677700290926,0.07122523533635938,0.16771488448067906,0.05844468928077573,0.06267734762103494,0.0977816451051341,0.021792624013389883,0.009729559404599186,0.0666712563212224,0.05386467451026,0.1927840529551914,0.0418489832177662,-0.012584894578050232,0.007654120484854587,-0.003151467966215016,0.00609159956354377,0.003314531670334464,0.06382462170965741,0.07249471509100935,0.03892595574376134,0.11390086313675418,0.1757475270366715,0.05016687324683833,0.0484342753889333,0.09747332077920001,0.07731076810046122,0.14872493425580835,0.21072914521134578,0.061177214216499465,0.03783770743444581,0.06784437327283266,0.10474317116387333,0.013139172805558097,0.1127382459966757,0.08740838029402909,0.03614303474965119,0.047459810633657895,0.0836356315254223,0.08866512960365158,0.09304449109630042,0.1519664861260619,0.004747977682592719,0.15314653848100157,0.0918080538681263,0.014323436845713466
2025-04-10,-0.0679269307018675,-0.04326739320907169,-0.03263241646926396,-0.06280273651866608,-0.02064085896718648,-0.020800886905711025,-0.03957439184187983,-0.09859899479615386,0.0005636152710715159,-0.008547118574283807,-0.025994111617235305,0.00337693737830147,0.007490761015638725,-0.002993809733638386,-0.005986601852478124,-0.08603333531884028,-0.09340807943906881,-0.02990212352724253,-0.026820622412226047,-0.010903473211831827,-0.01874319350470488,-0.01242165474965029,-0.018284482946035574,-0.015208621445182757,0.006084134930177676,-0.049750219817297214,-0.09354376068958459,-0.011988916984478237,-0.02282708393298183,-0.053859468231081564,-0.07618634069666808,-0.0804486241534974,-0.09073368347855126,-0.022722629062482902,-0.03389691346445467,-0.0218184110657047,-0.035328888799209146,0.003494660717733744,-0.0534704562766013,-0.04707813668844363,-0.011403001708860216,0.004435513504031263,-0.030306577431465698,-0.030272657414897264,-0.03528955857546112,-0.03519527490676477,-0.003374491711298333,-0.04402346995183404,-0.02557200227874734,-0.014516971948859592
2025-04-11,0.027938638047027453,0.03984340010025811,0.004098527810761254,0.005735668623108481,0.018491443681083908,0.004324068077067089,0.008149796436782708,0.0033962528706386053,0.028430284476724133,0.024679449859228875,0.005345786809857422,0.007883673494357701,0.012981648914041521,0.005787681254991739,0.02024941566244909,-0.008414507988207642,0.027367394105986875,-0.028192875874314627,-0.005439890506749201,-0.012251251961656884,-0.014902023269578013,-0.01637400351345475,0.007216678709777824,-0.003983899169734961,0.025396523202664945,0.0214908294676448,0.016667749661949394,0.008710464074639823,0.02284258961437402,-0.0068522905128087785,0.04574312216313636,0.046722241825794875,0.048698062526760566,0.0094365944014001,0.01603221272857347,0.023385690789550218,0.026613783661200152,0.030897416057638516,0.019555736800809242,-0.0017229990092983982,0.019851801675474512,0.02508862743798801,0.02661005935439853,0.008326798762606558,0.01578669006731559,0.016557479528369612,-0.0033840077970017646,-0.056746793715017674,0.003975520147845302,0.0010037633708255278
2025-04-14,0.02455794139238776,0.021865663882813635,0.022103611574961768,-0.011371026843299603,0.008031451033713388,0.004927203261432034,-0.0031754776672459073,-0.004209838151720824,0.01110168908153275,0.006625180084632198,0.008114639410649716,0.014604822678190743,0.01768586000265593,0.021513601640856805,0.015522336690253269,0.004877536226513435,0.010156554008257768,0.04712685463583188,0.022572933525951466,0.02315201069051742,0.02353441358374697,0.025944119019691847,-0.006126127027854089,0.028208824032100566,0.02653004752799415,0.002513526938153099,-0.016725742993733306,0.014732460634900413,0.007073947078510834,0.011915456560335436,0.005589177830445102,-0.0034390918481994603,0.008775028792944006,0.014812565575581083,0.02730865239979341,0.020627222081952556,0.012178060377907585,0.02066098834411001,-0.015372407918055053,0.01058227032156811,0.0214568817494607,0.010286798458621682,0.013542328085877742,0.01587410390218391,-0.002906425948817848,-0.0025541258828818414,0.0008823361734013879,-0.059835257335654646,0.013707539121378787,-0.0003972370172209416
2025-04-15,-0.019175793299437416,-0.0018269448913743602,-0.004495081003676127,0.012684187530924262,-0.009514309179659008,-0.005173208424812614,-0.0002512497464568497,0.004170200286605308,-0.009470943839344326,-0.011770144117981829,0.01701165558274731,-0.00025402933364393476,0.00015805224301246312,-0.005695911164656842,-0.004514649126357462,0.01740889472324092,-0.00412486551806035,0.007476935425149378,0.004288200880945059,-0.0041659146650383505,-0.003251729210309584,-0.012023862735574209,0.005130460423366401,-0.006052905578459722,-0.021462592847989903,0.006007303775678707,0.006535078155472718,-0.005394748437123731,0.002824681254926631,0.0028235842744344097,-0.04235351426353784,0.00573881765471107,0.005391604333277122,-0.0073881607691426154,0.004607122538974551,0.006738435662315911,0.004319631176768368,0.00046395471634319563,-0.014374671637932934,-0.00731192531979552,-0.013385216972340075,-0.021430368916464992,-0.026712292376864788,0.010802480938767456,0.0007492502958506009,0.01894190564296494,0.016259968932926583,0.03634356898105562,-0.026623239901930162,0.0012015292485245688
2025-04-16,-0.0033821414659911397,-0.03966025074312984,-0.030156094182737903,-0.01737964247943058,0.026753074269347366,-0.009254602776587184,-0.01656420889421728,-0.021390994302885602,-0.00038560938246590126,-0.013334773506097797,-0.020306875661409762,-0.010911443043004176,-0.007929324794859305,0.0023154125022104566,-0.006488849571731237,-0.02241771773641954,-0.01372990554358866,-0.008610636265582894,-0.0015612305620500422,0.010509443272025631,-0.0008028810680165144,0.0008093604070791294,-0.012406347432626141,-0.018102363150255485,-0.008446105419303684,-0.008275162829093574,-0.026469720186896417,-0.002015346382957084,-0.01604007856723566,-0.005545747493267417,-0.005651290732673786,-0.05180912227231271,-0.07923146581978191,-0.010840425791251995,-0.04389473641362507,0.006419339263763479,-0.028005652822355565,-0.0005915612026647921,-0.030111732002098712,-0.020334617001815047,-0.016414584619989903,-0.016133995335945173,-0.01475683130830685,-0.042832407557767294,-0.018992735253951842,-0.020159564023423115,9.939343491671693e-05,-0.06862464912879407,-0.019130419910768026,1.9362812713197286e-06
2025-04-17,-0.0014452011973258294,0.01390452565035627,0.006832582884203298,0.0007527557012902975,0.009375945538369734,0.01059261475030393,0.014565066742112442,0.0008516693592959257,0.0342933579726048,-0.003023871274288936,-0.0032474541547165003,0.006154729673346182,0.015978501700495862,0.004106749127513076,0.000849972165573476,0.030087409780922947,0.004243505390727709,0.0008822248810913536,0.005934014497409823,0.006432522682771058,0.004094743854494709,0.007533091600272712,0.0017215556666974052,-0.007101280022354217,-0.010160962456465583,-0.003589143074601786,-0.0017068853489545788,0.0016879086420127365,0.007708801717269509,-0.018134287270047178,0.013672995263373622,-0.005902766797976966,-0.011921512054391847,-0.004724731146835026,-0.019187184016548287,0.014004494079511876,0.0030226336486629535,0.02060513882461734,-0.010300689945354158,-0.011364401561717585,-0.014301334793982434,0.003936950808713036,0.006386664532108455,0.008007522901548825,0.0006441101666654347,0.013088469614691789,0.0023841920613487666,0.03323897770562301,0.0027267591454034346,0.0004009495022661014
2025-04-21,-0.021201747344806066,-0.019532060318545597,-0.017263693261726054,-0.009498488105614378,-0.00880110424293612,-0.024070050039415314,-0.014866765229959888,-0.00836732618948588,0.003943243844009903,-0.02926096067504247,-0.020836089729863616,-0.022698585432802787,-0.02122686213190228,-0.020244798896651872,-0.023339282555436824,-0.03730795840136336,-0.022383263060177683,0.0029446884134012308,-0.007806443601360069,-0.008304582032057084,-0.006930023722226064,-0.005377886700918211,-0.022305479533756056,-0.027341855720364627,-0.030048225309305288,-0.020022643522953132,-0.08480693262285044,-0.04088531048140531,-0.026672613114968158,-0.05080831563070376,-0.011534042722418647,-0.014525002167548706,-0.025354381818722516,-0.016590777641234844,-0.013181428704392317,-0.011388099856414868,-0.029156764758204723,-0.02174243270737275,-0.031511870208356996,-0.052848059792173,-0.03137204640394309,-0.0234159751999945,-0.020084767689397154,-0.03422007503100044,-0.02667709838272536,-0.057422057479450395,-0.004474993579230979,-0.04598173219477175,-0.04264733477159144,-0.0003972370172213857
2025-04-22,0.025814893871865863,0.03354892549258448,0.020281896128767407,0.029358836727963578,0.013621783272778742,0.017337363827515162,0.020564591771373486,0.018780645173521293,0.007626823165211238,0.027738489101867714,0.02606829929275456,0.02684211828580274,0.02374410143802841,0.03164403764260726,0.03124163928394097,0.07283232618420321,0.034358281758054776,0.0004646441096531895,0.005941904154295852,0.005248015063387346,0.009840297254841257,0.00416275022089696,0.027697218838927284,0.027218004002660834,0.035152386447980355,0.025205290838010264,0.01154264914910641,0.03602924475892877,0.02639787768197266,0.042038214600390145,0.013252265319252388,0.019404480052130246,0.005214716170022449,0.0277115117867055,0.017022299423022247,0.02259354034717065,0.036054308200306195,0.013031953019233988,0.03403794075795652,0.012671265360932438,0.035020534582506535,0.035304429673773896,0.030115651508400454,0.027988076978746612,0.029580112385003687,0.03416402618031533,0.005051305187893096,0.03843303432651002,0.0471017524979267,0.0027886783401247506
2025-04-23,0.021776838052358194,0.024091574458463327,0.017873019829811376,0.0291256882501969,-0.014896037511514137,0.011230008933266866,0.0071017667508366245,0.024419322017207534,-0.0103774052134602,0.002120964122759972,0.011965966213627333,-0.005714453688298704,-0.011283223848368884,-0.00880734168645958,0.001026111271930752,0.06438808729614198,0.01819374312483646,0.002931095273125628,0.004663628536399234,0.0020475147294423124,0.0036140103634756393,0.0074328316344738354,-0.00025333717295872304,0.011227767484307982,0.0033731436401422954,0.030589769413112755,0.07920831897492775,0.003799281667014043,-0.00483659505327072,0.01958772866566738,0.018021473918907738,0.03686082488798359,0.04383417493825803,0.015548916336304508,-0.0018745467668956906,-0.007469279916036964,0.009075068122498031,-0.03916020404446918,0.04156785843005917,0.02798329609179806,0.0011568815401616916,-0.002855426984607057,-0.0019804286096389845,0.03264476066982169,0.07510733963698435,0.023324929518637738,0.001236622670177212,0.05706279148570115,0.02287274887659496,0.0039669876836532225
2025-04-24,0.019754557216475455,0.018309721071415375,0.017809048518482307,0.028806722425724907,-0.00399342070436326,0.02395476921045603,0.026371368695868647,0.06301209443143918,0.011935296930990269,0.0033389927747613513,0.026529190498510324,0.0024798741468812224,-0.0037743193462986824,0.004688352277046448,0.006445415919812625,0.026362367410018184,0.012130806853583476,0.0049647309186688915,0.006283086472185673,0.002041686947463539,9.921593700390474e-06,0.006556600375982491,0.009374404255020785,0.011051675382650394,-0.0005803644951818399,0.04411889443881112,0.06591929680340769,0.00019535902282274975,0.09621633832048015,0.033744175758531725,-0.0011460888730008278,0.044269298023976056,0.041215257509819914,0.030425765196627097,0.006879633311084099,-0.001010095614114359,0.004848930997822798,-0.008526641715192795,0.03197563990703589,0.06005522911910077,-0.009985503858963796,0.022574606154447174,0.015764122073200326,0.0319756547864114,0.0625141380946106,0.052742470599906,-0.002180780994374576,0.05701932637030982,0.037853678882622255,-0.002775268417264165
2025-04-25,-0.0062394372758207695,0.004408973583855058,0.030289912597342372,0.006771767104295279,-0.004549561943657743,-0.0046348293705271715,0.019953399673815042,-0.004362763455682206,-0.012611591236233455,-0.009613068640313749,-0.007164358024460249,-0.006946940084375797,-0.0004049539549955128,-0.021092294607880646,-0.01113720084099512,0.016037186805117898,0.014234264081946169,0.0010281887424428149,0.0009217549094002742,-0.000336350746409142,0.007210252208956547,0.0028566399142850862,-0.015406310896501019,-0.012273747638901433,-0.02797162717867696,0.008585954208188085,0.019200466029689167,-0.010529687000881971,-0.023878693145698904,-0.009063452893246282,0.03243875108886485,0.00854134035137566,0.01988044060445393,-0.0035298093246147744,0.003489993815028569,-0.003181065503436109,-0.017185133307474842,-0.0009725406911034185,0.012663132744235917,0.03220881790352248,-0.0830536444560428,-0.005266085043504454,-0.00613441833340822,0.00159801310285701,-0.006193595878788649,0.0012271799832959118,-0.004090063672265831,0.03016163967257679,-0.2017073401176379,-0.005569345675398019
2025-04-28,0.006235139840365278,0.004152216114020391,0.032426380448860925,0.006648006902983283,0.004819042845343624,-0.00042822477070725284,0.003704754838939728,-0.005560010341341126,-0.005840768957714015,0.006088675974234903,0.005097294125909535,0.005731559560415711,0.002213670590377248,0.006025885725705393,0.00500118557548479,-0.0006308344817069766,0.018462874712519728,-0.0011350767691578056,0.009486651424520431,0.004796916687738406,0.0003271307959389347,0.001629701391746341,0.008327882074095072,0.007639024913506098,0.0049079207621858245,0.006039935927964812,-0.005133273633548541,0.012404131279375896,0.003631719199269412,0.007875418422248703,0.009206090175498005,-0.0056338716107990905,-0.00562721011316647,-0.0026383841869526137,0.007902707781167528,0.010605301309932091,0.005357133801892289,0.0017285123411729941,-0.0072345479605404606,0.0031227088179930362,0.022751042204433247,-0.003743971479400088,0.009081019053136075,-0.004823604458866093,-0.0034279095803908533,0.02257395442854282,0.0016237748398539864,0.026312716124486712,0.04692834469890883,0.0029079549195021315
2025-04-29,0.006204732494921927,0.005130235850191234,0.0052954807569909335,0.017825870903418917,0.007016207220939208,0.006008779678749576,0.007642139812457316,-0.006514161797158913,-0.007322150031360053,0.007370095852591518,0.004625489324847187,0.0027746523526808176,0.012580969790708885,0.005281783155482778,0.0009322301419842915,0.022448433680117397,0.004963590396890982,0.0026973539335370944,-0.004012581117175618,0.0020240699777622773,0.0005267539831059764,-0.0004006740562956246,0.0004782636087403702,0.009643886130959345,-0.020579817871070105,0.011092160739250012,-0.01120793290903599,0.016676907958373732,0.004831091504462037,-0.010273334086796648,0.0053524095261385796,-0.00886371992363788,-0.00636292877744804,0.008803963392228553,0.019061116077650375,-0.015361076581474009,0.0070912503568951735,0.04583013374437073,-0.002038266624769136,0.02843680998092868,0.018863668723942517,0.03348662246285006,0.005836242189458218,0.0007889501029407775,0.006664454495298955,0.009316672951303673,9.874259431974508e-05,0.010889579026726715,0.009794848974161496,-0.00011892756530729187
2025-04-30,0.002001044611558811,0.0061402770054295175,0.007414138172928908,-0.028640731453974944,0.0014692649335596997,0.0034224836342247045,0.011984785377234353,0.010531230945702852,-0.002315165785689466,0.01610251009593444,0.0043795544826386035,-0.00015364853998622863,-0.0022554973706681025,-0.011272151351403359,0.0006550851405480174,-0.015038918141018431,-0.014062562029903969,0.010166588465327031,-0.003944398176890296,-0.0023029940317136344,0.0020040733933890387,0.0020304930204626537,-0.006246751768295589,-0.007271437418082449,0.011365407597617505,-0.0037877298693640427,-0.009871897436772414,-0.0024862508684799778,0.005215987840112568,-0.008216929044561283,0.019463455048966516,0.007120393746443909,0.010406301187884104,0.010316289581346005,0.008068320907018922,0.020061654222496283,-0.0012025796435635172,0.01772045760329899,-0.016361590769641055,0.01689797796626724,0.01419464398353032,0.017034278961396865,0.0009491195280517672,0.006343516584387476,-0.0003085308245420748,-0.007181907209200311,0.010320033861595856,-0.0728510444266437,0.012438893282942232,-0.0007948230485124164
2025-05-01,-0.009952161893495237,0.003902708468037197,-0.009831055570789005,0.017217396546398867,0.0005492195846761305,0.014633690303458735,0.0003264120250925373,-0.007151257313998016,-0.005253568898976102,-0.006470101119250948,-0.003366784150506952,-0.012111792418488143,-0.008191275014619137,-0.004787747247767982,-0.048724219079589126,-0.0024600785830739547,-0.002831543419210547,0.006463525416149363,0.010272644904747885,0.0035929972345911665,-0.00039404285758593005,0.00806204418451184,-0.008752241056249055,-0.005758359100503263,-0.009322453639125428,0.007719782822469767,0.05346532933148218,-0.006285602628832265,-0.0056643250693486635,-0.003060621800918817,-0.03508043876722411,-0.012285873489891408,-0.010149938836961248,-0.014011014829382162,-0.02492609059384865,0.013355695918302324,-0.0009067733047274373,-0.006686770495129224,0.030475036262561872,0.06351224827200586,-0.006784534832894096,-0.007160716351279461,0.004297861573156148,0.06155648013635773,0.017774105208443913,0.010905782418663357,-0.005947693797606846,0.034400581541444986,-0.0006793822010298101,-0.0015907066969576
2025-05-02,0.020877446128985788,-0.03802631725195749,0.025418696851173372,0.010249618135965477,0.014269603716797086,0.0192761664297203,0.0177794587483886,0.02364607013384301,0.003971400865159236,0.016110155044423813,0.022897123542394482,0.013615186608522123,0.0006141208187129266,0.027556618053670157,0.019149171208239224,0.04849130892472031,-0.002836812044027859,0.0003998890788623477,0.004134047311659561,0.004358482895851168,0.007637570253052228,-0.004018798862437389,0.03391332255724944,0.027756254711570172,0.04167495995113679,0.018640789510990352,0.024506178591737537,0.00991797120161042,0.014028153917529096,0.02719815124807834,0.01277198820832215,0.03978589053858439,0.01906797006511951,0.016424936836879844,-0.009139038624011775,0.036863654911516885,0.02935051439799974,-0.0024669538322745765,-0.0015426957147246512,0.033564082215125524,0.01362521799255667,0.014802526247257752,0.02022192141266199,0.04523159927673914,0.021666163406550254,-0.017816979569728275,0.00387588260429661,0.09306591959062249,0.024727584670706904,0.0015912467132670471
2025-05-05,-0.0016971773456475603,-0.031912685575796296,-0.012935222564744109,-0.0027380004384705003,-0.002102415726784379,-0.0031174252404362335,0.0017589871799312817,-0.005469636238271569,-0.009028504296817452,0.0011879976052595609,-0.000305962701474094,0.00024733229919515765,-0.0031039621943342866,-0.004918175496471555,0.002001377070745214,-0.007047032818906285,-0.003983118269383024,-0.002720718353482532,-0.011251719690278161,-0.004639183754879372,-0.004441610936044338,0.004821251471177845,-0.007693931091820261,-0.0027273043094826477,0.011586256487058577,0.007925667784953738,0.0075924719783539985,0.004283211678969501,-0.0022776342214099188,-0.006632719333827364,0.0493640481848443,-0.003770572515888304,0.015021732962968493,0.000939570045067839,-0.004210490265371014,-0.011184389250738391,-0.004161922557840647,0.0006610451928681371,-0.019677464916256326,-0.009054459534911352,-0.001819660697393033,-0.0021158139159878075,-0.01932092159573706,0.009761251109901448,-0.009916772729006595,-0.00969376497884955,-0.0006593128047049923,-0.02154088275844046,0.00948240080657392,-0.0008343848773009199
2025-05-06,-0.028608718585803494,-0.0018611803556227713,-0.04733042251613728,-0.025900649512590412,0.0030185354259257835,0.005858077559106611,0.006286207823257506,-0.011859220934337777,0.015428761453584183,-0.002170749028103991,-0.005710626856934908,-0.0013605958414100172,-0.0007797641271958256,0.006203123894557905,0.0013361311022936917,-0.023406489450085388,-0.009738202256831308,0.008812790443818663,0.004568532397239533,0.004746816078653904,0.0005994733622123327,-0.0016033034418065917,-0.006656779163254356,0.006814342415318642,0.010365614384547861,-0.001607515793359937,-0.015689209521781322,0.00852596627459512,-0.009045521033882231,-0.015538433231668147,-0.017553927944708114,-0.010878143302519128,-0.02271214822874068,-0.014550342452340992,-0.03503060777218714,-0.0035363794743203947,-0.010634831313725002,-0.0008137540412089805,-0.007602153319359317,0.00230761654026157,0.007156355568418427,-0.013319526447427066,-0.016647129740217537,-0.011121527326537262,-0.009577769799934188,-0.034850326295075895,-0.004820679758117397,0.006465244708557805,-0.006544723629626326,3.991084285859259e-05
2025-05-07,0.022132526181580126,-0.01139888200235184,0.004241085425141122,0.01206731381407522,0.006221860093703846,-0.015445381884974907,0.0064428624391013045,0.020466196825307037,-0.010834733980385813,0.005984712625786592,0.01620573630005051,0.000348035759292209,-0.000407462806403025,-0.06380050250217817,0.009878458204173768,0.008273462775327811,0.00403348334196485,-0.004018698764837847,0.007365760005990651,0.0028566512645613606,-0.0001954103215195957,-0.0016048317996655292,-0.01060604485393668,-0.0038318262554710714,0.004010641211180221,0.0010433157129741133,-0.008470268375288192,0.009426396469933707,0.0003622703045937925,-0.0018176772826170584,0.0208860431801261,0.01739688029621167,0.014556174798788568,0.010784638480902942,0.019693600302436387,0.0016198373291116397,0.01088210592794514,-0.020036525958759377,0.019416290116904378,-0.05076082814878102,0.005304517678403897,-0.008543218958913634,-0.010952295592168149,0.018275547360721678,0.010253467932753502,0.0008595328555811577,-0.0010403670037617552,-0.006518078145557382,0.0049604366455531235,-0.0003972370172209416
2025-05-08,0.011614084913142975,0.00634991575349364,-0.014203514342683299,0.026433096716412585,-7.130667014809688e-05,0.026428361237913478,-0.0012886799178266628,0.013425347731425674,-0.0054536757712551065,0.00614324399994981,0.021259872292030302,-0.019318767119604452,-0.022316350523266415,0.006182111008994795,-0.0062709226380759375,0.04916992582135693,0.017618161802618548,0.0032991663680772554,-0.00030946270581910795,-0.0031394921106451257,0.00039993414512728975,8.997458729176344e-07,0.0012143225425766957,-0.011158159004452273,-0.0029520012389259165,0.03182597947295207,0.003027540267036777,-0.0076028968738999225,0.0028436505613766982,0.029102564538125986,-0.07186386453185101,0.0006123594647764463,0.01033010133229606,0.010664602444302673,-0.013912135346050292,-0.011075537786851442,0.017045130668888575,-0.007907934546300233,0.017315138105607808,0.007442338459140885,-0.006966155723362455,0.015499950112794814,0.019189465112588344,0.009456190155119781,-0.007044648136624865,0.0299597481334839,-0.004463835721117082,0.1095508785448871,0.004505456524518614,-0.0007946650366816854
2025-05-09,-0.015718171971673023,0.005303531656665861,-0.006063725176635337,0.005349893600795852,-0.006132298487039556,0.0012241262432830524,-0.0005904484831456003,0.02197875335999644,0.015563707477770361,0.0019535463401689768,-0.008008078634895277,-0.0033266728112444355,0.0032405282743521724,-0.008448324496995063,-0.003190512752166974,-0.15853145381974487,-0.010750785573351518,-0.003939045150548104,-0.006363933553707568,-0.000336350746409142,0.003566255403017138,0.0016045392704162609,0.006809232541499455,0.004318689298987266,-0.000623370513847199,-0.112632968597004,-0.010840193094730388,-0.00037330213798636436,0.004654890731506711,0.0317020815035276,-0.03205248305415864,-0.0031093850595000916,0.008213629605926087,0.0008127992639916926,-0.02309304015425795,0.00889618866202424,0.006616074176493569,0.009000980248771384,0.004703704707398337,-0.010629367845361948,-0.007527384512321156,0.0036011142232768023,0.005869223392939382,0.0027649547035553113,-0.00010744707722931679,-0.004868482004176222,0.0020010083136661194,-0.03554758221418641,-0.00800200286721875,0.0019846495775013295
2025-05-12,0.07822800825748732,0.061283856975371975,0.028432035207574202,0.055124031454655054,-0.009870407948433524,0.014470949773624397,0.03375714867637214,0.07158550585493817,0.026151804404666912,0.0052841775249179435,0.01910997342005416,-0.020994003332994282,-0.036666362220062254,0.013017737812743846,-0.003862974258707297,0.14438355696718563,0.023045687130991865,-0.002353725028930942,0.005342531264388661,-0.000336350746409142,0.005517387390490569,0.00040022274746309705,0.012404769761213075,0.03199763551619572,-0.020380623673219134,0.03393270109178825,0.11534833318831961,-0.0012125712682422574,0.01165941098561074,0.049530864378901196,0.06928752777106961,0.07594533426991568,0.04713395588850133,0.043230861298566126,0.032851064277487296,-0.01005679139817861,0.046853535735680296,-0.05688355954972124,0.07722392441681869,0.06288702974725702,-0.0018029358712778887,0.030774359512453664,0.018921770624206857,0.02434706833041478,0.03948815645415493,0.08033329907351217,-0.0010423853498471303,0.05455366856601973,0.028624639149002817,0.0007915821340502838
2025-05-13,-0.00042658165813769244,0.010152353301889683,-0.011719567395181762,0.028430421772823955,-0.022970819531563436,0.0018311257987440044,0.0049408712464753535,0.014615896786807525,0.014020424265129172,-0.003949624149058195,0.012319122093001234,-0.012050994513250757,-0.015040845142644699,0.005861574655717128,-0.005209520400521583,0.0014555303435366262,0.0071835667156783245,0.009570740666280386,-0.00393922403345881,0.002000093815476056,-0.00118013873261269,-0.003608357988934774,0.0016587095763709314,0.001896129343801789,0.004511019869896771,0.00306602398649769,0.0844059316080541,-0.0001265235238339102,-0.008622144551568844,0.00594950987408005,-0.016188853421940763,0.028954152538262612,0.03642240377688122,0.0059885907500056845,-0.015887750806670375,-0.01650979525803775,0.007802549155851324,-0.019775229247649406,0.01261451076159581,0.050025975622840946,0.0045494551322358134,-0.005344636974483841,-0.00898927943203276,0.0069666599297355525,0.011684429026465715,0.011857479161027307,0.00351432992755063,0.059155417343452754,-0.019864710009632525,0.0015810191990710543
2025-05-14,-0.033674613455832336,-0.0027705423614445834,-0.058578480911942066,-0.00413551934847689,-0.004248794884659901,0.0021940553624686387,0.006455604092884926,-0.00046162755112089116,-0.027262870377279924,0.003854854404612418,-0.005553328170962324,0.006832777807033175,-0.010570391356598208,-0.018546591250800937,-0.010898393086631764,0.04499376933073718,-0.012766085317635234,0.0031912682421197935,-0.007608832860090953,-0.005405486546646188,-0.0011808359230340848,-0.0004006740562956246,-0.02152078588544981,-0.030882411301825563,-0.009006200549841914,-0.017117093606067613,0.02783104561979144,-0.010245207132417278,-0.014461863980618439,-0.024919579445322526,-0.0012052528801085316,0.0057882221020273406,0.04277789487675676,-0.00657146700125999,-0.030751769513030602,-0.006585031456685542,0.003936792657378341,0.002098328652750503,-0.005698172964365256,0.007926683119240607,-0.007742961987207586,-0.026073995327416277,-0.007566335199221008,-0.003558259635692007,-0.005573569947994628,-0.005110262579774094,-0.0040784227537038475,0.014548276180016195,-0.022573644617538413,-0.0015837053099692078
2025-05-15,0.008559247896002375,-0.004101821562715102,0.02284539240059491,-0.0045930896635058005,0.03613708927305037,0.009782557531658576,0.014242923649584682,0.00024256959443480497,-0.012880838607369771,0.02050432103815769,0.00022000281312894998,0.01841544535341999,0.029392388746456888,0.017191858709931118,0.017851285244245396,-0.09095988441323533,0.012739825473444988,-0.007871161724897657,-0.005205288434685595,0.0012261460286149273,-0.00039404285758637414,0.0028070098763430806,0.01585530470305052,0.016138298314912092,0.02610657446668263,-0.01182148898756541,0.012056005408163983,0.02259113263227963,0.010894125294024448,-0.0017340004003072451,0.05376533599798883,0.002890508732457775,-0.026397228386701777,0.004492186550162813,0.03517212382980972,0.022788003176665406,-0.003938189715715801,0.03396196528133011,-0.024843746620977214,-0.024130991215859154,0.018239601181621268,0.015025990636718056,0.011130061186280571,-0.0024661382247939123,0.00013941162109354366,-0.0011071478899360443,0.009182342416977463,-0.02942850715203349,0.0002484791957790833,0.005914441152441885
2025-05-16,0.012814058244287274,-0.000847720496348181,0.012028526278748508,0.009027079862702792,0.010370319193977906,0.008561047252417353,0.03153683484896508,-0.0011231938626856675,0.023973464534436495,0.010986942798627553,0.007154223784270997,0.011861855753400263,0.013195522769088974,0.018941953572638504,0.009702552633107153,0.013462049392748199,0.010388991509850953,0.004785752981543823,0.0017333444257441322,0.0016133432549945148,0.00196432449654127,0.0011993576362669955,0.012753909105217787,0.014203541785574814,0.011871976712135357,0.020835893021825314,-0.022518503775039278,0.01782298873787358,0.016928880027791138,0.006906407211912047,0.0029294435622668757,-0.0545686268384431,0.015847262434766307,0.01376051827025293,0.011368066387495546,0.011497656032668946,0.008872618508439345,0.007453308483105658,0.001659638978158462,0.00163833332046881,0.009559603752054002,0.015213858902834332,0.01665963079527888,-6.684474394491602e-05,0.006705998435815097,0.0031334029145053677,-0.0036789524270361973,-0.014418359249106949,0.028836335913033473,0.0015669521313230739
2025-05-19,-0.002205638753254746,-0.011757273206502106,0.008372791186335604,-0.009976444613564617,0.005103865120419826,-0.005486209140084242,0.009734743998331297,-0.01245979092871341,-0.004083780151816541,0.011082269776241382,-0.007932030436679227,0.009189255443343924,0.006376237342380797,0.003662469004138025,-0.0037389673142449453,-0.018753567811128136,-0.003837516614444425,-0.0023356799819569396,0.008225451056838473,5.3132311752523975e-05,-1.495625213898677e-06,-0.001000365978754747,-0.00025724322043085834,0.005488499963619553,0.004839869244258388,-0.0008885279225054887,-0.007720613244464936,0.0037760489719849133,-0.0099213508946292,0.0007687066565473799,0.01891033458804081,0.0016258413366418978,-0.023890619631938392,-0.00500765334782205,0.012471930402457865,0.0013618167159452632,-0.0034402461673748164,0.007622145879364162,0.002383365032923024,0.0009015334915929429,0.008680466539804144,-0.000649243592044435,-0.005394147994766563,-0.0005083363331808144,-0.009247738761077429,-0.007960348579031162,0.0004737696014456283,0.019918512193270566,-0.021096723944435958,0.0015631796290742628
2025-05-20,0.0010517297892169708,-0.0091875339428924,-0.005410637598579626,-0.03305041971233624,-0.003029954932132206,-0.001179742254829641,-0.006064237399497685,-0.0013017780642554655,0.0013078278321367875,-0.0005914155142843214,-0.000794490929108882,-0.004404458269139155,-0.0012615937873086125,-0.011667478706484324,-0.007720966303886634,-0.041100824071026665,0.003797949421225244,-0.0015471912210696104,0.000499642187025362,0.0027740646482001807,-0.0023581643786378947,-0.002201910630157844,-0.0034633236740706508,-0.013791703470942274,-0.009968889105513412,-0.003727916950362342,0.04052568056816064,-0.009226671773108208,-0.007615662405422441,-0.012881344966693575,-0.004404449819518597,-0.0018727091731829404,-0.013711167103633848,-0.006191412721264555,-0.003126752373433739,-0.004580457069616628,-0.006301254401514633,0.0007084559417265268,-0.010574818597291369,-0.012706827770979423,-0.006640379571689614,-0.0132101245526961,-0.005644862701265296,-0.004425349802145373,-0.005213053585633176,-0.022928048302020443,-0.005964940808877994,-0.023352729721397125,-0.006491424754484498,-0.0015730101434447974
2025-05-21,-0.040405659821658446,-0.023277881466062134,-0.0174065632089917,-0.03529288593830504,-0.01647462215469897,-0.015503390598001765,-0.00734926826845772,-0.011242426325298815,-0.029253988094191552,-0.0006225254528837709,-0.010476815049258903,-0.021781401834105374,-0.00852205123839056,-0.02344761295740394,-0.01446452905787421,-0.05382757274827776,-0.04392826573571984,-0.003930445817913686,0.0004989073902534891,-0.006957586841362051,-0.004729085529185273,-0.0008012829872199312,-0.017771697660490027,-0.040773379260109266,-0.00802754481065815,-0.012740430447824913,-0.02922117661432111,-0.014065837741113363,-0.01403698359082739,-0.05062527024140495,-0.0007067487539460515,-0.021951209573447983,-0.015789981371386652,-0.017643059469747868,-0.013511874742094143,-0.01796556469530275,-0.014953523933725066,-0.008328988554115568,-0.01494673018934023,-0.03645135339397143,-0.011814768105832485,-0.037077287293213246,-0.021646834596728226,0.0012275806192936223,-0.01080098988582634,-0.06317901842953066,-0.010977270891515012,-0.01574691221921931,-0.035910107057119944,-0.0062969291187697785
2025-05-22,0.007744286949324497,-0.003567527548591798,0.0032930038208665025,0.0012392156492495587,-0.012162785027363121,-0.0021067615654573046,0.0019845406067906524,-0.04849111067242173,-0.008751344870334243,-0.0031380314755393712,0.0064500013088863994,-0.011920480776975495,-0.011818789787712447,-0.012390487922828264,-0.010664367934059449,0.033707736294009916,0.000571737550671525,-0.0019508717447007662,-0.001117832801891705,0.0035638013741023933,0.0027604991642298238,-0.0016038658467030231,-0.0077855862987492586,0.0020399670908375356,-0.005858276659949979,0.00976346894494462,0.01816714388403806,-0.014154494546833263,-0.0043212275549899815,-0.0008951900769567089,-0.016098950133033085,-0.008363270771217124,-0.015053702883687237,0.004592781237320764,0.001984614356356218,-0.00734139435449066,-0.005575619995375369,-0.01686678061806468,0.009411435452823191,-0.0005927554909890276,-0.007337704009518831,0.0032103096372857465,-0.0012371538780797664,-0.010961779122863113,-0.008854045956438128,0.001621912625112465,0.004315634963988568,-0.022088590823310383,0.009065429128596314,-0.0019764368655716957
2025-05-23,-0.009841291033621857,-0.030659812135569453,0.003167542822254177,-0.0070919692166322434,-0.0019665127250130254,0.0006847609958073875,-0.014895390399085606,-0.007992008418577612,-0.0021041811387800813,-0.0018384498389831805,0.0005940506687585057,0.008933755003692312,0.009773377174254527,0.0007166896585619753,0.0006993245346960109,0.004457047443404694,0.0028352170353027617,-0.007952283675895622,-0.004767378980454318,-0.005018440240427857,0.00039313863988610365,-0.0012036604638447912,-0.005264478874110523,0.01798777782648564,0.007835683529790138,-0.01505403794008675,-0.0012917227492215133,0.0030769217454862385,-0.004255882513225728,-0.011263982264384076,-0.0004712857388282643,-0.01953605814149384,-0.006553043887638665,-0.005289276883383209,-0.0009601063078221728,0.0006031428516162229,-0.007272151110508496,0.006987521008304576,-0.010828658351380582,-0.016800400312476427,0.003715558341918168,-0.005716324168584919,0.0025847065764201815,-0.005093443646760232,-0.0004278008849700754,0.001086154943362061,0.00048214508732735695,0.005288674421946027,0.006010414206353509,0.0062970114126064125
2025-05-27,0.025542383250323653,0.025034872247387874,0.012565384491074028,0.021148645925077147,0.011968565890764005,0.014860835597755084,0.014442868780808915,0.028968090222846854,0.012603382754415193,0.014190083979986667,0.016228884633441076,0.003585585970403038,-0.0004881304348351989,0.014994909726768313,0.008465018717724426,0.03516564363323882,0.015148971076296647,0.002444188311068629,0.0009081796644148099,0.0016172302678763018,0.0015708505834033382,0.002006113072584803,0.01843653665459044,0.022558129272605143,0.01407075464439167,0.027835777138198736,0.025714260459492877,0.019066038445064493,0.020537209296485948,0.03421650008019217,-0.003304791386413264,0.02645118394863033,0.03487067591719395,0.01745204394963551,0.028195101434856262,0.0019293424147726057,0.02563570614241506,0.00810174346889525,0.024332746663981553,0.01204743642970385,0.023931226434599218,0.022356632429012535,0.01769932394032203,0.024139347058347305,0.02815543111056762,0.018049561891779753,0.013375289583132055,0.06974455151456294,0.015424471041108667,-0.0007898288519458951
2025-05-28,-0.0027221918647342136,0.00109953679738517,-0.015031479576391504,-0.005437113207423572,-0.007389019740298153,-0.012672556473773078,-0.0008479892380055531,-0.0069519284295163075,-0.007461584412618905,-0.004927710508405347,-0.004360868703217946,-0.014726376053230794,-0.012804014661861984,-0.015126478988558567,-0.013908200999810383,-0.012076602707874695,0.010510178228845923,-0.001160094118382915,-0.0023398264117857615,-0.0018988475214332112,-0.00039404285758593005,-0.002044592740490625,-0.005559357391829778,-0.015323498745889452,-0.008410328735214634,-0.017889129335574516,-0.01581355449660382,-0.011729404210656824,-0.011937177445393132,0.002549246337712141,-0.019561106671747375,-0.002090494800422782,-0.01788400808706392,-0.010464259156838018,-0.003841552109467905,-0.01246677664406004,-0.01424930993193474,-0.006365121270268226,-0.006715417000768831,0.0012401703409041787,-0.009981684330909957,-0.06589215965370343,-0.00989185101090051,-0.00996833392791796,-0.006090186030822231,-0.011916093051521415,-0.007466850357995991,0.021547298400145465,-0.034863004390777164,0.004693851916525826
2025-05-29,0.022113260861153172,-0.0022965682620528227,0.012954644155914075,-0.0021919032443324937,0.005822693639352394,0.004445188156261715,0.003997623155553853,-0.00047639569030888396,-0.001273560710862931,-0.0001575908055588826,-0.00807211377622341,0.00842173287426995,0.007545035757288154,0.010683532238403792,0.007926617479481202,0.024414291440601144,0.0027344146746157705,-0.0009604327633123688,0.0017209010001471015,5.450238783621941e-05,-1.495625213898677e-06,-0.0007619686988125096,0.009844989628811973,0.010170808681974286,0.006394867661826176,-0.0031635962966953812,-0.00312554328054393,0.008418186688434304,-0.0002483187815345289,0.009934083938102578,0.021591526320984045,-0.01374999395740506,-0.0014283026811341415,0.005725112565509782,0.018217324822336955,0.006760827230675837,-0.00021892072579809962,0.0053204854970339,0.004390241387159932,-0.07369666756092386,0.015695884093384294,0.007246914512276881,0.005533731153470001,0.0026761283025447113,0.005100731131357783,0.002071351067990612,0.0012347450424163853,-0.018274622406192265,0.01384700344879608,-0.0003972370172213857
2025-05-30,-0.011379171175211589,0.004542321845078412,0.0018673873987165024,0.005193832090302664,0.005035259304428941,0.008241289254772077,0.005436754101199703,-0.009316922108016712,-0.003756605913565192,0.004244980420604172,-0.0035590851271356527,0.00689956201842179,0.008539773647840754,0.007581355031994086,0.006994109689626882,-0.005145088318950997,-0.00614135435876717,-0.015088149773359927,-0.007229911175570258,-0.007395266289663027,-0.011047044785678306,-0.008866723495273732,0.012107273799971452,0.015007512757892805,0.016307468070652753,-0.0009409151135892913,-0.06758380839002509,0.014457447056222428,-0.006538655494084722,-0.008863300435460797,0.03524932047284324,-0.017872672404036116,-0.023491867511343578,-0.0074824086187916805,0.016154925165088763,0.00936177162344709,-0.0012003750846769634,0.0038430587756455026,-0.0037453928025392713,0.0011229631341143076,0.014280973898880056,-0.007017228855958457,0.021153392803277882,-0.004611204299998839,0.007471135007525831,-0.00707092793930908,-0.006203833430213912,0.019865477732875725,0.007109812093373691,-0.0007878326431760563
2025-06-02,-0.007104573820871707,0.0042743109107359345,0.003948239193994674,0.005014899692973529,-0.0005193450688025791,-0.00839769666906598,-0.0273064976989863,0.0057671962401055765,-0.005215221058285646,0.0007332221381979309,-0.003500111315020149,0.0023270269590858206,-0.003779713747730895,0.006556832317889061,0.0024267241093491876,0.01682542064863979,-0.012944741326478937,-0.0036170487470998935,-0.0007180240290667328,0.0035913754291527766,0.003564766631598104,0.0024293405825090986,0.01276996653393514,0.00615676028058143,0.004054369972956273,0.004319812803198708,0.019281634783246737,0.012640329028773323,-0.025319095605245145,0.005938670088065479,0.0012235097433395126,0.0027055352196097004,0.03168124600517874,-0.013867451792310526,0.0009288463270591407,0.000600055453121584,0.0018801963331078753,-0.003064604458606013,0.00758243715889062,0.03360241668757702,0.011221738425617467,-0.020929151746148733,-0.0003945758002981137,0.0005242696290963522,0.0009466867070306861,-0.0006740399399740582,0.003592459336231535,0.0197158062733358,-0.007673019392733238,-0.0031364666329301016
2025-06-03,0.015980196459131513,0.0078049697634057225,0.0006204003312477724,0.025210113189498173,0.0006029778319209811,0.013105204172343399,0.023543576268760802,0.012657491858813152,-0.01888184899777956,0.00214229629998286,0.013733092018809678,0.0012922772730803445,-0.004177581075365033,-0.0030021679081340125,0.0025164988936188237,0.03594313605918398,0.0173937075696311,-0.003218688903467104,0.0029545262451056153,0.0027948386212828247,9.853886702160253e-07,0.00040644421678504017,-0.0028274214798758024,0.007772647111637276,-0.009910071663553843,0.01316988232305949,0.01840548486473459,-0.0069831964847466566,-0.004219936168085248,0.01123284741514663,-0.011395915038963977,0.027419734199059853,0.020177012404622552,0.007616806333581749,0.0037289533396522856,-0.014290030031182344,0.006212003431315338,-0.003914129145842438,-0.004944411441762497,0.049239407320959216,-0.004160199669094311,0.01508217523687172,0.016693874669946318,0.013207203730645212,0.010679246332935932,0.0050614943368669785,0.006270296162745659,-0.011198349471292168,0.03776864455083562,0.002732588224442889
2025-06-04,0.019847724023620117,-0.002164939604281102,-0.0002885026820207415,0.004799669189500477,-0.006069403568806919,-0.00046176721560264866,0.004696875630691544,0.003783948235131618,-0.002533438100698504,-0.001076370984701036,-0.0044721020290330316,-0.008917470106550418,-0.010355821825569045,-0.006476737715655823,-0.012067833100923409,-0.013788164478134135,0.00498245903578054,0.004902504510643446,0.0010745089669739194,5.43496813478761e-05,0.0036656060627660025,0.000405712712156614,-0.006707958900666888,-0.009011675056804336,-0.025912515025708238,-0.0052124464385059355,-0.0033131564312123274,-0.021857886275747695,-0.009136478968405193,-0.01018962985677252,0.001269295343747423,0.0005676845359587901,0.00783442687976077,-0.0030533114934607752,-0.008957043245083618,-0.003148003851865866,-0.011073405526265567,0.003989682506425396,0.006976481709019211,0.0026470969171734637,-0.004663366653123724,0.00416908959952611,-0.010573146954861556,-0.004157197587133954,-0.0013178407410485704,-0.005493356053121623,-0.0018199599967920754,0.04149906283540261,-0.0018538428992007638,-0.002743648140499211
2025-06-05,-0.008039089746241679,-0.010805198520075443,-7.53755054683225e-05,0.02813933647419642,0.006899038346982245,-0.0029002423034985014,0.004372040793258591,-0.003186647331664183,-0.007206137892719511,-3.452806089843108e-05,-0.0010609961444130178,-0.005442589762857608,-0.0015655404681460539,-0.006269653088818217,-0.00612889240183101,0.022823925845028015,-0.0005640921909964014,-0.006440375461344239,0.00013787828822087178,-0.0010788590670611775,-0.00011864910633940795,0.0028186271027337284,0.004435537375965026,-0.01261291878502302,-0.024570262496969697,-0.00485929418640918,-0.05320182203032786,-0.0011493137980860268,-0.0011254005103031872,-0.004864544443038188,0.004984586508347988,0.013253816814750685,-0.027607076711858802,-0.0018170342267564976,0.00023644406481171387,-0.009378786091203128,0.0018468463146987801,0.008093742675880478,0.0028907018153567776,0.0005264926392847258,-0.005416633026952056,-0.00831392743192172,-0.013982903333669583,0.0054923056608053855,0.002791612610584693,0.0004739228530832307,0.002023863380488322,-0.008433110928778298,-0.011400720542090959,0.003900487915174722
2025-06-06,0.01689177515432938,0.016316528329674007,0.011741144675069926,0.024328250315638122,-0.003135984303220596,0.004941637960892642,0.005394275102925228,0.018090222962510616,0.007634893527812103,0.001680424497485511,-0.0017996523873033965,-0.00024773940746491974,-0.0005832621489600953,0.016485104591098754,0.01419851119887916,0.05376178543054877,0.008246409050903125,0.004540169207052802,-0.0007161132999091713,-0.0011575608535303594,-0.0011808359230345289,-0.0032170255474386344,0.021852404317553642,0.010193325589922253,0.0042263771157387,0.012785217281455985,-0.004238521367073922,0.006327931454247704,0.004639630380014026,0.029876375903089336,-0.027342057053827418,0.014805165772225237,0.001379137928236851,0.007758191974652995,0.011110477331783386,-0.004823383189549446,0.020075848382191452,-0.01771191463393862,0.026474028087448254,0.019516936177733868,0.0019341081988955011,0.007920780309278008,0.013164490412504115,0.014908658004757491,0.005214874332647668,0.024668447964382167,-0.00028204641307683076,0.006311384842448753,0.005484817771946204,-0.00234855082633878
2025-06-09,0.008783725172720303,-0.012135256173475106,-0.004304793192851264,-0.01143734739908897,-0.0017929851563387444,-0.005234024503923962,-0.00032405331073359633,0.022926249251289832,0.00838441301368098,-0.025632626418562232,-0.00277630478622104,-0.0016020885771110827,-0.0045199205872279435,-0.00475973413991948,-0.01143011885630596,0.03799247316821752,0.009256111576826598,0.010578184889130426,0.006258277788905531,0.0008366672536070929,0.0017680323739437398,0.0014107938640881557,-0.025417645479201667,-0.01986618141458507,-0.03357770556446393,0.014703044739953874,0.012797816999420952,-0.03132068237283114,0.0012349890870320124,0.007335322951712353,0.006694874306957033,0.017520288390218575,0.04364525765650207,0.0013889310742678518,-0.0012832410122438631,0.0006169003135343409,-0.0009075649466661062,0.000817842880792341,0.015455139004147966,-0.0066361641111569725,-0.04731204639690301,0.007079581459366935,0.0008589932195510741,-0.02446292561020913,-0.008117169602066987,0.0010770846027066128,0.002018632768271189,-0.08832069005698084,0.0020050211288813458,-0.003918960571946073
2025-06-10,0.032565543011302545,0.006089068497756145,0.001026660885785624,-0.0030221575531159672,0.005012843276983148,-0.0005540374588415276,0.0007796335486807138,0.023564173161869206,0.015697439880500763,-0.012890498214007451,0.0005180601350360803,0.003945148593428094,0.0037460143429823844,-0.006633845419262485,-0.002425260614893787,-0.007817424488368196,0.012380883702188594,-0.0011659006015460882,-0.0009965705268117908,0.001615626710961937,-0.0017693250236678892,0.001808850719454469,-0.01040474779168754,-0.013920600960871887,-0.01061674086689468,0.0035943990736244658,-0.014363381880783344,-0.02247875121982723,-0.0014926160306094616,0.004282682152529471,-0.008866242924797874,0.022563892363267612,0.009394707261255242,0.006625965919440979,0.011750124017726904,0.006589965691380151,-0.0026106628135913468,0.0077829163605382945,0.002513966287807534,-0.03454707655558753,-0.005693549132713471,0.013431518419245947,0.0073361779906191416,-0.003313919805786547,-0.00889214277943573,0.01630802672015008,-0.0014316871318933444,-0.0026767595411696377,0.04579606039373996,0.00038640608477713556
2025-06-11,-0.005960792522009761,-0.019329091175181112,0.00972978691658799,-0.003394822877322845,0.00809263095803292,0.009027442271103858,-0.006509127658248737,-0.004513497818562584,-0.0031244062327169253,-0.006955077032674062,-0.0031830148599976127,0.0017372299555491466,-9.2850802457356e-05,-0.007729322823291973,-0.009117757888674305,0.037906914237336053,-0.0016364359151501695,0.00044636820478594075,9.472331711579685e-05,0.0012224924965629214,0.0015700786634655906,0.00280443930528973,0.00045396743853487465,0.003125963307559765,-0.004420850172016877,0.00014146813471693775,0.02844192685125524,-0.0015928571113645873,-0.014457507385597701,0.015549506204311392,-0.016698701007481276,-0.006261951808149924,-0.020120204015081633,0.005474338652762256,-0.0056132486018380945,-0.016304025225941654,-0.0018420406003274437,-0.0017112401810033262,-0.02085913725682964,0.003429959246155967,-0.006044592032188767,-0.005234143574597283,0.001528662841073114,0.006920854971644186,0.0024280447212108314,0.018241761471477602,-0.0006656035399354998,-0.003172091521710385,-0.003885739043985481,0.006006026814087129
2025-06-12,-0.006089645119130793,0.0021619269564476795,0.0040236385880589864,0.005637967132519961,0.008166939010895824,-0.0020791743549120056,0.0032928578325934765,-0.0028869455086528717,0.018449920181393242,-0.008518732670679263,0.005455337326369936,0.013221548310057507,0.009758960068062983,0.018976010735043403,0.012469180126061019,-0.04160584532689171,0.007983058124723108,0.0024565975977197674,0.000902519139081015,0.0027740646482001807,0.001566463613196234,0.005183653846009939,0.016075805093350937,0.013460790560606561,0.02301194109511595,0.005248258761250568,-0.0067971959892858536,0.020411521180786707,0.0032843131253290636,-0.01733988635822481,0.01640385847504966,0.01210269412134135,-0.024967380074140344,-0.005389822525892818,0.018528181684811074,0.0077472804859874955,-5.999884249163756e-05,0.014915306881663426,-0.00019770288405140946,0.014424917717300367,0.018182128971669265,-0.0187066175491708,0.004143047442886072,-0.000816143510659284,0.01248214260932734,0.0012070028092709961,0.0046921647550992596,-0.010163460044494421,-0.004773486108862635,-0.003281375736902792
2025-06-13,-0.014810301651542623,-0.013850162001187272,-0.0077573273814115495,-0.023619075099864162,-0.006545925580500267,-0.0027044338969322013,-0.05338730192165553,-0.032099916166800746,0.04435680188875324,-0.004615957654187319,-0.022294533202918743,-0.015699789725815094,-0.0019452637701800057,-0.012392825636240445,-0.004475547107285038,-0.03455219038578239,-0.011259385896021712,0.003649821485832483,-0.0017234767793006256,-0.004615748737256453,0.0007802934797194183,-0.0031889000456200023,-0.009083813757816195,-0.0051667121953942186,-0.010790329394388287,-0.017867072200192347,-0.054779440294534076,-0.007485500670796341,-0.022911754523559758,-0.022046918865502807,0.00705046489839134,-0.02612930157414528,-0.022877822107200352,-0.015378124037787266,-0.007064302282816293,0.0022720177429329524,-0.027137706248625548,-0.0061167035674776216,-0.005745769989266236,-0.038361965780579155,-0.007528491188700137,-0.007379241046347573,-0.00996699659178013,-0.010179988240007987,-0.026380300390338007,-0.043788085741041094,0.0004809685182176615,-0.04590005408019415,-0.007619453026996403,0.004695042286107398
2025-06-16,0.01713317393698599,0.010029345097278153,-0.0019210399482139096,0.012466146415940571,-0.012386928206928438,0.008053970671212163,0.026595334615581834,0.028562125431569108,0.03901181683843502,0.0034504580878653712,0.023553056722145804,-0.00979947251418345,-0.01044724684743592,0.00037102910671027445,0.005189639442360061,0.026752541707498523,0.0026563949224627237,0.009198265102794867,0.005937361610305558,0.006269448669311561,0.002730925362631975,0.004374517657301347,0.009386094715800652,0.009259545290997373,-0.0007458367541710587,0.038870679338620207,0.05554524398325,0.002990656779241263,0.0039015448599268865,0.015624931238520379,-0.0012257885357085385,0.033734753170102216,0.08147033309209029,0.009157165169007442,0.0010739291050487765,-0.009312684644671165,0.022271933453174242,0.00029187856929979716,0.018298058788090543,0.027239875495295607,-0.008104618625744742,0.007453249295928721,0.0005726728636004097,0.013896089302221082,0.0057533035973689195,0.015578495115124547,0.004284226060979002,0.01413727359589867,0.0076593890388361174,0.0015849416381015224
2025-06-17,-0.024226596602138883,-0.014058534979013437,-0.02936219893298997,-0.028165215115846465,-0.013438085984293302,-0.00917975419525252,-0.047320889575571456,-0.020067657911624792,-0.0027955557995342772,-0.0010381772795895472,-0.00881110020578646,-0.005001765475760145,-0.003629540190767777,-0.004153292878798176,-0.00623336544418418,-0.0179943912502889,-0.01568322284273549,3.651265255744107e-05,-0.0010730616346568134,-0.0011112425547037397,-0.00039404285758593005,0.0003929129269204523,-0.014757778472828775,-0.008720171901513751,-0.0003986505074946578,-0.015348583053086173,-0.03007792059199943,-0.007611343970040707,-0.0009657297401215459,-0.014366136472564683,-0.004014298636289659,-0.014638058497767226,0.002668362225222154,-0.017628475331054716,-0.018895607550462934,0.010829001942083138,-0.011968258550864697,0.00019823825417475405,-0.006326132113663618,-0.060574198294028214,0.002513280251021044,-0.017599267024246856,-0.011767517068039801,0.0022364183694598694,-0.008285334230401453,-0.012432705460573068,-0.002562539348758275,-0.030688626169115274,-0.03227196997353854,0.0011856972609098904
2025-06-18,-0.004222961465750963,0.00484449820202304,-0.0007150500497266066,-0.008817976382060166,0.0005378472742689766,-0.017538873610234873,-0.010938831663746207,0.008590791830392241,-0.003722403791448503,-0.0028628477587986367,-0.006199463603247857,-3.2285810796395253e-05,-0.004921367470449134,-0.007097166654410181,0.005194274100881913,0.02702407611962787,0.007024154666986249,0.000432320703636524,0.0028618909777602397,-0.0038308137919500496,0.001554241454559513,-0.0007973888253682837,-1.9576638098151022e-05,-0.014768379708165469,0.0033920185910494283,0.001418138948572789,0.06414837194632561,-0.013268740290004466,0.0021080989113517745,0.018565473492837548,0.007838478872036703,-0.007812433187428525,-0.005375428564316387,0.012274707604906787,-0.0015260324787371715,0.0019904361299785123,-0.0004779123751195158,0.001033349963480923,-0.011149723199490147,0.004226774488580887,0.00037300293312991784,-0.002882534780751733,-0.005687321480511542,-0.0014582412408525869,0.0033705413709625986,0.006127633161698398,-0.0018053187592914632,-0.04833941207630321,0.012786326771555778,-0.0019801712953522177
2025-06-20,0.0010453160505070613,0.02228671588111908,-0.0017938057792665774,-0.0031143693823798557,0.003926166957111121,-0.00909284748847039,-0.0017067864897635232,-0.006756010091390152,-0.008750298183628047,-0.0017596957209464748,0.0062279984081570205,0.0023995089171053863,0.004640295535626393,0.008732145864176033,0.006425859243491594,0.003882819457874831,-0.0027262779317656083,-0.002142844827646595,0.001692527320340087,-0.0018932957702180175,0.003103114583886679,-3.9592872229654574e-06,0.010015084382823503,0.004053049883865789,0.009742839952945559,-0.002910339214773572,-0.07173290700076063,-0.0022112187759928403,0.004055081061562937,0.0018155084329194437,-0.01221175087067472,-0.020355671181524038,0.008437925240728283,-0.006273236949827954,-0.0011134591789332404,-0.0012982358705073693,0.00784471646204743,0.008693086866113475,-0.013791203066422675,-0.047220915587068646,0.011286616416705364,-0.005912027899792172,-0.01752117942494369,0.04284130039888634,-8.590592924839768e-05,0.011314894835809497,0.008822755460119236,-0.06151770378911614,-0.003180483024395997,0.0015809433764584213
2025-06-23,0.0056195432232444276,0.002535745411422319,-0.009114695263226835,-0.008931016034178896,0.0015835498412268834,0.016455809794571508,0.009714227811082665,0.010372389616015276,-0.016532864683401538,0.012815841274857576,0.011913540242811216,0.013387870097134602,0.014435566721558324,0.01765191911929964,0.014716708123781785,-0.00016661560305930578,-0.004902539558704344,0.0014233124308860035,0.00805538522591931,0.0019982753911649276,-6.137460348387691e-06,0.0039532274703932835,0.007696751840295946,0.01785384979790816,0.012526675873512971,0.012581136596626408,-0.08431929062604837,0.014769865135443538,0.0324282271402172,0.0009980194631729056,0.007226778384497479,0.014038674567986575,0.007461469881252292,0.003097906337299783,-0.0602264454983672,0.009079642982057212,0.016864127984226762,0.01835671181135723,-0.006220452013166344,0.06199665452798708,0.015008789223768915,0.021561459006185224,0.0102175804021023,-0.010326447215518009,0.011303623206591062,-0.0030217755490813403,-0.0014156143253436504,0.029719340561616292,0.021984263023327344,0.001182571496186835
2025-06-24,0.013618002020853837,-0.005921874048613773,0.008924752855985929,0.01255476754051088,0.035086607470979025,0.005869637878914702,0.007083523301924188,0.016090170891402522,0.00039330717749885835,0.003636258720927543,0.010116628235521397,0.0032865647602404735,-0.0010701940392285891,-3.944353584639515e-05,-0.0065884254978909595,0.05203664732565816,0.011321586107321924,-0.0011518531003962273,0.005228586182259853,0.0008289215687877771,0.0015426881464004616,0.002753885406575396,-0.004579422560999191,-0.008330550091589117,0.005956018109229966,0.010954468147223118,0.010447095875929513,-0.012034678598840998,0.0061164048909567725,0.02418624317340967,0.033419176370901305,0.046088099810034144,0.06313282050303304,0.010759678343232437,0.01828935852148028,-0.0034671338552434428,0.004709715806316517,0.009689170287031423,0.02003129569447193,0.030317939825859064,0.002341952332127306,0.011888183111408601,0.028582375058785914,-0.004850651521064897,0.001934312425262874,0.043563282803821046,0.006124605215646284,0.038419761748548886,0.016354892926525366,-0.0003577987488494472
2025-06-25,0.008995150206200009,0.00632214094104544,-0.0016317482507348657,-0.01872459869882981,-0.005381399273665544,-0.013092486839657802,0.014794832983710648,-0.00235671362301737,-0.01366101695941202,-0.043443298630552185,-0.006592804724592227,-0.013722067738561883,-0.01905177894686183,-0.028169663303145853,-0.016341762172600305,0.00668636953106283,-0.009194117344392794,-0.00393194191334123,-0.003074653406572203,0.00199005067846425,-0.005826650495242891,-0.0019766704614521124,-0.01879853869991699,-0.017404490493502678,-0.026344964657117664,-0.005478009747769796,0.022118462570952957,-0.026882611218813857,-0.007510000829840102,0.004361038713732501,-0.013247532557992159,0.015305935134460213,0.032339711677269456,-0.007177926127527101,0.01017695574428057,-0.02365985363126999,0.005261474835925206,-0.017162887924970782,-0.004058003126737653,0.012012857693332712,-0.0170796340996473,0.001031188740983957,0.003911142396853862,-0.012589600687713531,0.008831042400172073,-0.015076585783661223,-0.0116157779240611,-0.033739214044579136,-0.008937962097464336,-0.003994664192680464
2025-06-26,0.007420690442612177,-0.002730968475328943,0.006754268129583352,0.03097557196607159,-0.027966784515142784,0.008846421252549419,-0.005471106517950908,0.010023198468864791,0.01481082149095414,0.015840101126982198,0.0078390937538515,0.0024839356110026856,0.008446829119829857,0.013245873895503024,0.01377623849590126,0.007504397588207645,0.009139427842161485,7.75024015697845e-05,0.0020611122999198983,5.0947593672745484e-05,-5.085898056922389e-06,-6.461743702335099e-06,0.012296775093417978,0.008256800125338692,0.003253565206257747,0.0020437997627951177,0.08418976803423828,0.016199725762897188,0.001989187155460037,0.015483629597706994,-0.01531551351374727,0.001848739967193147,-0.0009827761595930795,0.009937197358410366,-0.004509967727437392,0.00619647631669018,0.002916172475496026,-0.012881975436867421,0.023525701315560532,0.0513747314106503,-0.0022546435553580935,-0.006212662576950301,0.003898457745853179,-0.0010932395746383605,-0.004235692937266222,0.012321074080944072,0.004645033469185211,0.02250810421966687,-0.007732507814279366,0.0011856972609103344
2025-06-27,-0.0013965307381855752,0.00044919654522157515,-0.025045522167467027,0.006185096677441493,0.004853038929901743,0.0037005392679319016,0.0035435829860146484,-0.0025129340428140523,-0.024322400503847152,0.0014542565877562197,6.400584767618511e-05,-0.0011902277016524465,0.0002944007434990681,0.003976564482313094,0.011020367943880949,0.014931515770841841,-0.004865219539218479,-0.005579793164963487,-0.0038278582866588806,-0.0007236490864914735,-0.00039404285758637414,-0.001189333019456118,-0.004858048832383055,0.003223077769859195,-0.00184131452675107,0.0011640197018705223,-0.07815939700890162,0.0077862741032319605,0.0014870761520926479,0.002451485787878127,0.010501039259310119,-0.0022969359866094052,-0.0020290307912231853,0.0037048646435824395,-0.00719624217467274,-0.002429272268135385,0.005050863515164039,0.0006488148824095319,0.027680656293723516,-0.023891777638137768,-0.0020059052025844792,0.014532830259864404,-0.0019408889559642262,0.008384838778929815,0.0032662651023276368,0.025923778782190432,-0.010924491822543736,-0.042841489161662416,-0.009796713683838831,-0.007141984403165047
2025-06-30,-0.009082477573221226,0.020187297562253903,0.017223978197468348,-0.016118328995632147,0.011612202383886938,-0.0008346454497862865,0.003978004180392958,0.003384169574997209,0.013586167229200807,0.016084880464832807,0.013854622737015987,0.007173979686043275,0.011828353633593025,0.009837777124053204,0.003623711207418445,0.013484664976338934,0.002705653497300453,-0.007577109310106245,-0.01631746283976998,-0.013984417345994427,-0.012524903533444043,-0.009913178624467722,0.011376574622019575,0.00331419906232,0.007727628446632551,0.0031720984576795175,-0.011293164069397399,0.02748453163416187,-0.0003967144449061877,0.00013232987553113418,0.006260027778322019,-0.001370784479385101,-0.016303869903400603,0.002143385463544867,0.007400326015823744,0.0036825183984783294,0.010795222295648443,0.014222140068004485,-0.01805054996526856,0.026957689767522552,0.011676346872071974,-0.0017268698608825517,-0.0006689051760462306,0.0008475095799007626,0.007173593266831979,-0.0067463320831553375,-0.005646045801687372,0.04497679785315167,0.01168136073287318,0.0011938052532767252
2025-07-01,0.023268201182574444,0.012884713029339245,0.02250094298263594,0.023153147852681855,0.0013919174309720006,0.008244205254360537,0.014662592093945825,0.009868127062387266,0.029463496146854062,0.00549808903589355,0.006169009968635564,0.003181691038118828,0.005273498648520558,0.0028863718392804216,0.002948449148013843,-0.03220853191644846,0.015626376820419896,0.01163402636406996,0.010337643087552806,0.011618771425386143,0.010873371469187987,0.009861634817341258,0.002890384579592009,0.0008777861766784412,-0.0017361764344538955,-0.000718411967684851,-0.024335990971997568,-0.006300980382301091,0.022204462941419756,0.03094171444588456,-0.016223100235169596,0.0031555875024906754,-0.0445925984598885,0.01130217212502771,0.03963121509412293,-0.0091191551696026,0.009217189680255089,0.014943105722942995,0.004479995198679809,-0.035795220673161765,0.0007923133323721743,0.032346323973556856,0.01874216510786031,-0.030793939766290634,-0.017691219452606433,-0.0010654510576939558,0.010037129851666382,-0.041701802416070244,-0.003254963969347102,0.01693969763797165
2025-07-02,0.002441150570655637,0.02203852979636256,0.003223159265163922,7.250668487213119e-05,-0.016349037288442503,0.0052069850555183095,-0.0341198648638148,0.017489075429447,0.02459444544130296,-0.016611798850259873,-0.004868227388733715,-0.00994173679552901,-0.011663480280101446,-0.011473354469870856,-0.021677858241420545,0.0164910233727662,0.007964711756696108,0.0028791166090207376,0.0004641671031198058,0.0036303387704439416,0.003585324385613653,0.004430220738110613,-0.04211042895197448,-0.030182097031232757,-0.011573127832633645,-0.0007219622007985649,-0.005695074224179919,-0.02808062774526121,3.593945598545645e-05,0.016119180563765045,0.01987000185312482,0.032839784507542547,0.014617919414702918,-0.006097923237295966,0.02147756935036682,-0.008357683352089751,0.0072383655295507054,-0.007878658064194966,-0.0028378100795434236,0.020198200557187462,-0.014871689994119919,0.0043508178090849725,0.01713663337696847,0.011717030602849121,0.007712634727560008,0.008714443497741975,0.0023760526264253734,-0.004754246910441573,0.011070402702755722,0.0007739166001501374
2025-07-03,0.0066485427030018585,0.005262698844689773,-0.00850528077484558,0.008312142840377845,0.0020131098243760803,0.009752196107314148,0.003477240819309557,0.001080441368020324,-0.012297797765711938,0.013416805297890022,0.019568488373033155,0.005183634629415401,0.005013986230374634,0.016899419559468498,0.01001063634312338,0.009663079210227465,-0.0037538754738570823,-0.003598649005781329,0.0025761717770014236,0.0012458834919191197,-0.0011887126117500202,-0.0008024173025806824,0.009531239689919424,0.008791002542796633,0.007680464808911047,0.0014157407571033787,0.020186722862925777,0.016386436499179702,-0.000912965070527072,0.006655642514602711,0.002680899820680871,0.0048522527717071995,-0.007346869472194761,0.011780401919595285,0.0045944247315397035,0.004576397343776684,0.0017181890010968814,-0.00540423003955226,0.015359486630093677,0.011652870574978103,0.009405549952676395,-0.0030072622012875527,0.00564945088106672,0.019702214151707587,0.005672594886448223,0.01239448399111609,0.0004760514411117356,0.013943660065391938,0.010921441572596002,0.018923322617922178
2025-07-07,-0.01700485872743851,-0.016950390819295613,-0.009524492316820066,0.003949782439398142,-0.005964155717875563,-0.0042235278796738385,-0.005034084605206601,-0.016956720872799202,-0.016073199062638377,-0.0026865422485187196,-0.004864087916718773,-0.0013937298704913559,0.0022004992011508406,-0.008472417400881227,-0.016374713601369884,0.026798618834094512,-0.003764188506959698,-0.0003597661983798517,-0.001527650967696026,-0.002710680597894921,-0.0011892668941890783,-0.002411500328913352,-0.002180748158754575,-0.010008449637166628,-0.006168327897642101,-0.004134413229834877,-0.01776017919002726,-0.01810133449745699,-0.001723864149533405,-0.02049885848467392,-0.027506724500808488,-0.002020637056337371,-0.025742548058152792,-0.010165957550580806,-0.017973543481918597,-0.005561897726348075,-0.012610134421410457,-0.008377929774644244,-0.00011682508521371204,-0.012292875852064178,-0.004006105819109429,0.0015516511463760096,-0.009351121608627722,-0.0038505123856409362,-0.013014854767512851,-0.019932623825718032,0.005009046556942565,0.0070840491504204905,0.02096178625638956,-0.026765534239777455
2025-07-08,0.015350234788368056,0.00033702411220204453,0.010571846338649493,0.00014729345947284145,-0.0029907356567937526,-0.0057090978023399686,0.015249430921754126,0.01263882623977075,-0.0011370277317404032,-0.004971539712857798,-0.0018610861965475678,-0.010197957942231994,-0.0027977315161313854,-0.006147993326974799,0.003411873478002647,-0.05264398981606888,0.005825787407827132,-0.0003597661983802958,0.0005027748391102094,0.0028281969949084385,0.0007986338072005772,-0.0004006740562956246,0.0016695559923451952,-0.006687625896035776,-0.007101565670167176,0.020951789467969384,0.02478623458921092,-0.006349342519608392,0.0006351523096617129,-0.0023810769982546276,-0.0244544172085428,0.021221091251019786,0.019222873820144315,-0.0059546996484618475,0.013653100573629118,0.0020471795095566847,-0.0005186265154453196,0.0025401264202242757,-0.01894830634382405,0.01674683195247617,0.004102363786677721,0.005352472899810223,0.011814572453988426,-0.0018101722002237253,-0.01545850541115712,0.024918460557864286,-0.00028204641307638667,-0.0034276742841212737,0.008130869379015415,0.005088657415076803
2025-07-09,0.003092788285868231,0.0054175525347641695,0.0036999617819493125,-0.000802241750299082,-0.0014948151733857884,0.004443657592070771,-0.02219172986571305,-0.01104089559146093,-0.01182077829096384,0.0048122425388559265,-0.025151798609893916,0.0016469863141681529,0.0066951044813690075,0.0037719968842822027,-0.013047490658097516,0.01733208840425071,0.007892585973079402,0.0012610258669689678,0.000502273998960856,-0.0007313430396251874,-0.0023824986618437016,0.0044185802497116455,-0.0019395357493054988,0.0012780282569657686,0.00497131385905103,0.0010399775805653988,0.07404563663417907,0.0030893141798742363,0.008187108894873951,-0.00039958557939101524,0.00677067253807806,0.0014429212841999828,0.0013383381596776545,0.0049896404036937625,-0.0016945047905139177,0.0011988302581875665,0.006456374249024677,0.004561308512183615,0.014007269342410034,0.025570662289117863,0.0069219128369386596,0.014569693739140632,0.006802606570998293,0.0022565651328267933,0.004355758331056059,0.01187366469101736,-0.0006590232166288068,0.020208923357584396,0.012518877047456023,-0.0012182355543899348
2025-07-10,0.024083870835219123,0.0060481830968512895,0.02194870680627936,0.0013156944666823378,0.0024037473266176335,-0.0012821993900704598,-0.003976032227907211,0.008801042166266981,0.014660052453137506,-0.008529276619856141,-0.0719422104947407,0.010928565610832663,0.011555583876875275,0.01169125415805361,0.003542792937391681,-0.009889168995838027,-0.005841234187081934,0.001662438463398086,0.0005016156168791142,0.0012428373159134587,0.0031822581344003176,-0.002004434591221127,-0.007746110445403964,-0.002979204103126243,-0.005077695393269188,-0.013704684461415262,-0.03353150294597995,0.002563178469821459,0.007754567333093654,0.0028135605503645245,0.0017136039165714934,0.012814600844515134,0.037770053761167155,-0.004854614634208332,0.012823375506821222,0.0062481683906541186,0.005753451763526485,-0.004249177813103522,-0.0016443301392907728,-0.001904100668464359,0.006126654827928846,0.013352798635847485,-0.0001172038890846494,0.000499517595519805,-0.0028056676455916474,0.011209037948556322,0.0012250088813514637,-0.021070763600911313,-0.005401001057380839,0.0062682892049057415
2025-07-11,-0.006494244214521494,-0.005850958728548683,-0.013932227308963263,-0.011896615948215228,-0.012341284885300396,-0.011886269964249685,-0.02073358024432803,-0.0029166598550949274,-0.0007766548813457064,-0.010515551957710478,-0.02078646504086379,-0.0013912590252340706,-0.007402994875311819,-0.011771054869422315,-0.007047172386940304,-0.05967927305115239,-0.005869019623045091,-0.0003597661983802958,0.0009058436286153437,-0.0007309525769731984,0.0011914398368131351,0.004003727354679576,-0.008656383105869914,-0.01253937357636481,-0.006292912112859206,-0.025109716990113995,-0.01629051039418794,-0.007430659069409096,-0.02010716096753562,-0.002871541948054279,-0.02794259431243784,-0.001111438383083474,0.012621928314961117,-0.002829395681106739,-0.017201898635514468,0.0009110736493593841,-0.011360149239732387,-0.008586582137555254,0.011956120466030562,0.01922569985236322,-0.009002983584021962,-0.020429251690937456,-0.006910147483154994,-0.008191067341692726,0.0007435591221982563,-0.006346399257719959,-0.005567000581204518,-0.03563698525132164,-0.03301320136259989,-0.0005137979844156426
2025-07-14,-0.025600872594094604,-0.01205048314199697,-0.005613170406672197,0.023731853537015013,-0.0003688634503484778,-0.0004943563260200179,0.011228246533200092,-0.006077667680605359,-0.01340454639810229,0.002247328806394222,0.04867547568520525,0.002761324840395929,-0.0038221657451220636,0.01574044921862061,0.010690431036096015,-0.012665343110297655,-0.010184653532915977,-0.003192077920898928,0.00252054772049215,-0.0019161625747838862,0.0023743824383992695,0.0011961219325593575,-0.0022116757095789197,0.018558565174841668,0.01254763257509861,0.0015517244488156834,-0.0646264813160462,0.014263876225906635,-0.005359498654476269,0.004284355198532985,-0.0012189416033940859,-0.004808434919403304,-0.004163490579420781,-0.014763011371857537,0.005865847234720611,0.004257785042854678,0.005100192517736524,0.010973087166618711,0.002587738306346843,-0.003842007575060258,0.011916530462436903,-0.0038425209474741706,-0.0036566509948308124,-7.25360912148254e-05,0.010751917740920547,0.009758194793435315,0.0012307822331867335,0.057517988483173355,0.017007249246858258,-0.002731238200523123
2025-07-15,-0.06060230217059903,0.0023973308430065288,-0.019320114303063463,-0.014537854422366436,-6.424818652650544e-05,-0.01463628126929617,-0.006426095047848079,-0.013644440072733133,-0.012239814665793158,-0.01731873404247697,-0.019752193277417618,-0.008362093866806752,-0.006700814942634636,-0.012897681111189385,-0.02025012076366739,0.030001710150684424,-0.012449868837100198,0.0020684316044126128,0.007732327432299346,0.0024267227390812884,0.001184480185121295,-1.892608710196697e-06,-0.007259704347441165,-0.030430547557629417,-0.023313306738304895,-0.006747318932657009,0.017655674654028175,-0.019874241082968425,-0.020778822044731804,-0.04130729801114663,-0.018559637667173945,0.010443380525157586,0.059170291550308285,-0.011058827510124658,-0.015411280858983467,-0.011693056490363674,-0.03059418261149638,-0.013525253607298282,0.002534771167693073,-0.011268691674366949,-0.020577746724947943,-0.024169511571560776,-0.014015048608726488,0.0016538008819608763,-0.011536848177967407,-0.018472394253494784,-0.00028204641307683076,-0.01099783743697813,-0.007220379493112716,0.002441738377003677
2025-07-16,0.005028304311721854,0.005059991965402411,0.02146181037525441,0.001464628960768266,0.001454998811141195,-0.0003058387961685227,-0.005379363099953238,-0.0002891660167128052,0.0033254489375575957,0.006888852854282312,0.001171720850076774,0.010966685127560716,0.009606706891460703,-0.005049637671162621,0.008035207808344325,0.013637991244067393,0.00701588248431273,-0.0019778569404320656,0.004086176535460062,-0.004285807163015853,0.00039428524539308896,0.0003964898852215626,-0.0013630380801350483,0.002173355637658858,0.006253438302866066,0.004284119185476776,-0.00923717414035341,0.015969485900753533,0.0015724659347746694,0.006505614336887788,0.03309768254435408,-0.02334263774123002,0.025387376625193525,0.003215626834128571,0.021934554680507645,0.014895180009631748,0.004277346472079557,0.019532776361415927,-0.014444405893589973,0.006626135737552552,0.006483383319706881,0.01146709272865909,0.008488704020889415,-0.003262025168396576,0.007277328651825954,0.04748132203046396,-0.0010381379304389426,0.0044677634613066175,0.02073990535474657,0.001154984602657727
2025-07-17,0.026202111727855915,-0.0006151463697845472,0.003524316218811663,0.018988208364668857,-0.08954213690734836,0.005763902009485733,0.014113746544968997,0.0004159266634777836,-0.010242069969920387,0.006046403136543255,0.008658233613745736,0.003974004736369885,0.0033825667297824324,0.014756673160989386,-0.0002784893959884016,0.03081386242846751,0.0005140710022866202,0.012112718498209496,-0.0015063443226663864,0.004401067053441565,0.003145763173146854,0.005557614880874695,-0.0003757970287674439,0.012536952022046854,0.013025856602260077,0.01265023209970284,0.058641496323756925,-0.013852242575350004,0.04781611880426162,0.021978818708668246,0.0020194306172980347,-0.012430964716724446,-0.0008740853903415058,0.0146208332144111,-0.0026554096786313153,0.007815202909895458,0.028276306134189966,-0.001979473008455024,0.0027014356368688652,0.03141692429147902,0.0005134046504773337,0.038402259815918605,0.016116765138028732,-0.001241873299410834,0.010102033039910197,0.022263286451697617,0.0004740451042861693,0.020321262786619165,0.03091666153418071,-0.004671600708871626
2025-07-18,-0.01987902683717202,0.005559304975363055,-0.0120127687079421,0.0005073093518648264,0.025439454612458334,-0.007526144549466984,-0.0005424508061144806,0.002566135974533701,0.014064090305235588,-0.001188682530625762,0.015939822341600518,0.014035513553650958,0.013001899460825861,0.0005060212838321476,0.00395327753153385,-0.010497949598550882,-0.0038021823630156604,-0.009154821679099978,0.0008874189110281705,0.0016310710148412788,-0.0019657432443720424,0.0015775333966163707,0.0023368685890536867,-3.5762076715073476e-05,-0.0022222109252476585,0.010869141502890756,0.03710997148465456,0.00500461685068565,-0.006629025484460982,-0.009881785151335087,-0.01668256716818739,-0.011469162049134063,-0.024484360550594886,-0.006879826218213481,-0.011847631892620392,-0.004068980022777335,0.008858053205708316,0.00718082807969278,0.009614518273273198,-0.0037858783993112155,0.004480666046105419,-0.006888184390438035,0.006234191705097203,-9.284628040173715e-05,0.009620567835619376,-0.02566842634012456,-0.00028204641307683076,-0.0008352772697808319,-0.013174330081034746,0.004264787026739825
2025-07-21,-0.01655562167408675,0.0061882612405899096,-0.02434598960439871,-0.008935858619662618,0.005601618580136858,-0.011656058491293031,0.006413800416699367,-0.006759947813347544,-0.006109341397077195,-0.003049307025255743,-0.006907252505500949,0.005705266709019163,0.009778807388139299,-0.013306609862633323,-0.0070780634610807525,-0.03396103037353537,-0.0027284800797540143,0.007234995425343005,-0.00030946270581955204,0.0012346971188921252,0.002354813843180814,0.00038956077854690463,-0.005684712145097137,-0.010512665291123824,-0.015537956132947173,0.0014181066520624341,0.17219310898525464,-0.006466955086493975,-0.02322274575183414,-0.027062133953100087,-0.0038187798723940958,0.010723932016648341,-0.0028697828293759997,-0.00259126625528161,0.003681577541022385,-0.0013122682829602716,-0.01847532643632288,0.007121517855748216,0.01353578382356968,-0.003520193206288269,-0.014393922624583944,-0.01815882738861241,-0.005040034672684435,-0.005276443226689409,-0.0002493166966397453,-0.021389316833880123,-0.005207259744872239,0.001978186569949081,0.0038757693813922245,-0.011309245259247369
2025-07-22,0.03706999166495262,0.009046861422447705,0.011382934140820922,0.01002202342729408,0.010029319010262938,0.0010382366818628697,0.015277092866881503,-0.022005189490748478,0.0213149347777275,0.006792925513884995,0.013771340898670381,0.0156257729599254,0.01403537064204663,0.02063896883376426,0.015422858589190014,-0.022232551222552743,0.014489899465243372,-0.007994849352582545,0.00048771510307243915,0.000448286891415961,-0.00039404285758593005,-0.001981691435573474,0.0075156385756161015,0.011344756883223006,0.01367151600276273,0.022408014342677696,-0.046393954295530726,0.022636354766172317,0.01851497771307109,-0.001152557900450546,0.010954152904208314,-0.0294167916470629,-0.017562209888489555,0.0059777390659165874,0.03257437015954423,0.01764508736739634,0.0039993107800784244,0.02495421144248322,-0.00839817886413119,-0.018530512555585688,0.009704408544771503,0.02845938414446625,0.015261429580442964,-0.011372774443022315,-0.02260829910521789,0.007063147576374718,0.004265192619334446,-0.047867362551310855,0.011630059297715434,0.001951106088211585
2025-07-23,0.028537677765990033,-0.0011155050685678347,0.01744889103528635,0.0030850301956988346,0.0003504850721993691,0.0072228728979748524,0.00016005350805858853,-0.03309358637754212,0.01282540858880754,0.004021401438943251,0.004571503544329225,-0.01041427862614075,-0.012375473729647979,-0.0013700097072533168,0.0017671233999605462,0.000945255889617691,0.022643822061108043,-0.001974669221992631,-0.00070797217370977,0.002013798541554923,-0.0007862743493922686,0.0007852653825297651,-0.024113842628007198,-0.0032287674421036527,-0.004965201342912451,0.004640541406914167,0.01706518212311625,0.00043925350734141944,0.008752946782514037,0.014434623339560027,-0.0026813750277110415,-0.001301289989657839,0.022149995827963842,0.01130456230701693,0.011404415033912763,-0.0034728182947096897,0.0008419798480696628,-0.009929011529190568,0.0032130116004749354,0.02726518705165759,0.008917585308394038,0.0034229058046690852,-0.0004467041379054848,0.0036939621869587214,-0.01439189474168856,0.015221542548475853,-0.003311215906909748,0.03133970671364583,0.02211554956345463,-0.0050995274437886096
2025-07-24,0.008037933947711906,-0.0017715481307583048,0.0006993348172104064,0.012940216323021225,-0.0019556930752875346,-0.004457249014611975,-0.000809199191680321,-0.008604760663787125,-0.01457669639230108,0.006489116986013954,-0.00019310551204210213,0.0007442006539095658,-4.527794265829499e-05,-0.021053578872785472,-0.00436685057222963,0.0004793544672541117,0.002559168792270139,-0.0003597661983802958,0.002715047668667925,-0.0007277099171698609,-1.81136578047969e-06,0.0011785479643511287,-0.003903604794318838,-0.015560879775526892,-0.005348258531200578,0.0015357748261761728,0.013566229036864996,-0.019218579896084442,0.05657080179573892,-0.028139209113164032,0.0034335361050770175,0.005311633950680239,0.018702847949048973,-0.008878389749839677,-0.0022461469026238134,-0.00953451928852056,-0.037553374861034605,0.004048847500957464,0.016726177713589863,0.006809318175623247,-0.0015610840728159658,0.03472879668335782,-0.0018930724623089645,-8.68613225377679e-05,0.03273576333041461,-0.0007563270131498712,0.0023690058627789945,-0.008741051373577058,-0.0015560665842464516,-0.001182991456696314
2025-07-25,-0.0007143675243517222,0.0006125232175051565,-0.0036553612679695036,-0.0019710897023710316,0.00669327250562457,0.01850708148646696,-0.0012989508560536933,0.005305873251096216,-0.004393454551700593,0.007678293841978601,0.006622304014630487,0.00014357742997539447,0.006717060058820223,0.0030564564322057564,0.008858666198967136,0.01685208062309762,0.008747891102649508,0.005682505183374431,-0.0025371906177213965,0.0016187626475243633,-0.0019638927437366505,-0.0011899733238776022,0.010544996141467422,0.008481242502077713,0.019715303060813483,0.0016595098117742069,-0.0001695071838989648,0.008561861463717513,0.008460271337933811,0.0032650225188608495,-0.0013210900540352455,-0.01360765619498494,0.023544904562268876,0.0018209621894529349,-0.006482265471181137,-0.006846717692933879,0.007763008594277032,-0.006487945968583375,-0.0037929128920062283,0.00010408718673460271,0.04495681916323235,-0.02626237516065899,0.007131999243110698,0.010488595519484,0.0015231594989559838,-0.0027413366754327484,0.001984661839375068,0.008898317701262037,0.010614088260927801,-0.0011837626268396129
2025-07-28,-0.00464043685204274,0.0008458198451046783,-0.010061624595754992,0.006217417014456217,-0.0019472078428979245,-0.014718843367077739,-0.002171185085518168,0.011786574947680428,-0.012403801579738971,-0.005749662371965059,0.0033243895450025818,-0.018398302208162853,-0.01768110359212205,-0.010229278118647933,-0.024464392381622346,0.003981692219181987,-0.0036583595804851043,-0.0018467539252871035,-0.0024623197522357643,0.004340141353040394,0.0023516558072440574,0.0015712918015471367,-0.01129659019900231,-0.007688756415072717,-0.019053744620129542,-0.011798905446791075,0.01010079150751153,-0.019559569534319365,-0.012447975160088554,0.006343670397328971,-0.01608877356434313,0.02375916514428411,0.03935082124659672,-0.007200936256261059,-0.017482436928260903,-0.020408627118249534,-0.004887462948623522,-0.02547651495173664,0.0054307169292355795,0.026214026844995963,-0.009737351267692596,-0.01490424677244917,-0.012015420071664451,-0.017011536747892908,0.012046961678604085,-0.015582005754727568,0.0008493838828238509,0.01585299381910943,-0.016639945055657357,0.00235270932577869
2025-07-29,0.003205566047699726,-0.0130214676086009,0.013451481380646335,-0.03792062753416392,0.012607992477363439,-0.008861214928093553,0.004583840765569391,-0.0011658506517662204,-0.011966124107317011,0.005590341032428725,0.006412262368258759,0.014685060374042713,0.010916329493753985,0.005308455215065067,-0.00067614356364043,0.004384389147221057,0.005615100869019063,0.004334936324587257,0.0030374177477718867,0.0016058525441540183,0.0007802720389240569,0.0011741957746349563,-0.004296135478501384,0.0018010010399862608,-0.06932068641135736,-0.0015998165414163878,-0.05121092544669548,0.009375088241116991,0.0006908921693069559,-0.008912866828852728,0.013791500315088356,-0.010430036075354643,0.01859970750587525,0.00043519392026869497,0.007429006213699019,0.023325526135966168,0.005021234703842303,-0.04384058055841944,-0.008061097539606266,0.007063121196047462,-0.04153255047476456,0.008043764510448526,-0.0008939158341014775,-0.004417787065959189,-0.01693615085198985,-0.005307913262264208,-0.0017531995592361405,-0.02817538779410711,-0.0008664504145343699,0.004299455847940337
2025-07-30,-0.014350006579364916,-0.010512218192314293,-0.010807766402280983,-0.015170874833031256,0.0037650919628759993,-0.0053565073492993776,-0.01697902817275665,0.00047976186259024445,0.016594921093796344,0.007328559926938816,0.004386031365453569,-0.00025568900208572387,0.03545375088113989,-0.01566654819288882,-0.022448197381573998,-0.01008838354786068,-0.01504205653794699,0.004034156442841219,-0.0024198368308550045,0.0016019363662294062,-2.8089230230676776e-06,-0.0004006740562956246,-0.01969445648085255,-0.0033362508920289358,-0.008509087265049509,-0.016989450532499895,0.07997149716254004,-0.008861976667611238,0.0023232234511434413,-0.007408118199774716,0.023811725873775558,0.0045816364614781335,0.008664904586066058,-0.012605234453151759,-0.0073176379284598525,-0.024032574616768887,-0.0022488321430325087,-0.028744541746113406,-0.003941253006923162,0.026835110699004794,0.004009399796714774,-0.011878339268801774,-0.016931468982614106,-0.007611534527965702,-0.002115540838514285,-0.015466725293999062,0.000812129929530947,0.001932080482666798,-0.006521732079376008,-6.77647873947862e-06
2025-07-31,-0.02713058507092292,-0.007053540569149419,-0.00230205839724551,-0.017297764054808873,-0.018973799572353123,0.00014278922065091848,-0.016226924048244662,-0.029518310133463288,-0.020338178396449358,-0.00473782616864149,-0.017050252497781138,0.012381849649088394,-0.001751537188529717,0.008410177960691989,0.007698547421712831,0.014360083919442879,-0.005852350627010061,-0.003953306948195401,-0.0009873901323809164,0.001984705867243086,0.004287951477467189,0.001956836731517697,0.002462045068095442,0.014754379082503988,0.005154480191604804,-0.021509751466302518,0.05452464068461893,0.055012058391414875,0.0046578677614528274,-0.011669158486534048,0.13972914854248586,-0.05112462550956742,-0.02092053477158906,0.0445161961086713,-0.021101502012578877,-0.015942221837506043,-0.0028719673033990034,-0.00222392622195855,0.01650068489414913,0.0072147303859635414,0.001356727125222612,0.0037393506505694063,-0.00742669375080407,0.044139104115261674,0.005799385111243893,-0.0003353247672341908,0.0038571216322318413,0.06998080178936394,0.02985899483560761,0.01931347873777378
2025-08-01,-0.01077659575308143,-0.02527023244309934,0.03150518422194892,-0.033496413196483665,0.008234702394579685,-0.016288641443033214,-0.02677888221243041,-0.014163514507269603,-0.007796627390746824,-0.029805884207139144,-0.020887995399875514,0.009187842741662067,0.003101742601801405,-0.02049160139159678,-0.012945428556100147,-0.03412066347118081,0.004723960036405739,0.0016781769148179748,0.00036846472074270054,-0.006537897763263079,-0.0023422105066548404,-0.0015786963485475702,-0.008524229881651912,-0.00437019044589082,-0.010546512916684847,-0.024452888035831677,-0.04672710972581129,-0.01774212280884857,-0.006766513312122413,-0.014840186008865608,0.020292998964299258,-0.0009951269135850538,-0.0294284894507042,-0.013797689335338426,0.005936725044220381,0.014382318494357893,-0.032564382294102856,0.017100880653933004,-0.08670187473643587,-0.04893569463072023,-0.00393288961994287,-0.005889886531326383,-0.02116496501491305,-0.030800075758156797,-0.02469505876023259,-0.048957786712182205,0.004214008019939985,-0.032658118490560994,0.1757784273531895,-0.012138285276201977
2025-08-04,0.012436125459967862,0.004832785576642351,0.00927157737955664,0.022925697967468572,0.02008328297605022,0.006257246684673312,-0.024809769950906002,0.0020280721193062234,0.007739133515948904,0.005943686729843911,0.017690130446580632,0.010743410600826842,0.011644911388907886,0.009156897376132456,0.0046987813244196985,0.1165773682603195,0.01513493458909565,0.014656010473952374,-0.0009873901323809164,0.006637711316101136,-0.0027368649961219127,-7.845745754853084e-06,0.016238649752660983,0.012805327841289404,0.001780856635075878,0.01610962438627883,0.046106419682521604,0.01571498022418716,0.007648787991858974,0.010116062892379318,0.03946456468470583,0.014994454627140108,0.0262238204630183,0.011376817445444054,0.01682327930548677,0.008278963981956267,0.012775809198953603,0.003594618835068175,-0.0149259653566709,0.02137204584489183,0.019760200754531,-0.0015022519138634394,0.020491886515949354,0.012034003605754684,0.03675697184582738,0.027242527769892888,0.007537733302260818,0.03822364309202797,0.005346564223730255,0.0013438047099691985
2025-08-05,0.0011344697190160957,-0.002065668919092545,0.006104187019177587,-0.007444973142215261,0.00538785352433635,0.059705379028039296,0.0009355203160135162,-0.008843034461911259,0.056554064363084855,-0.009469343814413556,-0.011560697981703782,-0.012635302656034852,-0.016202477304444685,0.0053725289448891544,0.0035647024946898753,-0.0013236153033586717,-0.0036841408660466257,-0.003747323138749259,0.0020809635443068686,-0.004980266579759807,-0.0027423667037398403,-0.005914671363783874,0.0015383288030657027,-0.0002473684003030385,0.004336270863833924,-0.02364447292649352,-0.022158906790775923,0.011863467794025695,-0.010002818170371519,-0.006251307526089267,-0.00533797940830727,-0.020885051016428235,-0.017004149641858035,0.0022545259278299312,-0.006256359222908792,-0.005581115182467844,-0.0023379943123043034,-0.014398354746784747,0.009487827066255505,-0.020701278843764825,0.003640129140739745,-0.0007918023002346786,0.01760170162082275,-0.03031782966751395,-0.01028808393015801,0.025110550530090592,8.88511401981873e-05,-0.04690490577932849,-0.024994361507642893,-0.004658354283782362
2025-08-06,-0.013854826936539943,0.04970467735638984,-0.0121658489403762,0.004366713026107583,0.0013900611347157366,-0.0028846878726360714,0.021367316141309267,-0.0010337528268742346,-0.017253679708026937,0.0072243180891824466,0.019197748154668126,-0.004286516423815279,0.0014254997997786845,0.026075758527653647,0.033614725090397535,0.029556335990893245,-0.019492138392870118,-0.004075643631576309,-0.0015038838062166882,-0.003055421099279254,-0.00039404285758637414,-0.004159650785826141,0.0074972687680183725,0.1064682614672261,0.0019120098124805196,0.012370534115677678,0.2473480167296076,0.01622072699266397,-0.0075107861199308346,-0.0014324035463619822,0.01800662006755971,-0.0062599104236067404,-0.06928265702324854,0.0025719161506039256,-0.052795377403860755,-0.012478208010759051,0.006843748955419393,-0.006035744861425663,0.038880342793579103,0.15919064912569425,0.0060516871101521374,0.0028996517065236205,-0.011438090190111438,-8.836015183710799e-05,0.010618289934747338,0.0028924303643993454,-0.004368926871087364,0.03019548149820306,-0.0054606665246748065,-0.0029237552026564195
2025-08-07,0.007300986592554182,0.031349949388223664,0.012187894103227848,-0.08341127667019332,0.008149012304837555,0.0017376523392345078,-0.020235283532354487,0.009871581130880713,0.018036015042398823,0.006018489498317514,-0.04135500446306484,0.0064086797358511305,0.0013327913889051857,0.00152052590789431,-0.000374457473603762,0.019247081933988497,-0.0016262350109190749,-0.0027387836744305893,0.0014817119982439841,-0.00212709371604225,0.0003893446536809009,0.004147913530039737,-0.03198582868714617,-0.03995391178683594,0.01317971006515073,0.004916352823321368,-0.0249534957723192,-0.019844226230533835,-0.006563825893878494,-0.008175806045929601,0.012338074051515768,0.027129318205092012,0.05239778235911441,-0.01780428009376145,2.8322563691673963e-05,-0.002514810284775404,-0.019690175698285017,0.0047538005381708714,0.003296447276305514,0.0015981425985511777,0.004021191218906317,0.00034257594006703584,-0.0013378789603395447,-0.0018206391227040264,-0.012536947239016882,-0.03254853440597749,0.0008341557399349497,0.11040091299235133,-0.04038521459811406,-0.002501021921629487
2025-08-08,0.006298457019972226,0.04153664174201932,-0.004850557342563455,0.008434340813522567,0.01622628437321083,-0.008019632319203218,0.009444944896162433,0.002633877133276563,-0.0020328055932878897,0.007519477914231132,-0.008507172269326624,-0.009586702853632723,-0.003442908601269501,0.01068174109268405,0.01196940298860838,-0.08996150484192444,0.0036776235020909986,-0.0006377336006160306,-0.0009062163094850639,0.004018242822734219,-0.001961508679902746,-0.0019805197479434433,0.01940126883004467,0.007225932642796806,-0.0016646169562646307,-0.05708085754748726,0.04324935161845289,0.008270095153578794,-0.002116030327223406,0.013346587037620594,0.00497647602741047,0.008741078378855072,-0.0008474506652955682,-0.0011140798456663603,0.012245709726880882,-0.009469951197069282,0.013109941503202549,-0.017352064981137616,-0.0023592449903198087,-0.0027164873244789334,0.00406207004258885,0.0024617598698046805,0.0009822051446919389,-0.01077724934965385,0.009264221888924062,0.006703620064115512,0.0004614689514057524,0.03903528282253177,-0.05950878887165256,0.010810716818348887
2025-08-11,-0.003585114464142336,-0.008321106545194468,0.002205541243799125,-0.02251174794911126,-0.022430077788787806,0.005361067646388662,-0.020676289974917772,-0.0005434155535288809,0.005891281345111743,-0.006953607285194785,-0.021659747861656697,-0.0007519558244659663,-0.005234114476576401,-0.007963738326349556,0.006178062131368733,0.006550280841890022,-0.013343809857800704,-0.0036610482517751564,-0.00030946270581910795,-0.00173395836955903,0.0011734229647304417,-5.517161905554957e-06,0.006003388462907822,0.01194971497378905,-0.0015644837990507199,0.0022976719615925845,-0.003843103756628885,-0.001923786048108056,0.0024550430863854444,-0.007856351222561564,-0.012781449872724338,-0.0032602850198042432,-0.005715707330585573,0.0021779224811711018,-0.011030944026387601,-0.005755598789702443,0.0034752647184612684,-0.00263010745253478,-0.006646762535132744,-0.013052026966400732,0.004917839936582347,-0.004752008058892976,-0.01636973822423826,0.011720675313980244,-0.005370343793068777,0.00168350986395005,0.003056840659764859,0.018132164403832363,-0.01000245250278109,-0.010163280551976683
2025-08-12,0.028266252118033464,0.010865022587906559,-0.0007690381895661957,0.02781565995600932,-0.00303613620274934,0.012204983562910776,0.015484980863603504,0.03387209484606668,0.003105850980375635,-0.013653644467630954,-0.006193752730951907,-0.0020358519255729846,-0.000869072902876411,0.018163915702877453,-0.006050791465059824,0.050003284758043165,0.013273274906117738,0.004211428443395171,0.0008836885990248788,0.0023794789610454004,-0.0007856599012230348,-0.0004006740562956246,-0.002285195436381393,0.017891777166418876,0.006203731868360762,0.020241616010623353,0.06303085314448698,0.0007861545337242148,0.009974350602046655,0.027969520471331943,-0.01551119397619427,0.021227527502126975,0.012445704134840696,0.012935968247054674,-0.0004629093599950451,0.000948090603495988,0.020356504827330646,-0.0076556124916260515,0.0003825421749716895,0.023818975357212224,-0.011379724367710509,0.010771411693145438,0.01892094885711959,0.011798133847590098,0.014583726518896611,0.0179272385965481,-0.0004672000018879352,0.00034257241543933503,-0.03172101331769639,-0.0022682800649831414
2025-08-13,0.025699409873372936,0.01594864516925476,0.01337735346038027,0.024108306923911194,-0.012886226221771047,0.007931544015880476,0.03792864727797696,0.022725979923599482,0.019601014344241108,0.017503588249378588,0.013372490194495157,0.009572619628325008,0.009171475292769848,0.022393784538006223,0.020469005802202567,0.008413983199414332,0.02035722580733257,-0.0049309608401553184,0.006819240864746945,0.0027584175621160334,-0.00039404285758637414,-0.004359519748694307,0.017430990393088486,0.019733889234534452,0.015428259606959038,0.04825230790830837,0.0038259899136354747,0.009394009018628857,0.016992003644872966,0.014130947837033059,0.0022186043845877634,0.00774291123303783,0.04978210967725438,0.010360051542388504,0.015071777342572368,0.01858545489847163,-0.014950115531115138,-0.0028453307315228216,0.013470432916636632,-0.025203470950810214,0.0196706880493549,0.031363849761947726,0.017292015459017485,0.007692644410042249,-0.0220482697568265,-0.02493862414296455,0.0039689829750026995,-0.0478166342007178,-0.014960344895602162,0.002330284128992499
2025-08-14,-0.011175878663101102,-0.002308711179515477,0.015038195811640342,0.000942559740347626,-0.001372270911386586,-0.01714877481771726,-0.005857686795136985,-0.0070727840964934785,-0.010080629345107006,-0.010876970758435078,-0.01201523099798596,-0.008214519007446519,-0.002992448117537627,-0.0038046696675735348,-0.003872628033148473,-0.011177980126274356,-0.005753657573409399,0.007971948751584357,-0.006246514364996791,-0.002269467727343155,0.0003889614531384922,0.0023722321972772242,0.004867599101705977,-0.0030774546245098122,-0.0055095703834968646,-0.014466594503404373,-0.020031076248041124,-0.000999043161396429,-0.008322004271838601,-0.0008951900769567089,0.019544034972168056,-0.01007052160499633,-0.021928466172645322,-0.01169700351430869,0.003235566104959453,-0.008563823357739864,0.008795312777199804,-0.003931194233736335,0.027802844386705772,-0.013146261480149413,-0.012081272324554249,-0.015833484834151257,-0.006599307601830695,-0.02468831845492403,0.004427991860387337,-0.0012898592341326065,-0.00028204641307638667,-0.0323955404928542,-0.013643730353928518,-0.0027346782262998026
2025-08-15,0.0034714311833239364,-0.0050739842518492395,0.009003299996894754,0.003904076775355314,0.01848101468847574,-0.00604435760048716,0.019087708875833442,-0.020659088459140662,0.005535561165398661,0.0002688130525596577,0.009855768520803387,-0.009070465810620654,-0.00851831955681881,-0.013190326350598802,0.0006781330638228056,0.019573055961356722,0.0015150277665365586,-0.0035255913501028857,-0.0023361399729702192,-0.002661004404945544,-0.002745127438796402,-0.001588098964772744,-0.004118231343464451,-0.002004004613180399,-0.002120670065223429,0.0031816615338584597,-0.030388556043287274,-0.009714423669580974,-0.010215063935806512,-0.001924285012813165,0.01007475154558346,-0.152210427907991,-0.02212726286842237,-0.01891759830820483,0.020988496430908832,0.005549640366960151,-0.02073675076735082,0.012443255834376998,-0.00016888387577207453,0.003992075140599738,0.002115937524365563,-0.0047912881669498475,-0.005511334981181726,0.0035706331217899567,-0.017735872071493297,-0.008584481486996864,-0.004347922212344368,0.009544796442126469,-0.0016075133169266564,-7.233233024095398e-06
2025-08-18,-0.008148623648424724,-0.0029758861162596517,-0.0013497840850131837,0.003332900548796758,-0.011741524780879864,0.004465257373021281,0.007972862584975537,-0.0014246403028090882,-0.003026902940349352,0.0027496616283899655,0.00954052433411956,-0.006540532006142463,-0.012365514499839136,-0.01012881179352565,0.0035183271094449964,-0.008375397315893096,-0.005769764689333545,-0.0031381183417251712,0.0011612973830903428,-0.0007242936850055948,-0.0007864282553042834,-0.001986155401391798,0.004237933556068718,-0.015920694957704207,0.006330226663433969,0.012653800449350605,-0.0015635353417575715,0.0010259427724408354,-0.0018144172739065212,-0.012545728284339752,0.013788894880552682,0.010276452298881189,-0.010681228633812268,0.0066877345959373,-0.013148278081009046,-0.010623393236112388,0.005190057850814611,-0.015157981501054962,0.0016037902216234912,0.0033769071702742792,-0.004162604302937467,-0.0013386977703069292,-0.007660647288022737,0.0046580071952755375,0.012974545621649902,0.004293022298886839,0.007465607626628845,-0.003021927916852185,0.013028736014480735,0.001550200407660629
2025-08-19,0.01715210863238603,-0.00137902136812329,-0.00261027019386173,0.004276098577659759,0.007050144370954747,0.0026104494535488243,0.011813503789460889,-0.005884432990457711,0.0031611794446551045,0.009996772114527985,-0.0020082243369268227,0.01847330313843365,0.016770889698455527,0.017501792337395905,0.010546592833756918,-0.05986870822295565,0.0025624603498077825,-0.0003597661983802958,0.0014366106518890476,-0.0007245200869903101,0.0062557356043724255,0.005137393656749811,0.010881847336038142,0.021773849252581634,0.021964624588131088,0.0171095260457923,-0.09072083631834627,0.01528991279447034,0.013790037635587282,-0.004286378008032887,-0.0007060780721737103,-0.00864936626148527,-0.058916991084024595,0.01379313747449018,0.009886183099786727,0.016500991413477717,0.0013792525959450685,0.016634569978092983,-0.015532578850080192,-0.040848042916656446,0.020608441919828913,0.008735855833404749,0.007551441745513365,-0.007479520221477021,-0.013595375519078523,-0.01608349199272663,0.004118453299902569,-0.06367520570149221,0.0018676791698570838,-0.0003972370172209416
2025-08-20,-0.007661392233631048,-0.019880638929022254,0.013484504439069234,-0.008067979461380048,0.008581316305196651,-0.007101511682335193,-0.020015381512214603,0.05965771017738053,0.019615063490801887,0.010672884629891577,-0.0027028589952440285,0.0008193770059232719,0.007089065327845923,0.009756836489712484,0.014764305318093918,-0.014245068169749686,0.009788044642986549,0.001228841759246091,8.69930284839171e-05,0.004311162320462358,-0.003909040754831228,0.006674818016251027,0.014763076479060722,0.007753776764870324,0.005733912344116909,-0.004473495301983377,0.003413563827871613,0.014811197584570834,-0.009913961392544302,-0.0016793693998313763,-0.0037220932327572953,-0.008403843494043883,-0.011072184484217651,-0.010329670874698493,0.0029635119968949297,0.00321160480088567,-0.0015661595579121723,0.013151503380848695,-0.018977339447799224,-0.011913123525597591,0.003368815176230555,-0.01391752362291232,0.007739452251652956,-0.0012720371134120612,-0.015990157987990194,-0.01214705361211621,0.0011805177709041104,-0.0032361231540036783,-0.010404527903531857,-0.0012537151156726267
2025-08-21,-0.01589311194723919,-0.00487212899242806,0.0009030456024206046,0.011915367698071222,-0.003772428339698486,0.010875994004786449,0.0012602472768659112,0.007379285592253204,0.004714222099851284,-0.01341922553638053,-0.009535744876357555,-0.005271995888728398,-0.004397075034304976,-0.008296110981964588,0.0026028271076476983,0.01822025501580793,-0.0077992185689508275,-0.0003597661983798517,-0.0026507027204951683,-0.0030447492031582257,-0.0011767407104601446,-0.004718629707650468,0.00035091206155257737,-0.002771938202521973,0.009246689962535193,0.004576572441579607,0.02435288017821069,-0.034128258179077164,-0.00979776674785171,0.004581393640914921,0.016172912464427647,-0.0047269774138554155,-0.011993675871706522,0.00030959268342556356,-0.0024073009956282476,0.004053556688985882,-0.00020234182979539383,0.0005514775250263781,-0.008730691814819558,0.0022522548303598455,0.0037059327467465764,-0.0019002130027736541,0.004284339359875489,-0.0021201384255959965,-0.00235187092775746,-0.009248167697693432,-0.010934170942142885,0.01264994664318575,0.008128976331433613,0.0024028177085875235
2025-08-22,0.03822757511274322,0.012687847982228995,0.004467849980096972,0.027450313307345375,0.004015187304759138,0.009994166297035534,0.025467611669943047,0.019957409450113595,0.027337818795294844,0.009726631913435035,0.013880472040126435,0.003967611448574715,0.006968093514267082,0.01114580477169369,0.0024112199543093737,0.06270721371271826,0.024027292884409857,3.689535325346327e-05,0.0016353215745534833,0.00043825860248780657,-0.0027461255694261055,-0.0027638328491779163,0.009144069997240045,0.005218021852029686,-0.007029387794016628,0.018311746999980727,0.004069450509464723,-0.005471254758893984,0.02764448541064546,0.05302147364877641,-0.03235995626282584,0.01583687639876974,0.02150429883757532,0.018717868895150147,0.0010811799659418142,0.01500376586676877,0.02300834588123024,0.009653416628046863,0.030185593245651177,0.007199695378938387,-0.00013707171710120036,0.025085563368101305,0.01985931210734737,0.006304171627642852,0.001218590315470891,0.002044371762140784,0.0019311505428434295,0.050584860695487954,0.018411358489220042,0.001154984602657727
2025-08-25,-0.019901233507693128,-0.002586526763928454,-0.015357353773918447,-0.013497208412196038,-0.005889612161160684,-0.00023615569396273628,0.004348613542541457,0.007960014027182716,0.018607795547956663,-0.013532089023433613,-0.01758401849987301,-0.012494841091105435,-0.009677277013929064,-0.008042297417803823,-0.010088763307549264,-0.029032762803146817,-0.006655526918939891,0.0020175202961696392,-0.002293947384658601,5.0691232285071663e-05,0.00039057403193742957,-0.0015843509521875632,-0.007477014756252842,-0.00928846490477575,-0.014888223416479107,-0.013366630035600124,-0.03265089054375636,-0.01735181648034345,-0.016143641159160893,0.0025488326235203473,-0.02770795793435532,-0.0036881832112261037,-0.029511439831813036,-0.007644645522595361,-0.018112881172289264,-0.014860133541589882,-0.010426026663728827,-0.004139177746049327,-0.004325948880532948,-0.003575486047866505,-0.010836349774411502,-0.015150224241028631,-0.016929860980436473,0.002892636021948558,-0.0004457278550278332,-0.0016850860401618206,-0.007307349513454131,0.017469141725157122,-0.003138762860293909,-0.0038930352644572785
2025-08-26,-0.006460296304662272,0.009471419082768051,0.0031260245477575666,-0.009660591858152934,-0.002570122443136924,0.018087925785134296,-0.021856662059614784,0.003390409059824684,-0.023572561205976506,-0.0013802074150408572,-0.010771559272853004,0.0006353480192293759,-0.004148007728555392,0.00486496579343676,0.007156476984587101,0.004950863469921352,-0.00260274437808361,-0.0023403941980784104,0.0008817935593072868,0.002754830155201393,-0.00039404285758637414,-0.0004006740562956246,-0.0029155278408987684,0.001512275070633784,0.005510884782198744,0.006637848055283335,0.02032830377756234,0.004956563160756211,0.008025223693575612,8.657487806074116e-05,0.013109720893391241,0.014830359564770745,0.01682593895416762,0.006263489762453389,0.0037634092753426884,-0.0039099243638065495,0.010636146653144607,-0.01808204246545486,0.002987065072849404,0.007204738063339988,-0.004927694459971654,-0.002715642641335947,-0.0003214848790680236,0.0047956633746908395,-0.0022753409319342666,0.004429372931666009,-0.005863504649122664,0.03784580617084288,-0.0050768208516212,-0.0003972370172209416
2025-08-27,0.003990380485144662,0.005183973081186011,-0.002209959512295967,0.02327966923965885,-0.001432836512239355,-0.0008181334818253561,0.005309411827454369,-0.0015878808008835676,-0.003439682207924122,-0.0012829708943815632,0.01172371865103461,0.00023796965792488578,0.001526038065934543,0.01280431180302255,-0.007039574200336851,-0.006888178133944045,-0.0005640921909964014,-0.0007960760544007961,0.0004045176113156579,-0.002653821254851252,-0.0007862743493922686,-0.0007955188689079407,-0.004866337530367026,0.008846849931271272,-0.004708515234784549,0.018302435574019782,-0.0011015819873501087,0.002623818970635128,0.0007424535971995994,0.006438087784528701,0.0027953012820782774,-0.0013360022646047298,0.00012279653988400696,-0.0014677998640566514,-0.005652281771592271,0.013095750299601416,0.0027809995932948084,-0.020900950692948506,0.0014056650070228827,-0.009473759675774573,-0.0013927969128637585,4.5022510295034124e-05,0.002465525729597573,0.00034693014132436417,-0.0017328048308673516,0.010401119240683876,-0.0014020716335729766,-0.01641142973802623,0.008024469990179028,-0.0027346782262998026
2025-08-28,0.05217780648189407,0.008992005329587549,-0.0014421202074705874,0.004906981443154379,-0.0011294984112781847,-0.0006594810293032438,-0.00546927554065757,-0.005983508352674249,-0.002484729777581407,0.0032309754693820025,0.008251668990778782,-0.012118325278025033,-0.010661009073080763,0.0031583380868154265,-0.012352540218270036,0.02820396695886984,-0.0015850288640053556,-0.0007167763888444867,0.0010774778104414295,-0.004210827077291146,0.0023483523094101066,0.004327512255385191,-0.007823498934377504,0.01174621845536894,0.0032420505441450587,0.0026960351888138945,0.04935843532189654,-0.0007174566570080643,-0.00800021906964421,-0.0011388178008782113,-0.007869157442891073,0.004732549362608474,0.005704999379561038,0.0007286217655009253,-0.008306162783304316,-0.004156414901245853,-0.003016057076920653,-0.004044738400358128,0.010380566969951488,0.019969217343978052,-0.004664182840913078,-0.011615552488486891,0.0018171811209306554,-0.014587907931651323,0.012478222980054632,0.005552028559796973,-0.0014033274967970577,0.04126800908817785,-0.0013928339735711504,-7.233233024539487e-06
2025-08-29,0.00628532996833453,-0.0017563494842880445,0.011088054280018689,0.0007566069431055311,0.009327247959058482,-0.008238006966568179,0.008971485605609786,-0.012709959633998125,-0.002006344061034504,-0.00026040235205293527,0.0863677459982286,-5.513086882746876e-05,-0.007602072023344064,-0.005721452500315749,0.007056291250841618,0.09838973444805088,0.008700002042228316,-0.007528266225656388,-0.006785045089488406,-0.009696757842719173,-0.0058863746091164515,-0.01146806076084772,-0.0038130925360757573,-0.01416657264905652,0.010626160845228938,0.010559694198686742,-0.04211475071263582,0.0029251941037840012,-0.008860669716054481,-0.0008951900769567089,-0.016737704493561267,-0.028274317426036255,-0.03886615760148171,-0.01062518020208536,0.007248763042228212,0.011866315625920443,-0.003395016459384337,0.00580258180668114,-0.011675111119754611,0.0003480604313175206,0.0015701613947722848,-0.005125801302300559,-0.002730618097229076,-0.00911013247741943,-0.03172372185957162,-0.0005462690415196647,0.006813017600882709,-0.013426744941019031,0.0029788913545063522,-0.0058702637375760425
2025-09-02,-0.002888427505584268,-0.010428193044137224,0.006429345792108521,-0.022560858092030678,-0.009531379604935886,-0.0010547841380699197,-0.03026602646474874,-0.009101013218450582,-0.011150645494600653,-0.014272474391936463,0.013481005644479183,-0.001057509969420778,-0.009191919334388565,0.006970677916068979,-0.011753048710214209,-0.07541099326203593,-0.0005640921909964014,0.004424913188854518,0.0036682710787010464,0.003184048928355221,0.0023558937269476665,0.0015846027037245136,-0.0037014713323282322,-0.0011004314956588601,-0.00036091845949748347,-0.026382323746021008,-0.049350677343375615,-0.0010129014421078608,-0.012710657239511036,-0.007984840214520617,-0.0026907743295323527,-0.02064901178769496,-0.004841415459681642,-0.0001816143085680011,-0.0028265636953346274,-0.032848279815325565,-0.00373892695574618,-0.017165803111122813,-0.016496989691163755,-0.006990567391436109,0.013740443125051627,-0.013354461457908862,-0.006190837889699985,-0.026795824069384633,-0.0002472142300078417,-0.0022393538054448214,0.001229061081690741,0.003836766674591985,-0.015152409547745549,0.006244661683601382
2025-09-03,0.0007789975359155932,0.037433601019188245,-0.001052202855409412,-0.021088291157862926,0.00501734488511385,-0.008362170096734012,0.009529624632090616,-0.01637761811383065,-0.007019554992925947,-0.003136160074857841,-0.005774918667670548,0.0015475442529506722,-0.0013248991572742952,0.003574539371982155,0.010466927857178732,0.03463392849802638,0.018715979021751927,-0.0035070685778526567,-0.00548367863972965,0.0031717751987554443,-0.0011789676797619997,-0.001591320553592901,0.0031957771132713475,0.0015076208961923854,0.003961510222820763,0.008670127135208539,0.008830824475048793,0.005558735334754594,-0.003781287114488663,0.0017999141895130855,-0.002826060674554043,-0.00901888867269296,-0.004104672095951223,-0.0027278174713654124,-0.010834570009022215,0.002377272424085586,-0.010885445331296317,-0.02186979568435543,0.0024950757068271656,0.009054126607715318,0.005785491319543645,0.005301191496222657,-0.002760585776283797,-0.009599154342240901,0.00927133071353392,-0.02328680927612492,0.00047268787798282474,0.00889597545102383,0.008791295557820433,0.0027132431177707694
2025-09-04,0.026400176204009362,0.005529570773682657,0.0045974269975372906,0.003976206412691141,0.00431037438017956,0.013423994414764273,-0.010835575653747043,0.00527964238735823,0.001871002189795412,0.007670204939552505,0.0070011469046269426,0.009105810178287932,-0.01349315072246604,0.01587621548735374,0.01673372379369109,0.04747399978115219,0.02425116111648462,0.003582748863507401,-0.0027064960904419344,0.002771643009148672,0.004892358634893679,0.0011866172233068184,0.004407485205417672,0.007527857960121231,-0.011291096841312687,-0.0036178326046405473,0.057552638630820496,0.017741039894148436,0.016089595221759012,0.01608728440460938,0.009775852254110262,0.012049287139087816,-0.0050328002937236604,0.01867839106503233,-0.0133762901333494,-0.0033884200535827524,0.009357902516193839,-0.0065250423539087166,0.041598804203072604,0.025215773175869316,-0.0010486005664320786,0.025290488817042878,-0.004148936211487708,0.009670067815246153,0.014616058473778004,0.01655959746058855,-0.00028204641307638667,0.022862761830396927,0.009408643064690914,-0.0015625524913689404
2025-09-05,0.0027983992073075115,-0.00032413829086586077,-0.00283687013158751,-0.012301025596832105,0.0005339395052574858,0.003929766841944904,0.014703802127194798,0.0028139829031044172,0.014328614532556294,-0.017579048109697126,0.01933778575878886,-0.00293736230048669,-0.005670189369137546,-0.007837173023565569,-0.015117756567658347,-0.028360887948194247,0.015965205105209268,0.00597942586494371,-0.00030946270581910795,0.00043908392332969726,0.00019160525635575354,-0.0019879653358980676,-0.031694386792590734,-0.024955808730316775,-0.0010690022610697625,0.01875670608082558,0.01246463090502381,-0.0336572009389533,0.004485845074546191,-0.0059596910430292915,-0.007188858130170672,0.027496051667212917,-0.0710260451004947,-0.0024738581072565324,0.012482132953157254,0.006693387257344696,-0.045060313128058915,0.015875198562279813,-0.014701481590353893,0.009832139056427991,-0.007613787580872611,0.013708193843862126,-2.07718196358897e-05,-0.004399460083262863,-0.02443345840133837,-0.023480794084651535,-0.001414361566143274,-0.02235582579776363,0.01853881117093259,-0.0019530052694265443
2025-09-08,-0.004127919307425287,-0.00752880561868885,-0.013886354109485133,0.006741265167392818,-0.006026636971823152,0.0007538137305074244,0.02864915988738037,0.006621676773872487,-0.01190755918093167,0.008181465624780948,0.0006943893603565954,-0.006836253239479895,-0.005973112988542972,-0.007601754014956441,-0.005614193736149353,-0.019231205570546805,-0.003461277495995674,-0.003128228984919268,0.0024865571463554836,-0.0022761418965466795,-0.003521470327710219,0.0019793577406255203,-0.0059461590152407595,0.0027602599484248813,3.320072031520738e-05,0.005229062207250834,0.11774190712247101,-0.006544172104151258,0.0051954500946180815,-0.0013788770895102331,0.0028936177386515993,-0.004916659501857268,-0.0011485864821896286,0.00625165974408759,-0.01231496996509751,-0.003953428207632559,0.006571758657807791,-0.024426897680025483,0.014609468183109264,-0.02207956942933187,-0.0011153729473356577,0.0032855216968057377,-0.0029241285566632413,0.003872742955430386,-0.003008796135284264,0.022358543338325987,0.0019813032054565305,0.10692406460628501,0.004564718405533519,-8.067981445147865e-06
2025-09-09,-0.014082192115152381,-0.014899353994469955,0.0022294529625863646,-0.006300767716822087,-0.002337353740944792,-0.022156456432936622,-0.01164824405227094,-0.004297446047367259,-0.0034543234244841514,-0.004091426809316623,-0.005499861919562754,-0.001262188055632052,0.0067233746333412725,0.004780772536491007,-0.000645613984622706,0.02688809917254087,0.00040256917541858783,-0.003135837420430665,0.0008865424439092884,0.0016034404037283956,0.001952444217205862,0.00039136120468796776,-0.004064114708437039,-0.003056935731565069,-0.0018411206715560624,-0.008005601184221334,-0.012157548889812908,-0.0014210709608457606,-0.020241391282160848,0.0007966458510422214,0.054062898606272114,0.00830171508461941,0.025776684565156138,-0.006563022121881978,-0.000862537324258561,-0.0019469538950214194,0.0019600015183955932,0.00439968947686431,0.009739655898476585,0.011481062834999278,-0.009543006666129727,-0.027365751478662936,-0.005786577868401643,-0.014116541582332776,0.05117660513422706,0.00047874490956623106,-0.0017903768210927318,0.017438885211895183,-0.02548652868746082,-0.0003972370172209416
2025-09-10,-0.01631609571804571,-0.03274003988915286,0.0050121721422549115,-0.0030156888489161204,-0.02026841560893544,0.007594738836308679,-0.009815932783778791,-0.0049952059247653224,-0.014308610087954143,-0.01654716577804205,-0.004875338266772999,0.00045084375712622915,-0.0009643905489724602,-0.009072525202069137,0.008817732380030918,-0.043236588833681644,-0.010272920423714194,-0.0015519515489228475,-0.0019044543230997135,0.0012128682423884207,-0.00360232058605936,-0.0015890397255016175,-0.0065108812758829515,-0.008068300444977083,-0.01774944211203966,-0.01704064841935793,0.06674414799189954,-0.0009218918557003519,0.0007088022799948135,-0.008166168193047607,-0.03073782224364141,-0.0010957544182739198,0.02065964635833506,-0.0006090600821186953,-0.005305501573316995,-0.015053580335327776,-0.0025858194304362314,-0.004871683625572665,-0.03415086344991369,0.058232531853337655,-0.010689291131539491,0.0062749964729418295,0.0016116213421737413,0.007040836449166754,0.015678660521054155,-0.0051920469921400425,-0.007857869230639025,0.013204594148145787,-0.011529941610480599,0.003873731712319639
2025-09-11,0.0215091792900326,0.014236541283469961,0.03897127537057443,-0.0027011247761166146,0.024670334279485395,0.016167616835401688,0.0023733587663024025,0.0030786861819054323,-0.0015243035668284222,0.019009706266962745,0.0016294227185067456,0.00976445330855924,0.002905531517527926,0.02083912594534265,0.013442474747171751,-0.04388167326239145,-0.0025172395409631676,0.0008324191521627,8.952376173265719e-05,-0.0014980020740003042,0.004375506269516993,0.0031601946851531615,0.008812674619852245,0.01851764000299827,0.025260725797058292,0.03258689352264721,0.006243059890576497,0.011652305424241227,0.036847659472873495,0.022901098610646375,-0.0053442601102826615,0.03975047549063149,-0.027489706249902213,0.024117165904779192,0.01496137398883679,0.01461965599358539,0.01820155316324179,0.013750942694795931,-0.0020365330714398056,0.013277254913226955,0.027215888295797797,0.024154924599218752,0.024482662528467536,0.01088637299365125,-0.0006375508910858585,0.021069640747119145,-0.0006622830217346554,0.004658278379168657,0.015843387680767762,0.0019248262103768177
2025-09-12,-0.02722611294977728,0.01746177827644857,-0.009342616897646927,-0.0038514180364703776,0.007664271326141225,-0.009793087807623557,-0.00214020030564388,-0.013360179712121223,0.0007521458549950566,-0.010231680541847865,-0.01759104902901143,0.004317743911540717,0.005819721152072077,-0.0024358315892509808,0.003958741167757296,0.018046732990153025,-0.005463620890672427,-0.0019496369355294085,-0.00334557249566636,0.003144562755996283,-0.00039404285758637414,0.00015206503902120971,0.0022883025262192547,-0.0013899940490693652,-0.01090548247628309,-0.029086950344751727,-0.019385521161187746,-0.010798347563926392,-0.01425969803827698,0.0019511768119486739,-0.009544780571231648,-0.01451387968848561,0.015524367970389363,-0.01123181022611952,-0.022756495771103502,-0.01418291545902406,-0.0076612213981412935,-0.008052921540471658,-0.008243942714790009,-0.09542173332047366,-0.0004902095654397698,-0.024066860066860762,-0.00543005577491229,-0.023397529519775695,-0.010457895565285646,0.012506896335920281,0.0031353954968906805,0.01583570856300298,-0.02054642928215955,-0.001170684259946153
2025-09-15,0.019906589535792385,0.011224517371601905,-0.0041179889266356184,-0.01772853094150939,-0.018554135778757086,0.007431114640578329,-0.005229679519034747,-0.0023033536627012907,-0.01872274714077804,-0.009097085786006431,0.005719691240433811,-0.0036360088081286435,-0.0040740626259649915,-0.0043043224992409534,-0.006700687255690951,0.07139305123497675,0.0004176600657204155,-0.0009565909737458966,0.0003304930015497476,-0.000336350746409142,-0.003127869543571471,0.0037747731600683565,-0.024742227994133614,-0.021430568337149403,-0.026630897571370937,-0.003793554245262065,0.0030898759008035626,-0.018092349498134652,0.004725566752192378,0.01903743057039975,-0.014035420496381512,0.017874934066031578,0.013268056521003935,-0.0005521609045446851,-0.007303134250067345,-0.011523473606016577,-0.0190189808563046,-0.013859274720424253,0.01388879710124069,0.04042085804249673,-0.021839244384259437,0.008819162457915475,-0.010975179072659103,0.00815085495025425,0.0008841184987344874,0.003882389030033906,0.0023680252599000973,0.016257261861940542,0.01363624763671023,0.0012608690484556817
2025-09-16,0.013040119895704194,0.00615845894812761,-0.006992166563557944,0.010880192509551634,0.010385135450345473,-0.001376863726301636,0.017350229719196086,-0.004391959755675856,0.027937455005654144,-0.007618820371378732,-0.008596995760359327,-0.01964975559168014,-0.021712289014978126,-0.0050403207473985745,-0.007302225447971544,0.003649789655524316,-0.006469496771754013,-0.0005587869719363425,9.032124140784248e-05,0.0046704652513156475,-0.002351362156290726,-0.00433924951117115,-0.0035147676422262464,-0.014719658386538548,0.0073267135214774015,0.00011714924547234773,0.027232771120945465,-0.0034731560566454434,0.0027621097266061767,0.0044307353311956454,-0.0035707731535623566,0.014547681725741057,-0.007286395014623359,-0.012389837018496053,-0.004899173300505488,-0.00232333520013972,-0.0029877868477372616,0.01097207974024439,0.010872017819626656,-0.024739818641798195,-0.01975764543098446,0.0043951701106550445,-0.015551890601249951,-0.008658182407268455,-0.00411731330228271,0.011901196487564825,-0.0010384933992106937,0.015109739610005057,-0.015444406086023044,-4.225375070232573e-05
2025-09-17,-0.003002999827412367,0.003572292376010644,0.02005221201103513,0.012798976060205192,0.010120160180467686,-0.008131452611778833,0.027394907909132904,0.007974379859401637,-0.022102561404725662,0.00011194365149069796,0.001822847153216678,0.0036952682462461084,0.005564727460978247,0.0021567219995572984,0.014675138078636074,0.002620039875257163,0.007302213790612466,-0.0003597661983802958,0.0020857347702691875,-0.0053431667441343755,0.0023451327112131715,-0.0027713022923787634,0.005631883515247793,0.019587121010216535,0.004342553230286761,-0.005931016476600881,0.038713980691642114,0.004355764065491208,-0.004425594566779267,0.014004834024893498,-0.02462136378176183,0.02549923970534973,-0.011068167734099355,-0.005697292712492974,0.005874178233300498,-0.002329200350640548,0.0002163448735910123,0.01216016492872729,-0.01082204673135756,0.002773680059976691,0.004318384386533758,-0.007186406008226953,0.020095961478448388,-0.013008815072831137,-0.00912974052540605,-0.008193787818259857,0.0023629464163343883,0.0020226870817205977,0.0005602055596156674,0.007458217961324287
2025-09-18,0.007776347216280399,-0.0046041067149857895,0.00456069625619282,0.01847791829727985,0.0025323881855259245,0.045498291558551784,0.01603710968778227,0.009943007333738763,-0.00595217363654843,0.00749434953119632,0.01111601668890927,-0.003593196300577084,-0.01087514063414119,0.012071862239278808,-0.011405804215995907,-0.007694201037804049,-0.011396325424030795,0.0004360793505417959,0.0016821362034695753,-0.0014952339404747939,0.0035060952073724394,0.001969954179787514,0.015512875565822704,-0.002037166177867533,0.014078524276197157,0.017511733009244246,0.0052955458796795085,0.04137748879019387,0.01021822575645892,0.013337537463776528,-0.0028139861152025603,0.06264011181256723,-0.010754888612283686,0.012832877556996358,0.00399167748368523,0.002772497644397909,0.010813803241433995,-0.022020018377597594,-0.0020705516077850206,0.024393703125755728,-0.01442902715492167,-0.0011915594363935966,0.0066013651046992194,0.019833078391674253,0.026618067891537756,0.033714754977254735,-0.0029270392424876057,0.021496890077347786,0.010070270177551244,-0.0015715874832569199
2025-09-19,-0.009539640421702522,0.031581842826945206,0.0013908784388778628,0.012655557530066197,0.01041974571201365,-0.005297359737252982,-0.0029941433163722664,-0.016128592385642904,0.011703033016323694,0.0035064675185845218,-0.001737717678079953,0.004296416431884609,0.0050281689875335545,0.002967805301520521,0.00028906052210508903,0.02267485238749778,-0.01351888297567383,0.002024054441661427,-0.001105610811522162,-0.003821383385694155,0.001550336812715436,-0.003958727200856327,-0.013923458049948323,0.0025492364492141206,0.009992565763153216,-0.009398738535668194,-0.03155801136803671,0.0012766859325870072,0.0010778494280430095,-0.009229571978586648,-0.0007182358818065282,0.0011838679069127167,-0.006295210539716933,-0.0046439292984397085,0.03406502749504181,0.0018682649683627872,-0.0036787947922283237,0.0009037912604128451,0.0006952479382569265,0.017916697248486102,-0.003774464264513888,-0.0002338495929281592,-0.0075370405837968946,-0.017735298783630338,0.011379578030616955,0.009370284816597518,-0.0021756710999185636,0.041470539989179045,0.004772509947754244,0.003902113081559744
2025-09-22,0.0007783563597536514,0.04224415694846151,-0.00022978718976496282,-0.012454179915308394,0.003809890722394904,0.0019358494441039653,-0.003726221240354377,0.007080491944020828,-0.03115184465106413,0.0055729840458376145,0.004724662624327358,-0.0008596442065131882,-0.0008731227448661727,0.006828657277037742,-0.006022590868234978,-0.02486017205002522,-0.025959142971228477,-0.0013523793577432386,-0.0007077357005131901,0.00043908392332969726,-0.0019492440272248501,0.005128567401177175,-0.006238683621052843,0.00757464625321802,0.0016011008278153938,0.00639417712988255,-0.037428415292094286,0.0015643506126137297,-0.010505995344507468,-0.01754512548163989,0.007960821879729352,0.05275740526802419,0.012200169314002807,0.0028467938450216224,0.001988011946950863,-0.0026240114988480556,0.009972718545617987,-0.0010631416401576388,-0.01715727565999625,-0.030541596605306864,0.0063887832322624405,-0.011928229460060003,-0.008851307655633356,0.006996528367327226,-0.005842513127161553,-0.0048450335988787785,-0.0010404291002337196,-0.012122182872480458,0.0115275442333731,0.0007721525901271953
2025-09-23,-0.0023928090542115754,-0.006412862013830178,-0.0006792143005958096,-0.015366171271521623,-0.005802103468306896,-0.02382013305803099,-0.00507705065091546,-0.0033457980724094227,0.012248095102691536,-0.015365471408940401,0.0008560270072530685,0.017744532671904345,0.009350870639105224,0.00817064292801195,0.007617177289458432,-0.08781893974991384,0.008652664973598512,0.002218858196109341,0.0004870024210603674,-0.001499728354744434,-0.0007832213582497083,-0.003951708060855985,0.0018430666850237643,0.00620118861136465,0.01446247749791052,-0.017395298007555127,-0.035447118165223834,0.005660338591121139,-0.004076865287403031,-0.019465808217946634,-0.01366360051403781,0.0011375678029930114,0.00398916079533862,-0.009672523056922344,0.00275111321840793,0.005456223533536697,-0.000331268579670585,0.004977024512616168,-0.031257214799723876,-0.011048651614150806,-0.0007879497421967585,-0.0017538099243115113,-0.038329361212097623,-0.02793709300870839,0.009906814221956495,0.007066852778616628,0.0012342165008170092,0.009161289476014467,-0.018257974195647897,-0.0003583031946834403
2025-09-24,-0.011765094168793233,-0.00831597875774115,-0.012608285023897103,-0.003186342011958665,-0.015271741200327149,-0.00561791261120792,-0.02254343563279182,0.00630900837191728,0.011081097679282337,0.00779110581162179,-0.004725080736363019,-0.0010508604792240916,0.006039890680471949,0.005953450039659636,0.009847986895267447,-0.016870425564690095,-0.005674021810706531,-0.00871468509873008,-0.0007076548380045011,-0.0034456283873427473,-0.0031225415099531695,-0.002378881509208064,0.015148506850623633,0.012596795820745577,0.0008578348613559328,0.013837545291081277,-0.11891065155005531,0.007582852464912193,-0.013899463997508299,-0.01767051723019808,0.004889274724330761,0.0022273472447373877,-0.0030576843846183976,-0.0029713582844177466,-0.026897004247039114,-0.022862265358109646,-0.004409458138584732,-0.007518758248616919,-0.002653328646572639,-0.01211231707504723,0.002211786640114788,-0.0034215017076402177,-0.015310427679084526,-0.01614298365138067,-0.022091325888426105,-0.054199122319487536,-0.0010399266398128937,-0.017025205654035425,-0.0036402525120529106,-0.0019956610631166605
2025-09-25,-0.019523242465971258,0.01796288174903804,-0.007382061841432197,-0.010644554642803783,-0.004785913261302177,-0.009910988058918768,0.0037764400513466967,-0.005432775219627928,-0.008378271897675482,-0.009089823956058396,-0.011000462613569795,-0.0011503811121178487,-0.01019200167681511,-0.009546066228813821,0.0014728051119066166,-0.04729083195563888,-0.0005640921909964014,3.9666553393047366e-05,0.0004866853998835019,0.0053693812556994125,-0.00039404285758593005,0.0007867508521814948,-0.010698508714755306,0.0037744515657731625,-0.0046047236006678816,-0.010049158932712743,-0.02749335211849946,0.0014839061030036405,-0.015602601072612465,-0.028433146330291148,-0.02315047443294649,-0.009782514792640917,-0.0005122144649476468,-0.00984284992675466,-0.029294268977426263,-0.004517383069100767,0.00025601425243149123,0.0034890832380654047,-0.009784138036945222,0.0009419289171512801,-0.0056381932170816995,-0.00831998199769135,-0.023803378011751697,-0.005043885936745429,-0.01034173049137177,-0.006910253894769625,-0.004041912020745109,-0.005838933139154179,-0.014565777106741784,-0.0003972370172209416
2025-09-26,0.012930213325234696,-0.005452972478735774,0.008658366648236715,0.016109741490391016,0.0013542670234869547,0.005454635719527978,0.018642716389233982,-0.0009579659318772471,-0.009412977253057342,0.009035341738484526,0.007836898208061882,0.01255675610379825,0.011017596470697555,0.014128453751357739,0.01694503747993359,-0.027070475537937178,0.007599210405980994,0.005215758812177729,0.0032654966898801874,0.002870972391159299,0.00116601070729061,0.0007852653825297651,0.010973368795953675,-0.0017434171852341862,0.0037579887810679224,0.01001312713297331,-0.019036358710798673,0.013442610013351342,0.009731055736130756,-0.017440868670282494,-0.01088593693239659,0.020806029799548043,-0.014220300441825096,0.010498848763403679,0.006538749577935654,0.00037837209334723454,0.014944044421975278,0.0023409807981584763,0.007058826252021255,-0.005920313327477444,0.012863412899572602,0.014091259573561388,0.004114126805278673,0.007303692180038901,-0.0016186859907989515,0.011586166082497407,0.0034778191945918913,0.043038440035344294,0.00802172112307531,-0.001255949727638761
2025-09-29,0.0036124490091138384,-0.003988886684036075,0.010723482174752164,-0.006105283636547831,-0.003744722920689725,0.0033303112419531544,-0.001379362136328055,-0.012331445394071494,-0.006484020573226168,0.003738429530748988,-0.0032277545821788323,0.013645864105284566,0.005067131709295403,-0.005267189910181713,-0.00017107181912479064,0.004687604583104132,-0.0005640921909964014,0.0012275037509974496,-0.0018967042652535682,0.004282615256381295,-4.409446076714119e-06,0.0011785479643506847,-0.0014022511675015892,-0.005423565699842925,0.0053496923611184855,0.0035280909053518883,0.00046461392546159885,-0.007452560675980102,-0.0018224547940004499,-0.008393331563900208,-0.0013487787107120397,0.004431954138576444,0.008911304115460261,0.0023898338637335925,0.0035430000537068906,-0.004537124576541984,0.0007346964935885936,0.0008945457590323613,0.010430463261320355,0.004088460070493127,-0.0037926145956976853,0.0036248030526957464,0.014132497409703682,-0.00034882380670619995,-0.016877177612750316,0.006495628939367393,-0.0025590670267074955,0.05881189365934336,0.013224000299907779,-0.005408219200244702
2025-09-30,0.03920275409219087,0.0008370709531355658,0.03609461475273967,-0.01205787901873645,0.005771647788608725,0.0031542526982191177,-0.017471820453538456,0.0026314433145815386,-0.011183212260180042,0.0027702393994344376,-0.014223262145895532,0.007527399607053731,0.02369510551507581,0.007694902570781537,0.003057049002150869,-0.048779086178612374,0.006611714510451172,-0.001947036147757597,-0.006284352743569865,0.0008150461307789847,0.0007739473190571111,-6.296427985663655e-06,0.007806291313560365,0.009993180046781625,0.013330052980626839,-0.00502063326005775,-0.01988496386894667,0.015352425192934227,0.011116882846212484,-0.01759175391482959,0.015051089651229255,-0.0016314505714500882,-0.00027218504359804996,0.005793099639946675,0.029520423806601137,0.02380995955489995,-0.016700543358168396,-0.003297757452472183,-0.012157067330467619,0.014191516480367206,0.005827793632235512,0.008523833602311903,0.008606075080277442,-0.00035437814313876714,0.018566825965566913,-0.037432305745579875,-0.00332618592211098,0.005935189957090969,-0.026005292676061664,0.0003874024088039718
