Symbol,Name,Last Sale,Net Change,% Change,Market Cap,Country,IPO Year,Volume,Sector,Industry
A,Agilent Technologies Inc. Common Stock,$124.38,-1.56,-1.239%,35261783110.00,United States,1999,1239935,Industrials,Biotechnology: Laboratory Analytical Instruments
AAPL,Apple Inc. Common Stock,$252.31,-2.12,-0.833%,3744378800900.00,United States,1980,42263996,Technology,Computer Manufacturing
ABBV,AbbVie Inc. Common Stock,$219.99,-2.62,-1.177%,388625150077.00,United States,2012,5074488,Health Care,Biotechnology: Pharmaceutical Preparations
ABNB,Airbnb Inc. Class A Common Stock,$123.08,-0.42,-0.34%,76486302264.00,United States,2020,4059731,Consumer Discretionary,Diversified Commercial Services
ABT,Abbott Laboratories Common Stock,$133.89,-2.00,-1.472%,233030057384.00,United States,,3928577,Health Care,Biotechnology: Pharmaceutical Preparations
ACM,AECOM Common Stock,$129.45,-0.54,-0.415%,17145147774.00,United States,2007,1127965,Consumer Discretionary,Military/Government/Technical
ADBE,Adobe Inc. Common Stock,$353.27,-8.51,-2.352%,149857134000.00,United States,1986,6136786,Technology,Computer Software: Prepackaged Software
ADI,Analog Devices Inc. Common Stock,$248.61,1.83,0.742%,122305040944.00,United States,,2478968,Technology,Semiconductors
ADM,Archer-Daniels-Midland Company Common Stock,$61.48,0.78,1.285%,29538956415.00,United States,,2537540,Consumer Staples,Packaged Foods
ADP,Automatic Data Processing Inc. Common Stock,$291.50,2.285,0.79%,118070075893.00,United States,,3456566,Industrials,Diversified Commercial Services
ADSK,Autodesk Inc. Common Stock,$323.52,-1.34,-0.412%,68909760000.00,United States,,1093992,Technology,Computer Software: Prepackaged Software
AEE,Ameren Corporation Common Stock,$100.85,-0.06,-0.059%,27270840230.00,United States,,1714115,Utilities,Power Generation
AEP,American Electric Power Company Inc. Common Stock,$108.88,0.74,0.684%,58228453795.00,United States,,3029055,Utilities,Electric Utilities: Central
AFG,American Financial Group Inc. Common Stock,$144.45,0.92,0.641%,12046332492.00,United States,,463506,Finance,Property-Casualty Insurers
AFL,AFLAC Incorporated Common Stock,$109.31,1.08,0.998%,58462430172.00,United States,,2134265,Finance,Accident &Health Insurance
AFRM,Affirm Holdings Inc. Class A Common Stock,$81.53,-1.20,-1.451%,26550270100.00,United States,2021,5417120,Finance,Finance: Consumer Services
AGNC,AGNC Investment Corp. Common Stock,$9.76,-0.05,-0.51%,10167309834.00,United States,2008,18416424,Real Estate,Real Estate Investment Trusts
AGNCL,AGNC Investment Corp. Depositary Shares Each Representing a 1/1000th Interest in a Share of 7.75% Series G Fixed-Rate Reset Cumulative Redeemable Preferred Stock,$25.03,-0.21,-0.832%,26074566102.00,United States,,43308,Real Estate,Real Estate Investment Trusts
AGNCM,AGNC Investment Corp. Depositary Shares rep 6.875% Series D Fixed-to-Floating Cumulative Redeemable Preferred Stock,$25.11,-0.01,-0.04%,26157904707.00,United States,,24977,Real Estate,Real Estate Investment Trusts
AGNCN,AGNC Investment Corp. Depositary Shares Each Representing a 1/1000th Interest in a Share of 7.00% Series C Fixed-To-Floating Rate Cumulative Redeemable Preferred Stock,$25.69,-0.08,-0.31%,26762109595.00,United States,,19082,Real Estate,Real Estate Investment Trusts
AGNCO,AGNC Investment Corp. Depositary Shares each representing a 1/1000th interest in a share of 6.50% Series E Fixed-to-Floating Cumulative Redeemable Preferred Stock,$25.62,-0.07,-0.272%,26689188315.00,United States,,10094,Real Estate,Real Estate Investment Trusts
AGNCP,AGNC Investment Corp. Depositary Shares Each Representing a 1/1000th Interest in a Share of 6.125% Series F Fixed-to-Floating Rate Cumulative Redeemable Preferred Stock,$25.25,-0.05,-0.198%,26303747266.00,United States,,28996,Real Estate,Real Estate Investment Trusts
AGNCZ,AGNC Investment Corp. Depositary Shares Each Representing a 1/1000th Interest in a Share of 8.75% Series H Fixed-Rate Cumulative Redeemable Preferred Stock,$25.40,-0.02,-0.079%,26460007151.00,United States,,193816,,
AIG,American International Group Inc. New Common Stock,$77.90,1.20,1.565%,43156899915.00,United States,,4273220,Finance,Life Insurance
AIZ,Assurant Inc. Common Stock,$215.19,2.69,1.266%,10858317615.00,United States,2004,430264,Finance,Property-Casualty Insurers
AJG,Arthur J. Gallagher & Co. Common Stock,$304.55,0.19,0.062%,78086620000.00,United States,,1125477,Finance,Specialty Insurers
AKAM,Akamai Technologies Inc. Common Stock,$76.23,0.96,1.275%,10930278799.00,United States,1999,1463976,Real Estate,Real Estate
ALAB,Astera Labs Inc. Common Stock,$205.27,-24.84,-10.795%,34119802868.00,United States,2024,13331054,Technology,Semiconductors
ALL,Allstate Corporation (The) Common Stock,$209.41,1.68,0.809%,55180651993.00,United States,,967336,Finance,Property-Casualty Insurers
ALLE,Allegion plc Ordinary Shares,$175.34,-2.10,-1.183%,15052328817.00,United States,2013,601844,Consumer Discretionary,Diversified Commercial Services
ALLY,Ally Financial Inc. Common Stock,$41.97,-0.71,-1.664%,12918703061.00,United States,2014,4120771,Finance,Major Banks
ALNY,Alnylam Pharmaceuticals Inc. Common Stock,$458.37,3.96,0.871%,60082688106.00,United States,2004,975990,Health Care,Biotechnology: Pharmaceutical Preparations
AMAT,Applied Materials Inc. Common Stock,$201.44,0.57,0.284%,160475650495.00,United States,1972,6358412,Technology,Semiconductors
AMD,Advanced Micro Devices Inc. Common Stock,$160.88,-0.02,-0.012%,261083092686.00,United States,,38410867,Technology,Semiconductors
AME,AMETEK Inc.,$186.17,-0.51,-0.273%,42996698733.00,United States,,1199076,Industrials,Industrial Machinery/Components
AMGN,Amgen Inc. Common Stock,$279.22,-7.59,-2.646%,150321396036.00,United States,1983,2374164,Health Care,Biotechnology: Biological Products (No Diagnostic Substances)
AMH,American Homes 4 Rent Common Shares of Beneficial Interest,$32.76,-0.76,-2.267%,12151023492.00,United States,2013,2940343,Real Estate,Real Estate Investment Trusts
AMP,Ameriprise Financial Inc. Common Stock,$491.89,-2.24,-0.453%,46371240108.00,United States,,376690,Finance,Investment Managers
AMT,American Tower Corporation (REIT) Common Stock,$192.93,-1.35,-0.695%,90339708839.00,United States,,2963511,Real Estate,Real Estate Investment Trusts
AMZN,Amazon.com Inc. Common Stock,$220.21,-0.50,-0.227%,2348520292880.00,United States,1997,49411390,Consumer Discretionary,Catalog/Specialty Distribution
ANET,Arista Networks Inc. Common Stock,$142.64,-1.45,-1.006%,179279277946.00,United States,,7031679,Telecommunications,Computer Communications Equipment
AON,Aon plc Class A Ordinary Shares (Ireland),$353.74,0.67,0.19%,76275752423.00,United States,,981312,Finance,Specialty Insurers
AOS,A.O. Smith Corporation Common Stock,$71.96,-0.21,-0.291%,10083724577.00,United States,,820857,Consumer Discretionary,Consumer Electronics/Appliances
APD,Air Products and Chemicals Inc. Common Stock,$272.28,-4.30,-1.555%,60596905099.00,United States,,1284314,Basic Materials,Major Chemicals
APG,APi Group Corporation Common Stock,$33.95,-0.46,-1.337%,14119413794.00,United States,2020,2509255,Consumer Discretionary,Engineering & Construction
APH,Amphenol Corporation Common Stock,$123.13,-2.27,-1.81%,150332016397.00,United States,,8433629,Technology,Electrical Products
APO,Apollo Global Management Inc. (New) Common Stock,$137.16,-7.73,-5.335%,78459186973.00,United States,,3264730,Finance,Investment Managers
APOS,Apollo Global Management Inc. 7.625% Fixed-Rate Resettable Junior Subordinated Notes due 2053,$26.38,-0.02,-0.076%,15024314069.00,United States,1987,19220,Finance,Investment Managers
APP,Applovin Corporation Class A Common Stock,$641.92,-9.26,-1.422%,217129384795.00,United States,2021,5981551,Technology,Computer Software: Programming Data Processing
APPF,AppFolio Inc. Class A Common Stock,$279.68,-0.68,-0.243%,10027374871.00,United States,2015,130413,Technology,Computer Software: Prepackaged Software
AQNB,Algonquin Power & Utilities Corp. 6.20% Fixed-to-Floating Subordinated Notes Series 2019-A due July 1 2079,$25.63,-0.0407,-0.159%,19684480776.00,United States,2019,11070,Utilities,Electric Utilities: Central
AR,Antero Resources Corporation Common Stock,$33.92,0.58,1.74%,10478939520.00,United States,2013,4416438,Energy,Oil & Gas Production
ARCC,Ares Capital Corporation Common Stock,$20.43,-0.33,-1.59%,14410656472.00,United States,2004,6644199,Finance,Finance: Consumer Services
ARE,Alexandria Real Estate Equities Inc. Common Stock,$85.89,-1.08,-1.242%,14855444044.00,United States,,909945,Real Estate,Real Estate Investment Trusts
ARES,Ares Management Corporation Class A Common Stock,$168.23,-12.92,-7.132%,54962082298.00,United States,2014,1888384,Finance,Investment Managers
ASTS,AST SpaceMobile Inc. Class A Common Stock,$54.50,-0.30,-0.547%,19539235088.00,United States,2019,11381718,Consumer Discretionary,Telecommunications Equipment
ATI,ATI Inc. Common Stock,$77.01,-1.08,-1.383%,10614452485.00,United States,,1012454,Industrials,Steel/Iron Ore
ATO,Atmos Energy Corporation Common Stock,$166.77,0.43,0.259%,26770515936.00,United States,,621451,Utilities,Oil/Gas Transmission
AUR,Aurora Innovation Inc. Class A Common Stock,$5.82,-0.31,-5.057%,10739833846.00,United States,2021,14940769,Technology,EDP Services
AVAV,AeroVironment Inc. Common Stock,$301.52,2.91,0.975%,15055559055.00,United States,2007,1377676,Industrials,Aerospace
AVB,AvalonBay Communities Inc. Common Stock,$192.77,-1.63,-0.838%,27447175151.00,United States,,1193201,Real Estate,Real Estate Investment Trusts
AVGO,Broadcom Inc. Common Stock,$339.31,0.37,0.109%,1602345675615.00,United States,2009,19667510,Technology,Semiconductors
AVY,Avery Dennison Corporation Common Stock,$162.22,-1.10,-0.674%,12650174179.00,United States,,481784,Consumer Discretionary,Containers/Packaging
AWK,American Water Works Company Inc. Common Stock,$136.41,-0.77,-0.561%,26613395388.00,United States,2008,1700552,Utilities,Water Supply
AXON,Axon Enterprise Inc. Common Stock,$698.02,-79.56,-10.232%,54797669209.00,United States,2001,1189903,Industrials,Ordnance And Accessories
AXP,American Express Company Common Stock,$340.48,-0.99,-0.29%,236933980649.00,United States,,2279056,Finance,Finance: Consumer Services
AYI,Acuity Inc. Common Stock,$340.93,2.48,0.733%,10447742574.00,United States,,211573,Consumer Discretionary,Building Products
AZO,AutoZone Inc. Common Stock,$4176.89,56.89,1.381%,69873998219.00,United States,,182977,Consumer Discretionary,Auto & Home Supply Stores
BA,Boeing Company (The) Common Stock,$215.10,-1.24,-0.573%,162649520195.00,United States,,7337935,Industrials,Aerospace
BAC,Bank of America Corporation Common Stock,$51.70,0.00,0.00%,382939176030.00,United States,,27007319,Finance,Major Banks
BAH,Booz Allen Hamilton Holding Corporation Common Stock,$99.28,0.95,0.966%,12236129546.00,United States,2010,1903839,Consumer Discretionary,Professional Services
BALL,Ball Corporation Common Stock,$48.72,0.20,0.412%,13259094164.00,United States,,2359651,Industrials,Containers/Packaging
BAX,Baxter International Inc. Common Stock,$22.56,-0.30,-1.312%,11587291136.00,United States,,5869870,Health Care,Medical/Dental Instruments
BBY,Best Buy Co. Inc. Common Stock,$74.17,1.16,1.589%,15583210825.00,United States,,3169505,Consumer Discretionary,Consumer Electronics/Video Chains
BDX,Becton Dickinson and Company Common Stock,$186.05,-0.47,-0.252%,53327040607.00,United States,,1037426,Health Care,Medical/Dental Instruments
BE,Bloom Energy Corporation Class A Common Stock,$69.18,-8.20,-10.597%,16187979565.00,United States,2018,33234644,Energy,Industrial Machinery/Components
BEN,Franklin Resources Inc. Common Stock,$23.58,-0.45,-1.873%,12242629301.00,United States,,3734101,Finance,Investment Managers
BEPC,Brookfield Renewable Corporation Brookfield Renewable Corporation Class A Subordinate Voting Shares,$34.38,0.23,0.673%,12861622978.00,United States,,699931,Utilities,Electric Utilities: Central
BG,Bunge Limited Common Shares,$78.99,0.53,0.676%,15802898802.00,United States,,1707931,Consumer Staples,Packaged Foods
BIIB,Biogen Inc. Common Stock,$137.67,-1.64,-1.177%,20184431707.00,United States,,1309053,Health Care,Biotechnology: Biological Products (No Diagnostic Substances)
BJ,BJ's Wholesale Club Holdings Inc. Common Stock,$93.51,-2.49,-2.594%,12320258377.00,United States,2018,3113539,Consumer Discretionary,Department/Specialty Retail Stores
BK,The Bank of New York Mellon Corporation Common Stock,$108.11,-0.55,-0.506%,76243584618.00,United States,,2292778,Finance,Major Banks
BKNG,Booking Holdings Inc. Common Stock,$5525.60,16.58,0.301%,179084060556.00,United States,,152240,Consumer Discretionary,Transportation Services
BKR,Baker Hughes Company Class A Common Stock,$49.87,0.94,1.921%,49165791914.00,United States,,9055841,Consumer Discretionary,Oil and Gas Field Machinery
BLD,TopBuild Corp. Common Stock,$393.46,-4.66,-1.171%,11071504445.00,United States,2015,261960,Consumer Discretionary,Engineering & Construction
BLDR,Builders FirstSource Inc. Common Stock,$119.25,-1.96,-1.617%,13182721522.00,United States,2005,1514764,Consumer Discretionary,RETAIL: Building Materials
BLK,BlackRock Inc. Common Stock,$1127.98,-3.77,-0.333%,174671467069.00,United States,1999,345390,Finance,Investment Bankers/Brokers/Service
BMRN,BioMarin Pharmaceutical Inc. Common Stock,$53.77,0.36,0.674%,10324625096.00,United States,1999,1417757,Health Care,Biotechnology: Pharmaceutical Preparations
BMY,Bristol-Myers Squibb Company Common Stock,$44.16,-0.75,-1.67%,89884846606.00,United States,,19368067,Health Care,Biotechnology: Pharmaceutical Preparations
BR,Broadridge Financial Solutions Inc. Common Stock,$236.01,-2.81,-1.177%,27643690813.00,United States,,485436,Real Estate,Real Estate
BRK/A,Berkshire Hathaway Inc.,$744600.00,4914.00,0.664%,1095212780400.00,United States,,230,,
BRK/B,Berkshire Hathaway Inc.,$497.09,2.99,0.605%,1096735319410.00,United States,,2808738,,
BRKRP,Bruker Corporation 6.375% Mandatory Convertible Preferred Stock Series A,$267.49,-4.9666,-1.823%,40583412944.00,United States,,8445,Industrials,Biotechnology: Laboratory Analytical Instruments
BRO,Brown & Brown Inc. Common Stock,$93.22,1.03,1.117%,30747946935.00,United States,,2557731,Finance,Specialty Insurers
BSX,Boston Scientific Corporation Common Stock,$98.06,0.37,0.379%,145300565230.00,United States,,14130278,Health Care,Medical/Dental Instruments
BSY,Bentley Systems Incorporated Class B Common Stock,$52.28,-0.23,-0.438%,15873825177.00,United States,2020,795505,Technology,Computer Software: Prepackaged Software
BTSGU,BrightSpring Health Services Inc. Tangible Equity Unit,$94.46,-2.03,-2.104%,16733465541.00,United States,2024,128319,Health Care,Medical/Nursing Services
BURL,Burlington Stores Inc. Common Stock,$267.17,7.18,2.762%,16841065225.00,United States,2013,1534336,Consumer Discretionary,Department/Specialty Retail Stores
BWXT,BWX Technologies Inc. Common Stock,$175.02,-3.00,-1.685%,15996607475.00,United States,,611902,Industrials,Industrial Machinery/Components
BX,Blackstone Inc. Common Stock,$178.08,-6.83,-3.694%,131261284237.00,United States,2007,3826258,Finance,Investment Managers
BXP,BXP Inc. Common Stock,$75.46,-0.73,-0.958%,11951016362.00,United States,1997,2856227,Real Estate,Real Estate Investment Trusts
C,Citigroup Inc. Common Stock,$101.65,-1.35,-1.311%,187127271332.00,United States,,12270699,Finance,Major Banks
CACI,CACI International Inc. Class A Common Stock,$497.23,4.28,0.868%,10935800657.00,United States,,162635,Technology,EDP Services
CAH,Cardinal Health Inc. Common Stock,$154.58,-0.04,-0.026%,36912721953.00,United States,,2655362,Health Care,Other Pharmaceuticals
CARR,Carrier Global Corporation Common Stock ,$58.99,-0.75,-1.255%,50201837155.00,United States,2020,4147330,Industrials,Industrial Machinery/Components
CART,Maplebear Inc. Common Stock,$42.45,0.01,0.024%,11182954731.00,United States,2023,3818051,Real Estate,Real Estate
CASY,Casey's General Stores Inc. Common Stock,$547.05,-4.03,-0.731%,20340009924.00,United States,1983,215927,Consumer Discretionary,Retail-Auto Dealers and Gas Stations
CAT,Caterpillar Inc. Common Stock,$469.79,-1.47,-0.312%,220086713236.00,United States,,2776713,Industrials,Construction/Ag Equipment/Trucks
CBRE,CBRE Group Inc Common Stock Class A,$157.12,-5.97,-3.661%,46751735544.00,United States,,2179548,Finance,Real Estate
CCI,Crown Castle Inc. Common Stock,$93.71,-0.64,-0.678%,40807899416.00,United States,,2133506,Real Estate,Real Estate Investment Trusts
CCK,Crown Holdings Inc.,$96.23,1.49,1.573%,11198823411.00,United States,,1269984,Industrials,Containers/Packaging
CCL,Carnival Corporation Common Stock,$30.37,-0.34,-1.107%,41178141138.00,United States,1987,15090007,Consumer Discretionary,Marine Transportation
CCZ,Comcast Holdings ZONES,$62.54,0.00,0.00%,230910594635.00,United States,,23,Telecommunications,Cable & Other Pay Television Services
CDE,Coeur Mining Inc. Common Stock,$17.42,-0.61,-3.383%,11196107389.00,United States,,15614157,Basic Materials,Precious Metals
CDNS,Cadence Design Systems Inc. Common Stock,$356.96,-9.34,-2.55%,97268030400.00,United States,,1655787,Technology,Computer Software: Prepackaged Software
CDW,CDW Corporation Common Stock,$160.47,-4.11,-2.497%,21031317750.00,United States,2013,2370796,Technology,Retail: Computer Software & Peripheral Equipment
CEG,Constellation Energy Corporation Common Stock ,$339.13,2.48,0.737%,105946104006.00,United States,,1734059,Utilities,Electric Utilities: Central
CELH,Celsius Holdings Inc. Common Stock,$51.88,0.87,1.706%,13382245484.00,United States,,5739152,Consumer Staples,Beverages (Production/Distribution)
CET,Central Securities Corporation Common Stock,$51.17,-0.18,-0.351%,12384429484.00,United States,1951,19273,Finance,Finance/Investors Services
CF,CF Industries Holdings Inc. Common Stock,$91.65,4.51,5.176%,14844821326.00,United States,2005,4843215,Industrials,Agricultural Chemicals
CFG,Citizens Financial Group Inc. Common Stock,$53.15,0.04,0.075%,22926198765.00,United States,2014,4058650,Finance,Major Banks
CG,The Carlyle Group Inc. Common Stock,$64.00,-3.20,-4.762%,23149114048.00,United States,2012,2491248,Finance,Investment Managers
CHD,Church & Dwight Company Inc. Common Stock,$86.86,-0.33,-0.378%,21159851248.00,United States,,2264905,Consumer Discretionary,Package Goods/Cosmetics
CHRW,C.H. Robinson Worldwide Inc. Common Stock,$133.30,-0.94,-0.70%,15741551895.00,United States,1997,2231220,Industrials,Integrated Freight & Logistics
CHTR,Charter Communications Inc. Class A Common Stock New,$263.39,-3.65,-1.367%,35976699539.00,United States,,1438911,Telecommunications,Cable & Other Pay Television Services
CHWY,Chewy Inc. Class A Common Stock,$37.40,-0.86,-2.248%,15514266654.00,United States,2019,5948524,Consumer Discretionary,Catalog/Specialty Distribution
CI,The Cigna Group Common Stock,$291.43,1.35,0.465%,77790848897.00,United States,,1348490,Health Care,Medical Specialities
CIEN,Ciena Corporation Common Stock,$138.42,-1.06,-0.76%,19524958785.00,United States,1997,2358082,Utilities,Telecommunications Equipment
CINF,Cincinnati Financial Corporation Common Stock,$154.52,0.08,0.052%,24163284727.00,United States,,337629,Finance,Property-Casualty Insurers
CL,Colgate-Palmolive Company Common Stock,$81.13,0.98,1.223%,65570954721.00,United States,,6406294,Consumer Discretionary,Package Goods/Cosmetics
CLH,Clean Harbors Inc. Common Stock,$233.01,-3.13,-1.325%,12496933757.00,United States,,316013,Industrials,Environmental Services
CLX,Clorox Company (The) Common Stock,$123.08,2.70,2.243%,15053842675.00,United States,,1959312,Consumer Discretionary,Specialty Chemicals
CMCSA,Comcast Corporation Class A Common Stock,$31.61,-0.01,-0.032%,116710647528.00,United States,,22925437,Telecommunications,Cable & Other Pay Television Services
CME,CME Group Inc. Class A Common Stock,$264.43,2.47,0.943%,95294501216.00,United States,2002,1405218,Finance,Investment Bankers/Brokers/Service
CMG,Chipotle Mexican Grill Inc. Common Stock,$39.55,-0.13,-0.328%,53032001750.00,United States,2006,21038389,Consumer Discretionary,Restaurants
CMI,Cummins Inc. Common Stock,$417.98,-6.18,-1.457%,57591808163.00,United States,,1021690,Industrials,Industrial Machinery/Components
CMS,CMS Energy Corporation Common Stock,$71.66,0.17,0.238%,21450379135.00,United States,,2015104,Utilities,Power Generation
CNA,CNA Financial Corporation Common Stock,$46.01,0.34,0.744%,12453315008.00,United States,,333119,Finance,Property-Casualty Insurers
CNC,Centene Corporation Common Stock,$34.65,1.90,5.802%,17017758450.00,United States,,16518685,Health Care,Medical Specialities
CNP,CenterPoint Energy Inc (Holding Co) Common Stock,$39.01,0.21,0.541%,25468258891.00,United States,,7797864,Utilities,Electric Utilities: Central
COF,Capital One Financial Corporation Common Stock,$224.34,1.32,0.592%,143469312428.00,United States,1994,2429239,Finance,Major Banks
COHR,Coherent Corp. Common Stock,$106.52,-2.77,-2.535%,16596399090.00,United States,,3291691,Technology,Electronic Components
COIN,Coinbase Global Inc. Class A Common Stock,$321.77,1.70,0.531%,82674990778.00,United States,,4860141,Finance,Finance: Consumer Services
COO,The Cooper Companies Inc. Common Stock,$68.35,0.85,1.259%,13588589750.00,United States,,2467650,Health Care,Ophthalmic Goods
COOP,Mr. Cooper Group Inc. Common Stock,$212.68,-1.33,-0.621%,13610088451.00,United States,,1272933,Finance,Finance: Consumer Services
COP,ConocoPhillips Common Stock,$95.63,2.16,2.311%,119436353201.00,United States,,7935606,Energy,Integrated oil Companies
COR,Cencora Inc. Common Stock,$308.36,5.96,1.971%,59784183385.00,United States,,1549275,Health Care,Other Pharmaceuticals
COST,Costco Wholesale Corporation Common Stock,$945.27,1.67,0.177%,419205585083.00,United States,,2145239,Consumer Discretionary,Department/Specialty Retail Stores
CPAY,Corpay Inc. Common Stock,$296.23,-1.77,-0.594%,20918098676.00,United States,,436607,Real Estate,Real Estate
CPB,The Campbell's Company Common Stock,$33.73,-0.02,-0.059%,10051287868.00,United States,,4408007,Consumer Staples,Packaged Foods
CPNG,Coupang Inc. Class A Common Stock,$32.04,-0.20,-0.62%,58411009745.00,United States,2021,6453101,Consumer Discretionary,Catalog/Specialty Distribution
CPRT,Copart Inc. (DE) Common Stock,$45.39,0.11,0.243%,43889234753.00,United States,1994,6860215,Consumer Discretionary,Retail-Auto Dealers and Gas Stations
CPT,Camden Property Trust Common Stock,$107.20,-0.84,-0.777%,11454612334.00,United States,1993,676866,Real Estate,Real Estate Investment Trusts
CQP,Cheniere Energy Partners LP Common Units,$53.62,0.98,1.862%,25954660355.00,United States,2007,68050,Utilities,Oil/Gas Transmission
CR,Crane Company Common Stock,$178.99,-2.76,-1.519%,10300308892.00,United States,2023,179714,Industrials,Metal Fabrications
CRBG,Corebridge Financial Inc. Common Stock,$32.80,-0.50,-1.502%,17668764024.00,United States,2022,2034716,Finance,Life Insurance
CRCL,Circle Internet Group Inc. Class A Common Stock,$131.58,0.61,0.466%,30188127161.00,United States,2025,9123953,Finance,Finance: Consumer Services
CRDO,Credo Technology Group Holding Ltd Ordinary Shares,$149.38,-12.88,-7.938%,25842081981.00,United States,2022,7760261,Technology,Semiconductors
CRM,Salesforce Inc. Common Stock,$245.89,1.33,0.544%,234087280000.00,United States,2004,6704856,Technology,Computer Software: Prepackaged Software
CRS,Carpenter Technology Corporation Common Stock,$233.39,-5.60,-2.343%,11634513672.00,United States,,845252,Industrials,Steel/Iron Ore
CRWD,CrowdStrike Holdings Inc. Class A Common Stock,$476.33,-7.77,-1.605%,119537461836.00,United States,2019,2213874,Technology,Computer Software: Prepackaged Software
CRWV,CoreWeave Inc. Class A Common Stock,$133.40,2.51,1.918%,65175556559.00,United States,2025,26319091,Technology,Computer Software: Prepackaged Software
CSCO,Cisco Systems Inc. Common Stock (DE),$67.32,-0.22,-0.326%,266129218876.00,United States,1990,17431828,Telecommunications,Computer Communications Equipment
CSGP,CoStar Group Inc. Common Stock,$84.05,-1.26,-1.477%,35607812926.00,United States,1998,2703819,Real Estate,Real Estate
CSL,Carlisle Companies Incorporated Common Stock,$331.90,-3.85,-1.147%,14188968947.00,United States,,448037,Industrials,Specialty Chemicals
CSX,CSX Corporation Common Stock,$33.82,-0.25,-0.734%,63049848613.00,United States,,13993504,Industrials,Railroads
CTAS,Cintas Corporation Common Stock,$200.04,-0.55,-0.274%,80611704317.00,United States,1983,3361372,Industrials,Garments and Clothing
CTRA,Coterra Energy Inc. Common Stock,$23.75,0.28,1.193%,18124574335.00,United States,,8410517,Energy,Oil & Gas Production
CTSH,Cognizant Technology Solutions Corporation Class A Common Stock,$68.36,0.69,1.02%,33386746253.00,United States,1998,4706330,Technology,EDP Services
CTVA,Corteva Inc. Common Stock ,$69.61,0.13,0.187%,47272151000.00,United States,2019,3474691,Consumer Staples,Farming/Seeds/Milling
CUK,Carnival Plc ADS ADS,$27.54,-0.40,-1.432%,37340994631.00,United States,,1326134,Consumer Discretionary,Marine Transportation
CVNA,Carvana Co. Class A Common Stock,$374.81,-3.29,-0.87%,80660402096.00,United States,2017,1639309,Consumer Discretionary,Retail-Auto Dealers and Gas Stations
CVS,CVS Health Corporation Common Stock,$76.38,-0.12,-0.157%,96874768523.00,United States,,6859176,Consumer Staples,Retail-Drug Stores and Proprietary Stores
CVX,Chevron Corporation Common Stock,$159.18,1.76,1.118%,323014483052.00,United States,,6284606,Energy,Integrated oil Companies
CW,Curtiss-Wright Corporation Common Stock,$511.34,-6.86,-1.324%,19266324256.00,United States,,168194,Technology,Industrial Machinery/Components
D,Dominion Energy Inc. Common Stock,$61.02,-0.10,-0.164%,52076519798.00,United States,,4463545,Utilities,Electric Utilities: Central
DAL,Delta Air Lines Inc. Common Stock,$57.71,-1.04,-1.77%,37681652279.00,United States,,5371690,Consumer Discretionary,Air Freight/Delivery Services
DASH,DoorDash Inc. Class A Common Stock,$260.74,-5.01,-1.885%,111386780496.00,United States,,3147506,Technology,EDP Services
DAY,Dayforce Inc. Common Stock,$68.83,0.01,0.015%,10991636840.00,United States,2018,4025001,Technology,Computer Software: Prepackaged Software
DD,DuPont de Nemours Inc. Common Stock,$75.81,-1.66,-2.143%,31742911890.00,United States,2017,3453008,Industrials,Major Chemicals
DDOG,Datadog Inc. Class A Common Stock,$136.57,-0.92,-0.669%,47628121858.00,United States,2019,2805893,Technology,Computer Software: Prepackaged Software
DE,Deere & Company Common Stock,$468.94,-2.73,-0.579%,126768265084.00,United States,,976882,Industrials,Industrial Machinery/Components
DECK,Deckers Outdoor Corporation Common Stock,$111.23,-0.80,-0.714%,16500232155.00,United States,1993,2042506,Consumer Discretionary,Shoe Manufacturing
DELL,Dell Technologies Inc. Class C Common Stock ,$132.09,-2.25,-1.675%,88813769251.00,United States,2018,3920912,Technology,Computer Manufacturing
DG,Dollar General Corporation Common Stock,$104.50,0.83,0.801%,23001079926.00,United States,2009,2461132,Consumer Discretionary,Department/Specialty Retail Stores
DGX,Quest Diagnostics Incorporated Common Stock,$186.82,-0.15,-0.08%,20890855248.00,United States,,748102,Health Care,Medical Specialities
DHI,D.R. Horton Inc. Common Stock,$167.45,1.18,0.71%,49920784931.00,United States,,2978342,Consumer Discretionary,Homebuilding
DHR,Danaher Corporation Common Stock,$185.91,-3.81,-2.008%,133121151097.00,United States,,5522143,Industrials,Industrial Machinery/Components
DIS,Walt Disney Company (The) Common Stock,$113.43,1.18,1.051%,203939634677.00,United States,,8753148,Consumer Discretionary,Services-Misc. Amusement & Recreation
DKNG,DraftKings Inc. Class A Common Stock,$42.95,-0.32,-0.74%,21323389549.00,United States,2019,9931658,Consumer Discretionary,Services-Misc. Amusement & Recreation
DKS,Dick's Sporting Goods Inc Common Stock,$230.24,1.54,0.673%,18441460294.00,United States,2002,1107377,Consumer Discretionary,Other Specialty Stores
DLR,Digital Realty Trust Inc. Common Stock,$172.00,-2.12,-1.218%,58660674820.00,United States,2004,1308709,Real Estate,Real Estate Investment Trusts
DLTR,Dollar Tree Inc. Common Stock,$95.90,1.25,1.321%,19560516048.00,United States,1995,3572893,Consumer Discretionary,Department/Specialty Retail Stores
DOC,Healthpeak Properties Inc. Common Stock,$18.65,-0.24,-1.271%,12960322398.00,United States,,5770862,Real Estate,Real Estate Investment Trusts
DOCS,Doximity Inc. Class A Common Stock,$74.27,0.37,0.501%,13910730820.00,United States,2021,2649387,Technology,EDP Services
DOCU,DocuSign Inc. Common Stock,$84.01,-0.81,-0.955%,16894756869.00,United States,1989,1839828,Technology,Computer Software: Prepackaged Software
DOV,Dover Corporation Common Stock,$167.29,-1.80,-1.065%,22941222642.00,United States,,1205885,Industrials,Industrial Machinery/Components
DOW,Dow Inc. Common Stock ,$23.13,0.27,1.181%,16395565213.00,United States,2019,11907546,Industrials,Major Chemicals
DPZ,Domino's Pizza Inc Common Stock,$425.30,1.41,0.333%,14438476101.00,United States,2004,553930,Consumer Discretionary,Food Distributors
DRI,Darden Restaurants Inc. Common Stock,$186.61,0.09,0.048%,21839683016.00,United States,,1302293,Consumer Discretionary,Restaurants
DT,Dynatrace Inc. Common Stock,$48.13,0.36,0.754%,14511495427.00,United States,2019,2840230,Technology,Computer Software: Prepackaged Software
DTE,DTE Energy Company Common Stock,$138.76,0.79,0.573%,28804883544.00,United States,,710180,Utilities,Electric Utilities: Central
DTM,DT Midstream Inc. Common Stock ,$110.52,0.06,0.054%,11228003653.00,United States,2021,732728,Utilities,Natural Gas Distribution
DUK,Duke Energy Corporation (Holding Company) Common Stock,$123.64,0.54,0.439%,96145489100.00,United States,,2167719,Utilities,Power Generation
DUKB,Duke Energy Corporation 5.625% Junior Subordinated Debentures due 2078,$25.03,0.02,0.08%,19463940409.00,United States,2018,19602,Utilities,Power Generation
DUOL,Duolingo Inc. Class A Common Stock,$301.17,1.67,0.558%,13800183731.00,United States,2021,1347451,Technology,Computer Software: Prepackaged Software
DVN,Devon Energy Corporation Common Stock,$35.21,0.73,2.117%,22351308000.00,United States,1985,5451360,Energy,Oil & Gas Production
DXCM,DexCom Inc. Common Stock,$67.50,-0.70,-1.026%,26470480388.00,United States,2005,6902600,Health Care,Medical/Dental Instruments
EA,Electronic Arts Inc. Common Stock,$167.35,-6.72,-3.861%,41872192157.00,United States,,3099017,Consumer Discretionary,Services-Misc. Amusement & Recreation
EBAY,eBay Inc. Common Stock,$93.36,2.30,2.526%,42665520000.00,United States,1998,5176466,Real Estate,Real Estate
ECCF,Eagle Point Credit Company Inc. 8.00% Series F Term Preferred Stock due 2029,$25.3145,0.1985,0.79%,27559208304.00,United States,,1247,,
ECL,Ecolab Inc. Common Stock,$267.00,1.19,0.448%,75727851504.00,United States,,1766341,Consumer Discretionary,Package Goods/Cosmetics
ED,Consolidated Edison Inc. Common Stock,$98.81,0.26,0.264%,35635991019.00,United States,,1611558,Utilities,Power Generation
EFX,Equifax Inc. Common Stock,$257.43,-0.15,-0.058%,31869159533.00,United States,,738961,Finance,Finance: Consumer Services
EHC,Encompass Health Corporation Common Stock,$125.82,-0.95,-0.749%,12673072039.00,United States,,675518,Health Care,Hospital/Nursing Management
EIX,Edison International Common Stock,$55.04,-0.30,-0.542%,21181263745.00,United States,,2521618,Utilities,Electric Utilities: Central
EL,Estee Lauder Companies Inc. (The) Common Stock,$85.33,-2.39,-2.725%,30709366257.00,United States,1995,2352286,Consumer Discretionary,Package Goods/Cosmetics
ELS,Equity Lifestyle Properties Inc. Common Stock,$59.86,-0.46,-0.763%,11600254375.00,United States,,938832,Real Estate,Real Estate Investment Trusts
ELV,Elevance Health Inc. Common Stock,$326.38,2.65,0.819%,73493694860.00,United States,,2096524,Health Care,Medical Specialities
EME,EMCOR Group Inc. Common Stock,$626.57,-18.13,-2.812%,28047936123.00,United States,,462861,Industrials,Engineering & Construction
EMP,Entergy Mississippi LLC First Mortgage Bonds 4.90% Series Due October 1 2066,$22.44,0.06,0.268%,10017419508.00,United States,2016,9332,Utilities,Electric Utilities: Central
EMR,Emerson Electric Company Common Stock,$131.92,0.46,0.35%,74244576000.00,United States,,3712621,Technology,Consumer Electronics/Appliances
ENTG,Entegris Inc. Common Stock,$93.49,-2.28,-2.381%,14173084000.00,United States,2000,1675406,Industrials,Plastic Products
EOG,EOG Resources Inc. Common Stock,$116.70,1.03,0.89%,63717431647.00,United States,,3793312,Energy,Oil & Gas Production
EPD,Enterprise Products Partners L.P. Common Stock,$31.70,0.24,0.763%,68638343816.00,United States,,4451425,Utilities,Natural Gas Distribution
EQH,Equitable Holdings Inc. Common Stock,$52.59,-1.45,-2.683%,15752622852.00,United States,2018,2570522,Finance,Specialty Insurers
EQIX,Equinix Inc. Common Stock REIT,$789.79,-13.49,-1.679%,77291997503.00,United States,2000,693162,Real Estate,Real Estate Investment Trusts
EQR,Equity Residential Common Shares of Beneficial Interest,$65.16,-0.52,-0.792%,24884477394.00,United States,,2675540,Real Estate,Real Estate Investment Trusts
EQT,EQT Corporation Common Stock,$53.08,2.13,4.181%,33124945560.00,United States,,11989390,Energy,Oil & Gas Production
ERIE,Erie Indemnity Company Class A Common Stock,$314.27,-3.03,-0.955%,14516637275.00,United States,,221407,Finance,Specialty Insurers
ES,Eversource Energy (D/B/A) Common Stock,$69.10,-0.32,-0.461%,25644059007.00,United States,,3794230,Utilities,Electric Utilities: Central
ESS,Essex Property Trust Inc. Common Stock,$264.59,-3.25,-1.213%,17040660181.00,United States,1994,286711,Real Estate,Real Estate Investment Trusts
ET,Energy Transfer LP Common Units ,$17.40,0.29,1.695%,59728658639.00,United States,,11116515,Utilities,Natural Gas Distribution
ETR,Entergy Corporation Common Stock,$91.59,0.74,0.815%,40886606630.00,United States,,2524518,Utilities,Electric Utilities: Central
EVR,Evercore Inc. Class A Common Stock,$340.47,-14.18,-3.998%,13141457315.00,United States,2006,549746,Finance,Investment Managers
EVRG,Evergy Inc. Common Stock,$73.71,0.42,0.573%,16964748195.00,United States,,1864215,Utilities,Power Generation
EW,Edwards Lifesciences Corporation Common Stock,$74.66,0.09,0.121%,43832886000.00,United States,,3490996,Health Care,Industrial Specialties
EWBC,East West Bancorp Inc. Common Stock,$105.76,-0.55,-0.517%,14576029972.00,United States,,909372,Finance,Major Banks
EXAS,Exact Sciences Corporation Common Stock,$53.12,0.71,1.355%,10056631123.00,United States,2001,1733339,Health Care,Medical Specialities
EXC,Exelon Corporation Common Stock,$44.23,0.00,0.00%,44671738014.00,United States,,5459586,Utilities,Power Generation
EXE,Expand Energy Corporation Common Stock,$103.10,2.38,2.363%,24552819093.00,United States,,3482242,Energy,Oil & Gas Production
EXEEL,Expand Energy Corporation Class C Warrants,$88.07,0.00,0.00%,20973489597.00,United States,,116,Energy,Oil & Gas Production
EXEEW,Expand Energy Corporation Class A Warrants,$112.52,0.00,0.00%,26796151351.00,United States,,1,Energy,Oil & Gas Production
EXEL,Exelixis Inc. Common Stock,$38.91,-0.90,-2.261%,10474670092.00,United States,2000,2014114,Health Care,Biotechnology: Biological Products (No Diagnostic Substances)
EXPD,Expeditors International of Washington Inc. Common Stock,$120.98,-0.15,-0.124%,16419226550.00,United States,,1151812,Industrials,Integrated Freight & Logistics
EXPE,Expedia Group Inc. Common Stock,$217.83,-3.39,-1.532%,26948965445.00,United States,,1327079,Consumer Discretionary,Transportation Services
EXR,Extra Space Storage Inc Common Stock,$137.66,-0.89,-0.642%,29218832090.00,United States,2004,797365,Real Estate,Real Estate Investment Trusts
F,Ford Motor Company Common Stock,$11.63,-0.10,-0.853%,46285775254.00,United States,,60151224,Industrials,Auto Manufacturing
FANG,Diamondback Energy Inc. Common Stock,$144.61,2.43,1.709%,41862587813.00,United States,2012,1999188,Energy,Oil & Gas Production
FAST,Fastenal Company Common Stock,$47.54,-0.45,-0.938%,54558644772.00,United States,1987,4797418,Consumer Discretionary,RETAIL: Building Materials
FCNCA,First Citizens BancShares Inc. Class A Common Stock,$1835.09,-14.58,-0.788%,23711557568.00,United States,,226386,Finance,Major Banks
FCX,Freeport-McMoRan Inc. Common Stock,$37.67,-7.69,-16.953%,54085611628.00,United States,,91177164,Basic Materials,Metal Mining
FDS,FactSet Research Systems Inc. Common Stock,$286.16,-2.25,-0.78%,10818786448.00,United States,2000,934589,Technology,Computer Software: Programming Data Processing
FDX,FedEx Corporation Common Stock,$233.75,0.05,0.021%,55154589009.00,United States,,1686978,Consumer Discretionary,Air Freight/Delivery Services
FE,FirstEnergy Corp. Common Stock,$44.08,0.28,0.639%,25451965278.00,United States,,2663766,Utilities,Electric Utilities: Central
FFIV,F5 Inc. Common Stock,$324.47,-0.23,-0.071%,18639883250.00,United States,1999,366146,Telecommunications,Computer Communications Equipment
FHN,First Horizon Corporation Common Stock,$22.79,0.17,0.752%,11571568351.00,United States,,8450086,Finance,Major Banks
FI,Fiserv Inc. Common Stock,$130.59,0.77,0.593%,70987833376.00,United States,,6231030,Real Estate,Real Estate
FICO,Fair Isaac Corporation Common Stock,$1543.18,8.41,0.548%,37041961866.00,United States,,136602,Real Estate,Real Estate
FIS,Fidelity National Information Services Inc. Common Stock,$64.13,0.76,1.199%,33500138143.00,United States,,4874145,Real Estate,Real Estate
FITB,Fifth Third Bancorp Common Stock,$45.17,0.03,0.066%,29897446586.00,United States,,3479827,Finance,Major Banks
FITBI,Fifth Third Bancorp Depositary Shares,$25.8485,0.0407,0.158%,17108792297.00,United States,,26054,Finance,Major Banks
FITBO,Fifth Third Bancorp Depositary Shares each representing a 1/1000th ownership interest in a share of Non-Cumulative Perpetual Preferred Stock Series K,$21.06,-0.04,-0.19%,13939345253.00,United States,,27574,Finance,Major Banks
FITBP,Fifth Third Bancorp Depositary Shares each representing 1/40th share of Fifth Third 6.00% Non-Cumulative Perpetual Class B Preferred Stock Series A,$24.83,0.08,0.323%,16434660144.00,United States,,18405,Finance,Major Banks
FIX,Comfort Systems USA Inc. Common Stock,$791.46,-12.78,-1.589%,27923858000.00,United States,1997,284401,Industrials,Engineering & Construction
FNF,Fidelity National Financial Inc. Common Stock,$59.83,0.58,0.979%,16257160525.00,United States,2014,1018417,Finance,Specialty Insurers
FOX,Fox Corporation Class B Common Stock,$54.30,-1.13,-2.039%,24192602574.00,United States,,1985653,Industrials,Broadcasting
FOXA,Fox Corporation Class A Common Stock,$60.16,-1.45,-2.354%,26803443293.00,United States,,3919899,Industrials,Broadcasting
FSLR,First Solar Inc. Common Stock,$219.17,3.44,1.595%,23505467670.00,United States,2006,2817830,Technology,Semiconductors
FTAI,FTAI Aviation Ltd. Common Stock,$178.17,-3.30,-1.818%,18275003446.00,United States,,1198360,Industrials,Misc Corporate Leasing Services
FTNT,Fortinet Inc. Common Stock,$83.60,-1.67,-1.958%,64059840359.00,United States,2009,5655411,Technology,Computer peripheral equipment
FTS,Fortis Inc. Common Shares,$49.48,0.14,0.284%,24918128000.00,United States,2016,466141,Utilities,Electric Utilities: Central
FTV,Fortive Corporation Common Stock ,$48.16,-0.28,-0.578%,16294278375.00,United States,2016,2802313,Industrials,Industrial Machinery/Components
FWONA,Liberty Media Corporation Series A Liberty Formula One Common Stock,$95.165,1.525,1.629%,23795681929.00,United States,,103710,Industrials,Broadcasting
FWONK,Liberty Media Corporation Series C Liberty Formula One Common Stock,$104.78,1.72,1.669%,26199879709.00,United States,,1163963,Industrials,Broadcasting
GD,General Dynamics Corporation Common Stock,$323.62,0.42,0.13%,87051625338.00,United States,,1452384,Industrials,Marine Transportation
GDDY,GoDaddy Inc. Class A Common Stock,$143.27,0.28,0.196%,19835590666.00,United States,2015,813427,Technology,EDP Services
GE,GE Aerospace Common Stock,$300.30,-5.33,-1.744%,318449947916.00,United States,,5644608,Technology,Consumer Electronics/Appliances
GEHC,GE HealthCare Technologies Inc. Common Stock ,$73.98,-0.62,-0.831%,33776459497.00,United States,,2320342,Health Care,Medical Electronics
GEN,Gen Digital Inc. Common Stock,$29.09,0.14,0.484%,17915632497.00,United States,,4060002,Technology,Computer Software: Prepackaged Software
GEV,GE Vernova Inc. Common Stock,$628.97,-4.44,-0.701%,171220691542.00,United States,2024,1615064,,
GFS,GlobalFoundries Inc. Ordinary Shares,$33.15,0.08,0.242%,18329060082.00,United States,2021,2112730,Technology,Semiconductors
GGG,Graco Inc. Common Stock,$84.11,-0.85,-1.00%,13936538657.00,United States,,695846,Industrials,Fluid Controls
GILD,Gilead Sciences Inc. Common Stock,$113.67,-0.73,-0.638%,141042522142.00,United States,1992,5222531,Health Care,Biotechnology: Biological Products (No Diagnostic Substances)
GIS,General Mills Inc. Common Stock,$51.11,0.55,1.088%,27262913328.00,United States,,6022929,Consumer Staples,Packaged Foods
GL,Globe Life Inc. Common Stock,$143.30,-3.25,-2.218%,11607806709.00,United States,,410986,Finance,Life Insurance
GLPI,Gaming and Leisure Properties Inc. Common Stock,$45.74,-0.63,-1.359%,12944797538.00,United States,,3500586,Real Estate,Real Estate Investment Trusts
GLW,Corning Incorporated Common Stock,$79.91,-1.09,-1.346%,68452401196.00,United States,,8646075,Industrials,Telecommunications Equipment
GLXY,Galaxy Digital Inc. Class A Common Stock,$34.29,1.15,3.47%,12902866657.00,United States,,7353523,Finance,Investment Bankers/Brokers/Service
GM,General Motors Company Common Stock,$59.92,1.34,2.287%,57048501836.00,United States,2010,10751046,Industrials,Auto Manufacturing
GME,GameStop Corporation Common Stock,$26.25,-0.55,-2.052%,11751245205.00,United States,2002,5475623,Consumer Discretionary,Electronics Distribution
GOOG,Alphabet Inc. Class C Capital Stock,$247.83,-4.51,-1.787%,2997256020000.00,United States,2004,16934047,Technology,Computer Software: Programming Data Processing
GOOGL,Alphabet Inc. Class A Common Stock,$247.14,-4.52,-1.796%,2988911160000.00,United States,2004,28158658,Technology,Computer Software: Programming Data Processing
GPC,Genuine Parts Company Common Stock,$138.61,-0.05,-0.036%,19279582871.00,United States,,911491,Consumer Discretionary,Automotive Aftermarket
GPN,Global Payments Inc. Common Stock,$87.11,1.00,1.161%,21133505004.00,United States,,2123560,Real Estate,Real Estate
GS,Goldman Sachs Group Inc. (The) Common Stock,$792.43,-13.89,-1.723%,239885274934.00,United States,1999,1401947,Finance,Investment Bankers/Brokers/Service
GWRE,Guidewire Software Inc. Common Stock,$236.67,-5.28,-2.182%,20005851895.00,United States,2012,956131,Technology,Computer Software: Prepackaged Software
GWW,W.W. Grainger Inc. Common Stock,$952.93,-22.85,-2.342%,45580780275.00,United States,,289899,Industrials,Office Equipment/Supplies/Services
H,Hyatt Hotels Corporation Class A Common Stock,$140.07,1.58,1.141%,13374582409.00,United States,2009,826041,Consumer Discretionary,Hotels/Resorts
HAL,Halliburton Company Common Stock,$24.44,0.17,0.70%,20837595373.00,United States,,19811825,Energy,Oilfield Services/Equipment
HAS,Hasbro Inc. Common Stock,$75.23,0.41,0.548%,10549693984.00,United States,,1119530,Consumer Discretionary,Recreational Games/Products/Toys
HBAN,Huntington Bancshares Incorporated Common Stock,$17.37,0.02,0.115%,25339356730.00,United States,,26006647,Finance,Major Banks
HBANL,Huntington Bancshares Incorporated Depositary Shares Each Representing a 1/40th Interest in a Share of 6.875% Series J Non-Cumulative Perpetual Preferred Stock,$25.80,-0.19,-0.731%,37637041084.00,United States,,13876,Finance,Major Banks
HBANM,Huntington Bancshares Incorporated Depositary Shares each representing a 1/1000th interest in a share of Huntington Series I Preferred Stock,$23.64,0.0001,0.00%,34486032993.00,United States,,3118,Finance,Major Banks
HBANP,Huntington Bancshares Incorporated Depositary Shares 4.500% Series H Non-Cumulative Perpetual Preferred Stock,$18.63,-0.05,-0.268%,27177444782.00,United States,,28877,Finance,Major Banks
HCA,HCA Healthcare Inc. Common Stock,$416.62,7.17,1.751%,97486371970.00,United States,2011,978636,Health Care,Hospital/Nursing Management
HD,Home Depot Inc. (The) Common Stock,$409.77,-1.14,-0.277%,407879586341.00,United States,,3220668,Consumer Discretionary,RETAIL: Building Materials
HEI,Heico Corporation Common Stock,$316.70,-3.27,-1.022%,44086692533.00,United States,2000,203268,Industrials,Aerospace
HIG,The Hartford Insurance Group Inc. Common Stock,$131.85,0.04,0.03%,37072482844.00,United States,,1540313,Finance,Property-Casualty Insurers
HII,Huntington Ingalls Industries Inc. Common Stock,$277.51,1.50,0.543%,10889667509.00,United States,,600611,Industrials,Marine Transportation
HIMS,Hims & Hers Health Inc. Class A Common Stock,$53.25,-2.75,-4.911%,12035542688.00,United States,2019,23229473,Health Care,Medical/Nursing Services
HLI,Houlihan Lokey Inc. Class A Common Stock,$205.58,-3.61,-1.726%,14454648038.00,United States,2015,600193,Finance,Investment Managers
HLT,Hilton Worldwide Holdings Inc. Common Stock ,$263.17,-0.53,-0.201%,61895939977.00,United States,2016,2465840,Consumer Discretionary,Hotels/Resorts
HOLX,Hologic Inc. Common Stock,$66.40,-1.24,-1.833%,14768640325.00,United States,1990,1360528,Health Care,Medical Electronics
HON,Honeywell International Inc. Common Stock,$208.60,-0.71,-0.339%,132439422833.00,United States,,6158172,Industrials,Aerospace
HOOD,Robinhood Markets Inc. Class A Common Stock,$126.80,0.60,0.475%,111897064255.00,United States,2021,26915805,Finance,Investment Bankers/Brokers/Service
HPE,Hewlett Packard Enterprise Company Common Stock,$24.46,-0.24,-0.972%,32273748517.00,United States,2015,25134037,Technology,Retail: Computer Software & Peripheral Equipment
HPQ,HP Inc. Common Stock,$27.50,-1.03,-3.61%,25704300903.00,United States,,10196883,Technology,Computer Manufacturing
HRL,Hormel Foods Corporation Common Stock,$24.71,0.27,1.105%,13590461279.00,United States,,3574829,Consumer Staples,Meat/Poultry/Fish
HST,Host Hotels & Resorts Inc. Common Stock,$17.37,-0.06,-0.344%,11942619791.00,United States,,8661861,Real Estate,Real Estate Investment Trusts
HSY,The Hershey Company Common Stock,$190.89,0.15,0.079%,38698028074.00,United States,,1136433,Consumer Staples,Specialty Foods
HUBB,Hubbell Inc Common Stock,$431.16,-4.07,-0.935%,22911846280.00,United States,2015,485696,Technology,Electrical Products
HUBS,HubSpot Inc. Common Stock,$515.35,2.21,0.431%,27155394239.00,United States,2014,607150,Technology,Computer Software: Prepackaged Software
HUM,Humana Inc. Common Stock,$261.97,3.65,1.413%,31507608423.00,United States,,1563729,Health Care,Medical Specialities
HWM,Howmet Aerospace Inc. Common Stock,$190.22,-3.36,-1.736%,76682688971.00,United States,,1772165,Industrials,Metal Fabrications
IBKR,Interactive Brokers Group Inc. Class A Common Stock,$64.46,-1.03,-1.573%,109570422468.00,United States,2019,3781839,Finance,Investment Bankers/Brokers/Service
IBM,International Business Machines Corporation Common Stock,$267.53,-4.71,-1.73%,249209342812.00,United States,,3158266,Technology,Computer Manufacturing
ICE,Intercontinental Exchange Inc. Common Stock,$168.05,-0.04,-0.024%,96195699938.00,United States,2005,3767126,Finance,Investment Bankers/Brokers/Service
IDXX,IDEXX Laboratories Inc. Common Stock,$627.17,-21.21,-3.271%,50176543936.00,United States,1991,464491,Health Care,Biotechnology: In Vitro & In Vivo Diagnostic Substances
IEX,IDEX Corporation Common Stock,$159.76,0.36,0.226%,12027896492.00,United States,1989,630836,Industrials,Fluid Controls
IFF,International Flavors & Fragrances Inc. Common Stock,$62.54,0.15,0.24%,16028194046.00,United States,,1535788,Industrials,Major Chemicals
ILMN,Illumina Inc. Common Stock,$94.41,-4.96,-4.991%,14510817000.00,United States,2000,1666085,Health Care,Medical Specialities
INCY,Incyte Corp. Common Stock,$84.16,-0.38,-0.449%,16434440363.00,United States,,1297784,Health Care,Biotechnology: Commercial Physical & Biological Resarch
INSM,Insmed Incorporated Common Stock,$141.00,-4.38,-3.013%,29803844826.00,United States,,1455570,Health Care,Biotechnology: Pharmaceutical Preparations
INTC,Intel Corporation Common Stock,$31.22,1.88,6.408%,136649940000.00,United States,,162756124,Technology,Semiconductors
INTU,Intuit Inc. Common Stock,$694.79,-4.39,-0.628%,193710925950.00,United States,1993,1727822,Technology,Computer Software: Prepackaged Software
INVH,Invitation Homes Inc. Common Stock,$29.21,-0.48,-1.617%,17905970106.00,United States,2017,5065615,Finance,Real Estate
IONQ,IonQ Inc. Common Stock,$73.86,-1.28,-1.703%,21924439613.00,United States,2021,32809622,Technology,EDP Services
IONS,Ionis Pharmaceuticals Inc. Common Stock,$63.94,1.37,2.19%,10191475182.00,United States,,1592496,Health Care,Biotechnology: Pharmaceutical Preparations
IOT,Samsara Inc. Class A Common Stock,$36.94,-1.47,-3.827%,21190063491.00,United States,2021,3730295,Technology,EDP Services
IP,International Paper Company Common Stock,$46.25,-0.12,-0.259%,24419171894.00,United States,,2660740,Basic Materials,Paper
IQV,IQVIA Holdings Inc. Common Stock,$181.24,-5.21,-2.794%,30810800000.00,United States,2013,954186,Health Care,Biotechnology: Commercial Physical & Biological Resarch
IR,Ingersoll Rand Inc. Common Stock,$80.91,-0.41,-0.504%,32157882989.00,United States,2017,3747454,Industrials,Industrial Machinery/Components
IRM,Iron Mountain Incorporated (Delaware)Common Stock REIT,$101.23,-2.86,-2.748%,29898100817.00,United States,,1407795,Real Estate,Real Estate Investment Trusts
ISRG,Intuitive Surgical Inc. Common Stock,$443.99,-3.76,-0.84%,159159983899.00,United States,2000,2436594,Health Care,Industrial Specialties
IT,Gartner Inc. Common Stock,$262.82,4.84,1.876%,19904881642.00,United States,1993,1419819,Consumer Discretionary,Other Consumer Services
ITT,ITT Inc. Common Stock ,$176.01,-1.36,-0.767%,13728780000.00,United States,2011,507078,Industrials,Fluid Controls
ITW,Illinois Tool Works Inc. Common Stock,$259.56,-1.66,-0.635%,75661740000.00,United States,,693291,Industrials,Industrial Machinery/Components
J,Jacobs Solutions Inc. Common Stock,$147.46,-0.40,-0.271%,17626847719.00,United States,2022,487541,Industrials,Military/Government/Technical
JBHT,J.B. Hunt Transport Services Inc. Common Stock,$132.87,0.89,0.674%,12861720466.00,United States,,1247738,Industrials,Trucking Freight/Courier Services
JBL,Jabil Inc. Common Stock,$225.28,-9.17,-3.911%,24176787599.00,United States,1993,2576173,Technology,Electrical Products
JEF,Jefferies Financial Group Inc. Common Stock,$66.71,-1.43,-2.099%,13760953543.00,United States,,1655868,Finance,Investment Bankers/Brokers/Service
JKHY,Jack Henry & Associates Inc. Common Stock,$151.50,1.48,0.987%,11040014828.00,United States,1985,884187,Technology,EDP Services
JLL,Jones Lang LaSalle Incorporated Common Stock,$303.56,-9.67,-3.087%,14383046179.00,United States,,610113,Finance,Real Estate
JNJ,Johnson & Johnson Common Stock,$176.69,0.11,0.062%,425529395294.00,United States,,6675504,Health Care,Biotechnology: Pharmaceutical Preparations
JOBY,Joby Aviation Inc. Common Stock,$15.97,-0.75,-4.486%,13670024379.00,United States,2020,43446022,Industrials,Aerospace
JPM,JP Morgan Chase & Co. Common Stock,$313.42,0.68,0.217%,861827852921.00,United States,,7308521,Finance,Major Banks
K,Kellanova Common Stock,$76.96,-0.07,-0.091%,26756621632.00,United States,,3747015,Consumer Staples,Packaged Foods
KDP,Keurig Dr Pepper Inc. Common Stock,$26.25,-0.25,-0.943%,35658926074.00,United States,,17912142,Consumer Staples,Beverages (Production/Distribution)
KEY,KeyCorp Common Stock,$18.77,0.03,0.16%,20581602298.00,United States,,26361781,Finance,Major Banks
KEYS,Keysight Technologies Inc. Common Stock,$174.41,-3.49,-1.962%,29973448388.00,United States,2014,1189791,Industrials,Industrial Machinery/Components
KHC,The Kraft Heinz Company Common Stock,$26.74,0.18,0.678%,31649443009.00,United States,,13107241,Consumer Staples,Packaged Foods
KIM,Kimco Realty Corporation (HC) Common Stock,$21.63,-0.27,-1.233%,14647846318.00,United States,,3491289,Real Estate,Real Estate Investment Trusts
KKR,KKR & Co. Inc. Common Stock,$137.94,-9.31,-6.323%,122897467127.00,United States,,6480019,Finance,Investment Managers
KKRS,KKR Group Finance Co. IX LLC 4.625% Subordinated Notes due 2061,$18.66,-0.09,-0.48%,16625103209.00,United States,2021,6637,Finance,Investment Managers
KLAC,KLA Corporation Common Stock,$1068.67,-2.53,-0.236%,141023157278.00,United States,1980,868014,Technology,Electronic Components
KMB,Kimberly-Clark Corporation Common Stock,$123.93,0.11,0.089%,41117487716.00,United States,,1459886,Consumer Discretionary,Containers/Packaging
KMI,Kinder Morgan Inc. Common Stock,$27.82,0.35,1.274%,61818199277.00,United States,2011,14020774,Utilities,Natural Gas Distribution
KNSL,Kinsale Capital Group Inc. Common Stock,$429.79,1.80,0.421%,10014107430.00,United States,,222915,Finance,Property-Casualty Insurers
KO,Coca-Cola Company (The) Common Stock,$66.45,-0.26,-0.39%,285978688895.00,United States,,14754257,Consumer Staples,Beverages (Production/Distribution)
KR,Kroger Company (The) Common Stock,$65.55,0.20,0.306%,43438556797.00,United States,,5257098,Consumer Staples,Food Chains
KTOS,Kratos Defense & Security Solutions Inc. Common Stock,$81.18,-2.72,-3.242%,13702737510.00,United States,,3734583,Industrials,Military/Government/Technical
KVUE,Kenvue Inc. Common Stock,$16.86,-0.38,-2.204%,32355518851.00,United States,2023,52225369,Consumer Discretionary,Specialty Chemicals
KVYO,Klaviyo Inc. Series A Common Stock,$35.26,0.25,0.714%,10577448780.00,United States,2023,2501510,Technology,Computer Software: Prepackaged Software
L,Loews Corporation Common Stock,$99.26,1.26,1.286%,20589143968.00,United States,,789389,Finance,Property-Casualty Insurers
LAMR,Lamar Advertising Company Class A Common Stock,$123.02,-1.31,-1.054%,12451923121.00,United States,1996,546487,Real Estate,Real Estate Investment Trusts
LDOS,Leidos Holdings Inc. Common Stock,$187.40,0.29,0.155%,24042920017.00,United States,,727338,Technology,EDP Services
LECO,Lincoln Electric Holdings Inc. Common Shares,$233.66,-2.63,-1.113%,12894819642.00,United States,,329446,Industrials,Industrial Machinery/Components
LEN,Lennar Corporation Class A Common Stock,$125.69,2.44,1.98%,32554568840.00,United States,,3555341,Consumer Discretionary,Homebuilding
LH,Labcorp Holdings Inc. Common Stock,$279.35,-0.59,-0.211%,23213985000.00,United States,,366538,Health Care,Medical Specialities
LHX,L3Harris Technologies Inc. Common Stock,$284.00,-2.19,-0.765%,53134922632.00,United States,,965236,Industrials,Industrial Machinery/Components
LII,Lennox International Inc. Common Stock,$522.44,-8.22,-1.549%,18350329366.00,United States,1999,293898,Industrials,Industrial Machinery/Components
LIN,Linde plc Ordinary Shares,$474.13,-5.81,-1.211%,222324076407.00,United States,,1579437,Basic Materials,Major Chemicals
LITE,Lumentum Holdings Inc. Common Stock,$152.75,-11.24,-6.854%,10677225000.00,United States,,5476170,Telecommunications,Telecommunications Equipment
LLY,Eli Lilly and Company Common Stock,$741.85,-5.13,-0.687%,702128946664.00,United States,,2242230,Health Care,Biotechnology: Pharmaceutical Preparations
LMT,Lockheed Martin Corporation Common Stock,$486.25,-0.42,-0.086%,113522383480.00,United States,,1422134,Industrials,Military/Government/Technical
LNG,Cheniere Energy Inc. Common Stock,$236.61,1.70,0.724%,51999331087.00,United States,2001,2084765,Utilities,Oil/Gas Transmission
LNT,Alliant Energy Corporation Common Stock,$65.47,0.63,0.972%,16823775292.00,United States,,2023740,Utilities,Power Generation
LOGI,Logitech International S.A. Ordinary Shares,$108.79,-2.56,-2.299%,16024372745.00,United States,1997,380364,Technology,Computer peripheral equipment
LOW,Lowe's Companies Inc. Common Stock,$257.33,-2.48,-0.955%,144317072804.00,United States,,3155987,Consumer Discretionary,RETAIL: Building Materials
LPLA,LPL Financial Holdings Inc. Common Stock,$333.18,-7.30,-2.144%,26655767038.00,United States,2010,747013,Finance,Investment Bankers/Brokers/Service
LRCX,Lam Research Corporation Common Stock,$128.32,-3.35,-2.544%,162404486720.00,United States,1984,12433736,Technology,Industrial Machinery/Components
LUV,Southwest Airlines Company Common Stock,$33.06,-0.28,-0.84%,17362705660.00,United States,,8454597,Consumer Discretionary,Air Freight/Delivery Services
LVS,Las Vegas Sands Corp. Common Stock,$52.99,-0.08,-0.151%,36375176582.00,United States,2004,3383440,Consumer Discretionary,Hotels/Resorts
LYV,Live Nation Entertainment Inc. Common Stock,$162.08,-2.05,-1.249%,38003339592.00,United States,,2322815,Consumer Discretionary,Services-Misc. Amusement & Recreation
MA,Mastercard Incorporated Common Stock,$568.81,-1.16,-0.204%,514210973004.00,United States,2006,2867224,Real Estate,Real Estate
MAA,Mid-America Apartment Communities Inc. Common Stock,$140.43,-0.69,-0.489%,16440299909.00,United States,1994,870307,Real Estate,Real Estate Investment Trusts
MANH,Manhattan Associates Inc. Common Stock,$212.45,-1.26,-0.59%,12846552795.00,United States,1998,247626,Technology,Computer Software: Prepackaged Software
MAR,Marriott International Class A Common Stock,$262.14,0.30,0.115%,71159957915.00,United States,,1295681,Consumer Discretionary,Hotels/Resorts
MAS,Masco Corporation Common Stock,$71.58,0.00,0.00%,14986249065.00,United States,,2548856,Industrials,Industrial Specialties
MCD,McDonald's Corporation Common Stock,$304.33,1.14,0.376%,217171237399.00,United States,,2356655,Consumer Discretionary,Restaurants
MCHP,Microchip Technology Incorporated Common Stock,$65.85,1.14,1.762%,35537906072.00,United States,1993,5874122,Technology,Semiconductors
MCHPP,Microchip Technology Incorporated Depositary Shares Each Representing a 1/20th Interest in a Share of 7.50% Series A Mandatory Convertible Preferred Stock,$60.39,0.33,0.549%,32591255090.00,United States,,18158,Technology,Semiconductors
MCK,McKesson Corporation Common Stock,$760.58,19.27,2.599%,94604281628.00,United States,,916673,Health Care,Other Pharmaceuticals
MCO,Moody's Corporation Common Stock,$474.80,-1.98,-0.415%,85179120000.00,United States,,834225,Finance,Finance: Consumer Services
MDB,MongoDB Inc. Class A Common Stock,$315.30,-3.66,-1.147%,25651828363.00,United States,2017,1366726,Technology,Computer Software: Prepackaged Software
MDLZ,Mondelez International Inc. Class A Common Stock,$64.39,0.57,0.893%,83317145079.00,United States,,6188705,Consumer Staples,Packaged Foods
MDT,Medtronic plc. Ordinary Shares,$95.74,0.78,0.821%,122804346343.00,United States,,11264202,Health Care,Biotechnology: Electromedical & Electrotherapeutic Apparatus
MEDP,Medpace Holdings Inc. Common Stock,$497.32,1.18,0.238%,13971223690.00,United States,2016,182389,Health Care,Biotechnology: Commercial Physical & Biological Resarch
MET,MetLife Inc. Common Stock,$80.64,0.32,0.398%,53627700995.00,United States,2000,2927783,Finance,Life Insurance
META,Meta Platforms Inc. Class A Common Stock,$760.66,5.26,0.696%,1910885534374.00,United States,2012,8820121,Technology,Computer Software: Programming Data Processing
MKC,McCormick & Company Incorporated Common Stock,$65.20,0.90,1.40%,17497652476.00,United States,,3441698,Consumer Staples,Packaged Foods
MKL,Markel Group Inc. Common Stock,$1928.71,-9.92,-0.512%,24402040849.00,United States,1986,31193,Finance,Property-Casualty Insurers
MLI,Mueller Industries Inc. Common Stock,$99.62,-2.08,-2.045%,11028008914.00,United States,,654854,Industrials,Metal Fabrications
MLM,Martin Marietta Materials Inc. Common Stock,$606.80,-8.59,-1.396%,36593682620.00,United States,1994,378787,Industrials,Mining & Quarrying of Nonmetallic Minerals (No Fuels)
MMC,Marsh & McLennan Companies Inc. Common Stock,$199.66,2.20,1.114%,98157656425.00,United States,,2831265,Finance,Specialty Insurers
MMM,3M Company Common Stock,$154.60,-1.69,-1.081%,82344551929.00,United States,,1739304,Health Care,Medical/Dental Instruments
MNST,Monster Beverage Corporation,$64.93,0.45,0.698%,63399482312.00,United States,,3996751,Consumer Staples,Beverages (Production/Distribution)
MO,Altria Group Inc.,$65.13,0.26,0.401%,109411297769.00,United States,,6833243,Health Care, Medicinal Chemicals and Botanical Products 
MOH,Molina Healthcare Inc Common Stock,$190.71,8.15,4.464%,10336482000.00,United States,2003,1473433,Health Care,Medical Specialities
MORN,Morningstar Inc. Common Stock,$237.11,1.24,0.526%,10000763220.00,United States,2005,1093093,Finance,Investment Managers
MOS,Mosaic Company (The) Common Stock,$35.93,1.96,5.77%,11403403253.00,United States,,5155054,Industrials,Agricultural Chemicals
MP,MP Materials Corp. Common Stock,$71.23,-3.47,-4.645%,12614712906.00,United States,2020,13304888,Basic Materials,Metal Mining
MPC,Marathon Petroleum Corporation Common Stock,$193.10,2.23,1.168%,58706321668.00,United States,,1526642,Energy,Integrated oil Companies
MPLX,MPLX LP Common Units Representing Limited Partner Interests,$51.12,0.99,1.975%,52094649012.00,United States,2012,1456160,Energy,Natural Gas Distribution
MPWR,Monolithic Power Systems Inc. Common Stock,$908.45,-5.82,-0.637%,43507487400.00,United States,2004,349399,Technology,Semiconductors
MRK,Merck & Company Inc. Common Stock (new),$79.67,-0.29,-0.363%,198998388420.00,United States,,11797397,Health Care,Biotechnology: Pharmaceutical Preparations
MRNA,Moderna Inc. Common Stock,$25.88,0.09,0.349%,10069384111.00,United States,2018,7518981,Health Care,Biotechnology: Biological Products (No Diagnostic Substances)
MRVL,Marvell Technology Inc. Common Stock,$80.09,5.47,7.33%,69045589000.00,United States,2000,50376367,Technology,Semiconductors
MS,Morgan Stanley Common Stock,$157.88,-2.88,-1.791%,252029489157.00,United States,,5194472,Finance,Investment Bankers/Brokers/Service
MSCI,MSCI Inc. Common Stock,$566.42,-2.52,-0.443%,43821216409.00,United States,,710880,Real Estate,Real Estate
MSFT,Microsoft Corporation Common Stock,$510.15,0.92,0.181%,3792029828247.00,United States,1986,13523842,Technology,Computer Software: Prepackaged Software
MSI,Motorola Solutions Inc. Common Stock,$455.13,-15.59,-3.312%,75826430276.00,United States,,957545,Technology,Radio And Television Broadcasting And Communications Equipment
MSTR,Strategy Inc Common Stock Class A,$323.31,-4.47,-1.364%,91675503295.00,United States,1998,9116586,Technology,Computer Software: Prepackaged Software
MTB,M&T Bank Corporation Common Stock,$199.44,-1.19,-0.593%,31166347397.00,United States,,847010,Finance,Major Banks
MTZ,MasTec Inc. Common Stock,$205.94,-0.31,-0.15%,16250304047.00,United States,,810043,Industrials,Water Sewer Pipeline Comm & Power Line Construction
MU,Micron Technology Inc. Common Stock,$161.71,-4.70,-2.824%,180973720083.00,United States,,56973662,Technology,Semiconductors
NBIX,Neurocrine Biosciences Inc. Common Stock,$146.67,0.27,0.184%,14546952072.00,United States,1996,652257,Health Care,Biotechnology: Biological Products (No Diagnostic Substances)
NCLH,Norwegian Cruise Line Holdings Ltd. Ordinary Shares,$25.23,-0.34,-1.33%,11402372629.00,United States,,6985612,Consumer Discretionary,Marine Transportation
NDAQ,Nasdaq Inc. Common Stock,$87.15,-1.29,-1.459%,50006255340.00,United States,,4254046,Finance,Investment Bankers/Brokers/Service
NDSN,Nordson Corporation Common Stock,$223.12,-1.72,-0.765%,12536287925.00,United States,,239224,Industrials,Industrial Machinery/Components
NEE,NextEra Energy Inc. Common Stock,$73.83,1.51,2.088%,152037571772.00,United States,,11280578,Technology,EDP Services
NEM,Newmont Corporation,$83.47,-1.20,-1.417%,91687598546.00,United States,,9506605,Basic Materials,Precious Metals
NET,Cloudflare Inc. Class A Common Stock,$217.57,-5.69,-2.549%,75819138884.00,United States,2019,2318126,Technology,Computer Software: Prepackaged Software
NFLX,Netflix Inc. Common Stock,$1203.95,-14.52,-1.192%,511590074267.00,United States,2002,2770958,Consumer Discretionary,Consumer Electronics/Video Chains
NI,NiSource Inc Common Stock,$42.38,0.81,1.949%,19954835281.00,United States,,6495007,Utilities,Power Generation
NIO,NIO Inc. American depositary shares each  representing one Class A ordinary share,$7.12,0.19,2.742%,15991453058.00,United States,2018,76476346,Industrials,Auto Manufacturing
NKE,Nike Inc. Common Stock,$71.22,0.29,0.409%,105185066700.00,United States,,10019365,Consumer Discretionary,Shoe Manufacturing
NLY,Annaly Capital Management Inc. Common Stock,$20.80,-0.16,-0.763%,13355183442.00,United States,,6813435,Real Estate,Real Estate Investment Trusts
NOC,Northrop Grumman Corporation Common Stock,$586.27,9.19,1.593%,83943886857.00,United States,,784151,Industrials,Industrial Machinery/Components
NOW,ServiceNow Inc. Common Stock,$933.37,5.70,0.614%,194140960000.00,United States,2012,2021888,Technology,Computer Software: Prepackaged Software
NRG,NRG Energy Inc. Common Stock,$165.58,-1.85,-1.105%,32028272195.00,United States,,2133579,Utilities,Electric Utilities: Central
NSC,Norfolk Southern Corporation Common Stock,$293.32,1.24,0.425%,65884040708.00,United States,,2405223,Industrials,Railroads
NTAP,NetApp Inc. Common Stock,$123.25,-0.19,-0.154%,24602966075.00,United States,1995,1825450,Technology,Electronic Components
NTNX,Nutanix Inc. Class A Common Stock,$74.76,-1.33,-1.748%,20041470386.00,United States,2016,2492401,Technology,Computer Software: Prepackaged Software
NTRA,Natera Inc. Common Stock,$163.91,-8.92,-5.161%,22496337054.00,United States,2015,1100497,Health Care,Medical Specialities
NTRS,Northern Trust Corporation Common Stock,$129.51,-1.01,-0.774%,24766625201.00,United States,,1187295,Finance,Major Banks
NUE,Nucor Corporation Common Stock,$136.40,1.14,0.843%,31308634971.00,United States,,1644237,Industrials,Steel/Iron Ore
NVDA,NVIDIA Corporation Common Stock,$176.97,-1.46,-0.818%,4300371000000.00,United States,1999,143286206,Technology,Semiconductors
NVR,NVR Inc. Common Stock,$8036.63,56.52,0.708%,23063528811.00,United States,1998,22171,Consumer Discretionary,Homebuilding
NWS,News Corporation Class B Common Stock,$33.59,-0.17,-0.504%,18977398933.00,United States,,960712,Consumer Discretionary,Newspapers/Magazines
NWSA,News Corporation Class A Common Stock,$30.23,-0.35,-1.145%,17079094068.00,United States,,3791511,Consumer Discretionary,Newspapers/Magazines
NXT,Nextracker Inc. Class A Common Stock,$72.76,2.20,3.118%,10765858748.00,United States,2023,2289068,Industrials,Industrial Machinery/Components
O,Realty Income Corporation Common Stock,$59.98,0.43,0.722%,54840079098.00,United States,,5747508,Real Estate,Real Estate Investment Trusts
OC,Owens Corning Inc Common Stock New,$143.37,-1.21,-0.837%,11989682990.00,United States,,786785,Industrials,Industrial Machinery/Components
ODFL,Old Dominion Freight Line Inc. Common Stock,$141.06,1.72,1.234%,29646317405.00,United States,1991,1667204,Industrials,Trucking Freight/Courier Services
OHI,Omega Healthcare Investors Inc. Common Stock,$41.41,-0.25,-0.60%,12215950000.00,United States,1992,2293829,Real Estate,Real Estate Investment Trusts
OKE,ONEOK Inc. Common Stock,$73.67,1.07,1.474%,46394122973.00,United States,,3417900,Utilities,Oil & Gas Production
OKLO,Oklo Inc. Class A common stock,$131.17,-11.48,-8.048%,19361897977.00,United States,2021,24768506,Utilities,Electric Utilities: Central
OKTA,Okta Inc. Class A Common Stock,$89.87,-2.33,-2.527%,15842812125.00,United States,2017,3187863,Technology,Computer Software: Prepackaged Software
OMC,Omnicom Group Inc. Common Stock,$77.07,0.79,1.036%,14930223055.00,United States,,2265689,Consumer Discretionary,Advertising
ON,ON Semiconductor Corporation Common Stock,$50.94,0.52,1.031%,20833135152.00,United States,,5506540,Technology,Semiconductors
ORCL,Oracle Corporation Common Stock,$308.46,-5.37,-1.711%,876555100440.00,United States,1986,33703389,Technology,Computer Software: Prepackaged Software
ORI,Old Republic International Corporation Common Stock,$41.33,0.25,0.609%,10269254272.00,United States,,984801,Finance,Property-Casualty Insurers
ORLY,O'Reilly Automotive Inc. Common Stock,$103.47,-0.26,-0.251%,87793951480.00,United States,1993,4982214,Consumer Discretionary,Auto & Home Supply Stores
OTIS,Otis Worldwide Corporation Common Stock ,$88.73,-0.39,-0.438%,34824327069.00,United States,2020,2156396,Technology,Consumer Electronics/Appliances
OWL,Blue Owl Capital Inc. Class A Common Stock,$17.29,-1.35,-7.242%,26790920010.00,United States,2020,14618103,Finance,Investment Managers
OXY,Occidental Petroleum Corporation Common Stock,$46.89,0.47,1.012%,46160379502.00,United States,,7329874,Energy,Oil & Gas Production
PAA,Plains All American Pipeline L.P. Common Units representing Limited Partner Interests,$17.78,0.61,3.553%,12504753157.00,United States,1998,3541524,Energy,Natural Gas Distribution
PAG,Penske Automotive Group Inc. Common Stock,$173.91,-0.79,-0.452%,11485776735.00,United States,,228835,Consumer Discretionary,Retail-Auto Dealers and Gas Stations
PANW,Palo Alto Networks Inc. Common Stock,$200.70,-2.55,-1.255%,134248230000.00,United States,,5156848,Technology,Computer peripheral equipment
PAYC,Paycom Software Inc. Common Stock,$217.42,-2.24,-1.02%,12583573204.00,United States,2014,466998,Technology,Computer Software: Prepackaged Software
PAYX,Paychex Inc. Common Stock,$128.27,-1.03,-0.797%,46208482103.00,United States,1983,3547404,Industrials,Diversified Commercial Services
PCAR,PACCAR Inc. Common Stock,$96.89,-0.86,-0.88%,50877267651.00,United States,,2394124,Consumer Discretionary,Motor Vehicles
PCG,Pacific Gas & Electric Co. Common Stock,$14.66,-0.07,-0.475%,32220296313.00,United States,,14446165,Utilities,Power Generation
PCOR,Procore Technologies Inc. Common Stock,$72.72,-1.22,-1.65%,10922020489.00,United States,2021,2789615,Technology,Computer Software: Prepackaged Software
PEG,Public Service Enterprise Group Incorporated Common Stock,$82.40,0.19,0.231%,41124171730.00,United States,,2460281,Utilities,Power Generation
PEGA,Pegasystems Inc. Common Stock,$60.18,-0.18,-0.298%,10295634420.00,United States,1996,1316883,Technology,EDP Services
PEP,PepsiCo Inc. Common Stock,$142.17,0.27,0.19%,194641706093.00,United States,,5947952,Consumer Staples,Beverages (Production/Distribution)
PFE,Pfizer Inc. Common Stock,$24.09,-0.04,-0.166%,136964911545.00,United States,,39591189,Health Care,Biotechnology: Pharmaceutical Preparations
PFG,Principal Financial Group Inc Common Stock,$81.84,-0.56,-0.68%,18231369211.00,United States,2001,902531,Finance,Accident &Health Insurance
PFGC,Performance Food Group Company Common Stock,$104.56,0.05,0.048%,16365637723.00,United States,2015,1270547,Consumer Discretionary,Food Distributors
PG,Procter & Gamble Company (The) Common Stock,$152.42,-0.08,-0.052%,357024262201.00,United States,,6482719,Consumer Discretionary,Package Goods/Cosmetics
PGR,Progressive Corporation (The) Common Stock,$240.00,1.39,0.583%,140690036880.00,United States,,2812547,Finance,Property-Casualty Insurers
PH,Parker-Hannifin Corporation Common Stock,$748.76,-11.41,-1.501%,94854529629.00,United States,,393012,Industrials,Metal Fabrications
PHM,PulteGroup Inc. Common Stock,$130.90,0.85,0.654%,25826252437.00,United States,,1720214,Consumer Discretionary,Homebuilding
PINS,Pinterest Inc. Class A Common Stock,$33.00,-2.27,-6.436%,22437679407.00,United States,2019,18689810,Technology,Computer Software: Programming Data Processing
PKG,Packaging Corporation of America Common Stock,$215.32,1.61,0.753%,19374231556.00,United States,2000,509971,Consumer Discretionary,Containers/Packaging
PLD,Prologis Inc. Common Stock,$112.86,-1.58,-1.381%,104741190180.00,United States,,3274346,Real Estate,Real Estate Investment Trusts
PLTR,Palantir Technologies Inc. Class A Common Stock,$179.56,-2.99,-1.638%,425977805115.00,United States,,45248027,Technology,Computer Software: Prepackaged Software
PM,Philip Morris International Inc Common Stock,$163.00,-0.77,-0.47%,253724061931.00,United States,,6373179,Health Care, Medicinal Chemicals and Botanical Products 
PNC,PNC Financial Services Group Inc. (The) Common Stock,$204.08,0.16,0.078%,80368210519.00,United States,,1782659,Finance,Major Banks
PNW,Pinnacle West Capital Corporation Common Stock,$87.14,0.05,0.057%,10406890042.00,United States,,875282,Utilities,Electric Utilities: Central
PODD,Insulet Corporation Common Stock,$326.97,-0.83,-0.253%,23016247169.00,United States,2007,576188,Health Care,Medical/Dental Instruments
POOL,Pool Corporation Common Stock,$310.71,-2.23,-0.713%,11595078266.00,United States,1995,384058,Consumer Discretionary,Industrial Specialties
PPG,PPG Industries Inc. Common Stock,$105.48,-0.76,-0.715%,23806836000.00,United States,,1686815,Consumer Discretionary,Paints/Coatings
PPL,PPL Corporation Common Stock,$36.50,0.19,0.523%,26992306370.00,United States,,4598676,Utilities,Electric Utilities: Central
PR,Permian Resources Corporation Class A Common Stock,$13.67,0.07,0.515%,10941910676.00,United States,2022,20316637,Energy,Oil & Gas Production
PRU,Prudential Financial Inc. Common Stock,$103.32,0.19,0.184%,36368640000.00,United States,2001,1131085,Finance,Life Insurance
PSA,Public Storage Common Stock,$280.71,-1.59,-0.563%,49251368962.00,United States,,666969,Real Estate,Real Estate Investment Trusts
PSKY,Paramount Skydance Corporation Class B Common Stock,$19.12,-0.61,-3.092%,12891179782.00,United States,,11901026,Industrials,Broadcasting
PSTG,Pure Storage Inc. Class A Common Stock,$84.85,-3.44,-3.896%,27884814662.00,United States,2015,2589068,Technology,Electronic Components
PSX,Phillips 66 Common Stock,$136.59,4.31,3.258%,55199333356.00,United States,,3000806,Energy,Integrated oil Companies
PTC,PTC Inc. Common Stock,$203.60,-0.43,-0.211%,24389794534.00,United States,,764558,Technology,Computer Software: Prepackaged Software
PWR,Quanta Services Inc. Common Stock,$402.87,13.34,3.425%,60030024256.00,United States,,1664234,Industrials,Engineering & Construction
PYPL,PayPal Holdings Inc. Common Stock,$67.86,0.55,0.817%,64831978563.00,United States,,9169146,Industrials,Diversified Commercial Services
QCOM,QUALCOMM Incorporated Common Stock,$173.55,4.02,2.371%,187260450000.00,United States,1991,9179158,Technology,Radio And Television Broadcasting And Communications Equipment
QXO,QXO Inc. Common Stock,$19.24,-0.58,-2.926%,12959230061.00,United States,,7491341,Consumer Discretionary,RETAIL: Building Materials
RBC,RBC Bearings Incorporated Common Stock,$378.54,-5.16,-1.345%,11947705847.00,United States,2022,149874,Industrials,Metal Fabrications
RBLX,Roblox Corporation Class A Common Stock,$133.13,0.91,0.688%,92291926381.00,United States,2021,6125931,Technology,Computer Software: Prepackaged Software
RBRK,Rubrik Inc. Class A Common Stock,$79.12,-2.34,-2.873%,15622931157.00,United States,2024,4409306,Technology,Computer Software: Prepackaged Software
RCL,Royal Caribbean Cruises Ltd. Common Stock,$327.03,-3.56,-1.077%,88830393650.00,United States,1993,1130546,Consumer Discretionary,Marine Transportation
RDDT,Reddit Inc. Class A Common Stock,$235.69,-1.76,-0.741%,44110840300.00,United States,2024,4809061,Technology,EDP Services
REG,Regency Centers Corporation Common Stock,$71.38,-0.10,-0.14%,12959275553.00,United States,1993,1259457,Real Estate,Real Estate Investment Trusts
REGN,Regeneron Pharmaceuticals Inc. Common Stock,$576.98,9.09,1.601%,61152634285.00,United States,1991,777320,Health Care,Biotechnology: Pharmaceutical Preparations
RF,Regions Financial Corporation Common Stock,$26.66,-0.07,-0.262%,23788940718.00,United States,,17567500,Finance,Major Banks
RGA,Reinsurance Group of America Incorporated Common Stock,$191.03,3.12,1.66%,12625889254.00,United States,,446792,Finance,Life Insurance
RGLD,Royal Gold Inc. Common Stock,$189.46,-2.46,-1.282%,12472309999.00,United States,,751484,Industrials,Precious Metals
RGTI,Rigetti Computing Inc. Common Stock,$31.64,0.18,0.572%,10256585979.00,United States,,141252003,Technology,EDP Services
RIVN,Rivian Automotive Inc. Class A Common Stock,$15.79,0.26,1.674%,19160123097.00,United States,2021,50592113,Industrials,Auto Manufacturing
RJF,Raymond James Financial Inc. Common Stock,$171.91,-3.90,-2.218%,34276099314.00,United States,,1535118,Finance,Investment Bankers/Brokers/Service
RKLB,Rocket Lab Corporation Common Stock,$48.69,-4.22,-7.976%,23339829666.00,United States,2020,30589428,Industrials,Military/Government/Technical
RKT,Rocket Companies Inc. Class A Common Stock,$19.59,-0.03,-0.153%,41227537808.00,United States,2020,20605068,Finance,Finance: Consumer Services
RL,Ralph Lauren Corporation Common Stock,$312.01,1.36,0.438%,18899781727.00,United States,1997,671692,Industrials,Garments and Clothing
RMBS,Rambus Inc. Common Stock,$100.73,-1.89,-1.842%,10837925489.00,United States,1997,2267342,Technology,Semiconductors
RMD,ResMed Inc. Common Stock,$274.19,-1.42,-0.515%,40145484705.00,United States,,692845,Health Care,Medical/Dental Instruments
ROK,Rockwell Automation Inc. Common Stock,$342.48,-0.25,-0.073%,38506532285.00,United States,,765674,Industrials,Industrial Machinery/Components
ROKU,Roku Inc. Class A Common Stock,$98.21,-0.79,-0.798%,14469341467.00,United States,2017,2780810,Telecommunications,Cable & Other Pay Television Services
ROL,Rollins Inc. Common Stock,$56.11,0.71,1.282%,27193150568.00,United States,,1612805,Consumer Discretionary,Diversified Commercial Services
ROP,Roper Technologies Inc. Common Stock,$505.68,1.69,0.335%,54418158520.00,United States,1992,765694,Technology,Computer Software: Programming Data Processing
ROST,Ross Stores Inc. Common Stock,$149.43,3.75,2.574%,48598560928.00,United States,1985,2689221,Consumer Discretionary,Clothing/Shoe/Accessory Stores
RPM,RPM International Inc. Common Stock,$118.30,-1.25,-1.046%,15186912150.00,United States,,769243,Consumer Discretionary,Paints/Coatings
RPRX,Royalty Pharma plc Class A Ordinary Shares ,$35.77,-0.47,-1.297%,20860144639.00,United States,2020,4242151,Health Care,Biotechnology: Pharmaceutical Preparations
RS,Reliance Inc. Common Stock,$284.34,1.33,0.47%,14954448017.00,United States,1994,261842,Industrials,Metal Fabrications
RSG,Republic Services Inc. Common Stock,$227.40,-0.13,-0.057%,70997877468.00,United States,1998,1516342,Utilities,Environmental Services
RTX,RTX Corporation Common Stock,$161.38,0.84,0.523%,216013880041.00,United States,,4268412,Industrials,Aerospace
RYAN,Ryan Specialty Holdings Inc. Class A Common Stock,$55.24,0.76,1.395%,14566926984.00,United States,2021,2112584,Finance,Specialty Insurers
SAIL,SailPoint Inc. Common Stock,$22.17,-0.19,-0.85%,12340604424.00,United States,2025,1115189,Technology,Computer Software: Prepackaged Software
SATS,EchoStar  Corporation Common Stock,$73.10,-0.54,-0.733%,21032071179.00,United States,,2862497,Consumer Discretionary,Telecommunications Equipment
SBAC,SBA Communications Corporation Class A Common Stock,$195.23,-3.59,-1.806%,20963604708.00,United States,1999,1408508,Real Estate,Real Estate Investment Trusts
SBUX,Starbucks Corporation Common Stock,$84.27,-1.42,-1.657%,95789709000.00,United States,1992,9659773,Consumer Discretionary,Restaurants
SCCO,Southern Copper Corporation Common Stock,$119.50,9.24,8.38%,96086117038.00,United States,,5791744,Basic Materials,Metal Mining
SCHW,Charles Schwab Corporation (The) Common Stock,$92.37,-1.54,-1.64%,167671806741.00,United States,,10336243,Finance,Investment Bankers/Brokers/Service
SCI,Service Corporation International Common Stock,$81.06,-0.31,-0.381%,11367855859.00,United States,,1432020,Consumer Discretionary,Other Consumer Services
SE,Sea Limited American Depositary Shares each representing one Class A Ordinary Share,$185.82,0.57,0.308%,110009144136.00,United States,2017,2495505,Consumer Discretionary,Other Consumer Services
SEIC,SEI Investments Company Common Stock,$85.97,-0.21,-0.244%,10628046408.00,United States,1981,1366714,Finance,Investment Bankers/Brokers/Service
SF,Stifel Financial Corporation Common Stock,$112.32,-2.10,-1.835%,11476116962.00,United States,,726165,Finance,Investment Bankers/Brokers/Service
SFM,Sprouts Farmers Market Inc. Common Stock,$115.74,-3.64,-3.049%,11310826800.00,United States,2013,1975349,Consumer Staples,Food Chains
SGI,Somnigroup International Inc. Common Stock,$82.09,-2.35,-2.783%,17229714129.00,United States,,2750891,Consumer Discretionary,Home Furnishings
SHW,Sherwin-Williams Company (The) Common Stock,$342.96,-1.49,-0.433%,85511354055.00,United States,,1128152,Consumer Discretionary,RETAIL: Building Materials
SJM,The J.M. Smucker Company Common Stock,$110.32,2.31,2.139%,11769506851.00,United States,,2592522,Consumer Staples,Packaged Foods
SLMBP,SLM Corporation Floating Rate Non-Cumulative Preferred Stock Series B,$76.00,0.27,0.357%,15844584880.00,United States,,11637,Finance,Finance: Consumer Services
SMCI,Super Micro Computer Inc. Common Stock,$46.20,-0.79,-1.681%,27455426830.00,United States,2020,24943374,Technology,Computer Manufacturing
SMR,NuScale Power Corporation Class A Common Stock,$39.67,-1.97,-4.731%,11301063648.00,United States,2022,16711646,Industrials,Metal Fabrications
SN,SharkNinja Inc. Ordinary Shares,$107.64,-2.02,-1.842%,15106998011.00,United States,2023,1236924,Consumer Discretionary,Consumer Electronics/Appliances
SNA,Snap-On Incorporated Common Stock,$339.47,-0.68,-0.20%,17707899553.00,United States,,269507,Consumer Discretionary,Industrial Machinery/Components
SNAP,Snap Inc. Class A Common Stock,$8.22,-0.20,-2.375%,13890423693.00,United States,2017,143412660,Technology,Computer Software: Programming Data Processing
SNDK,Sandisk Corporation Common Stock,$99.83,-6.57,-6.175%,14555767857.00,United States,,12404149,Technology,Electronic Components
SNOW,Snowflake Inc. Common Stock,$222.57,-0.97,-0.434%,75406716000.00,United States,2020,3257862,Technology,Computer Software: Prepackaged Software
SNPS,Synopsys Inc. Common Stock,$468.09,-22.23,-4.534%,86947096345.00,United States,1992,4019254,Technology,Computer Software: Prepackaged Software
SNX,TD SYNNEX Corporation Common Stock,$150.34,-1.54,-1.014%,12398100657.00,United States,2003,1128109,Technology,Retail: Computer Software & Peripheral Equipment
SO,Southern Company (The) Common Stock,$94.41,0.69,0.736%,103855475695.00,United States,,4825196,Utilities,Electric Utilities: Central
SOFI,SoFi Technologies Inc. Common Stock  ,$28.44,-0.65,-2.234%,34055480844.00,United States,,45935991,Finance,Finance: Consumer Services
SOJC,Southern Company (The) Series 2017B 5.25% Junior Subordinated Notes due December 1 2077,$23.50,-0.15,-0.634%,25851114065.00,United States,2017,18872,Utilities,Electric Utilities: Central
SOJD,Southern Company (The) Series 2020A 4.95% Junior Subordinated Notes due January 30 2080,$21.73,-0.105,-0.481%,23904030154.00,United States,2020,106531,Utilities,Electric Utilities: Central
SOJE,Southern Company (The) Series 2020C 4.20% Junior Subordinated Notes due October 15 2060,$19.19,-0.09,-0.467%,21004716493.00,United States,2020,27922,Basic Materials,Metal Mining
SOLV,Solventum Corporation Common Stock,$71.82,-1.57,-2.139%,12452711652.00,United States,2024,827727,Health Care,Medical/Dental Instruments
SPG,Simon Property Group Inc. Common Stock,$183.13,-1.00,-0.543%,59790619688.00,United States,,1531199,Real Estate,Real Estate Investment Trusts
SPGI,S&P Global Inc. Common Stock,$490.74,-6.02,-1.212%,149822922000.00,United States,,2582084,Finance,Finance: Consumer Services
SRE,DBA Sempra Common Stock,$87.28,1.23,1.429%,56947793341.00,United States,,4580463,Utilities,Natural Gas Distribution
SREA,DBA Sempra 5.750% Junior Subordinated Notes due 2079,$23.53,-0.02,-0.085%,14897922439.00,United States,2019,39426,Utilities,Natural Gas Distribution
SSB,SouthState Bank Corporation Common Stock,$100.24,-0.06,-0.06%,10145188957.00,United States,,447651,Finance,Major Banks
SSNC,SS&C Technologies Holdings Inc. Common Stock,$87.93,-0.88,-0.991%,21474320963.00,United States,2010,1285618,Technology,Computer Software: Prepackaged Software
STE,STERIS plc (Ireland) Ordinary Shares,$245.99,-3.24,-1.30%,24227704170.00,United States,,564482,Health Care,Industrial Specialties
STLD,Steel Dynamics Inc.,$136.37,-0.32,-0.234%,20074289802.00,United States,1996,905421,Industrials,Steel/Iron Ore
STRC,Strategy Inc Variable Rate Series A Perpetual Stretch Preferred Stock,$97.50,0.10,0.103%,27646412333.00,United States,,134595,Technology,Computer Software: Prepackaged Software
STRD,Strategy Inc 10.00% Series A Perpetual Stride Preferred Stock,$79.30,0.01,0.013%,22485748697.00,United States,,75850,Technology,Computer Software: Prepackaged Software
STRF,Strategy Inc 10.00% Series A Perpetual Strife Preferred Stock,$110.75,-0.10,-0.09%,31403488880.00,United States,,60291,Technology,Computer Software: Prepackaged Software
STRK,Strategy Inc 8.00% Series A Perpetual Strike Preferred Stock,$93.00,-1.25,-1.326%,26370424071.00,United States,,146707,Technology,Computer Software: Prepackaged Software
STRL,Sterling Infrastructure Inc. Common Stock,$344.05,-27.79,-7.474%,10465942856.00,United States,,773306,Industrials,Military/Government/Technical
STT,State Street Corporation Common Stock,$112.96,0.01,0.009%,32046225832.00,United States,,1257592,Finance,Major Banks
STZ,Constellation Brands Inc. Common Stock,$133.39,1.61,1.222%,23515777426.00,United States,,2590009,Consumer Staples,Beverages (Production/Distribution)
SUI,Sun Communities Inc. Common Stock,$127.98,-1.00,-0.775%,16017396411.00,United States,1993,1031609,Real Estate,Real Estate Investment Trusts
SWK,Stanley Black & Decker Inc. Common Stock,$75.09,-0.18,-0.239%,11623349827.00,United States,,1160773,Consumer Discretionary,Industrial Machinery/Components
SWKS,Skyworks Solutions Inc. Common Stock,$80.66,-0.60,-0.738%,11972167635.00,United States,,1678560,Technology,Semiconductors
SYF,Synchrony Financial Common Stock,$74.63,-0.11,-0.147%,27766654807.00,United States,2014,2587720,Finance,Finance: Consumer Services
SYK,Stryker Corporation Common Stock,$371.22,-2.30,-0.616%,141920115164.00,United States,,1684735,Health Care,Medical/Dental Instruments
SYM,Symbotic Inc. Class A Common Stock,$53.02,-1.20,-2.213%,31307955031.00,United States,2021,1457792,Industrials,Industrial Machinery/Components
SYY,Sysco Corporation Common Stock,$81.82,-0.40,-0.486%,39127335050.00,United States,,2330085,Consumer Discretionary,Food Distributors
T,AT&T Inc.,$28.32,-0.47,-1.633%,202498916794.00,United States,,28856809,Telecommunications,Telecommunications Equipment
TBB,AT&T Inc. 5.350% Global Notes due 2066,$23.55,-0.05,-0.212%,168391578054.00,United States,2017,54095,Telecommunications,Telecommunications Equipment
TDG,Transdigm Group Incorporated Common Stock,$1300.00,0.63,0.048%,73255370500.00,United States,2006,227076,Industrials,Military/Government/Technical
TDY,Teledyne Technologies Incorporated Common Stock,$563.92,-3.99,-0.703%,26441361792.00,United States,,290932,Industrials,Industrial Machinery/Components
TEM,Tempus AI Inc. Class A Common Stock,$79.23,-4.90,-5.824%,13764434420.00,United States,2024,9667554,Technology,Computer Software: Programming Data Processing
TER,Teradyne Inc. Common Stock,$133.21,-1.47,-1.091%,21190185198.00,United States,,3687984,Industrials,Electrical Products
TFC,Truist Financial Corporation Common Stock,$45.89,0.19,0.416%,59172179814.00,United States,,8221089,Finance,Major Banks
TGT,Target Corporation Common Stock,$88.31,1.26,1.447%,40127988760.00,United States,,10681064,Consumer Discretionary,Department/Specialty Retail Stores
THC,Tenet Healthcare Corporation Common Stock,$196.63,3.55,1.839%,17372457130.00,United States,,933459,Health Care,Hospital/Nursing Management
TJX,TJX Companies Inc. (The) Common Stock,$140.44,0.72,0.515%,156301118050.00,United States,,5027660,Consumer Discretionary,Clothing/Shoe/Accessory Stores
TKO,TKO Group Holdings Inc. Class A Common Stock,$195.79,-6.50,-3.213%,38824276141.00,United States,2023,1958800,Consumer Discretionary,Services-Misc. Amusement & Recreation
TLN,Talen Energy Corporation Common Stock,$416.94,-6.19,-1.463%,19048035653.00,United States,,479689,Utilities,Electric Utilities: Central
TME,Tencent Music Entertainment Group American Depositary Shares each representing two Class A Ordinary Shares,$23.70,0.42,1.804%,36709036745.00,United States,2018,9077113,Consumer Discretionary,Broadcasting
TMO,Thermo Fisher Scientific Inc Common Stock,$468.00,-1.75,-0.373%,176722472628.00,United States,,2409577,Industrials,Industrial Machinery/Components
TMUS,T-Mobile US Inc. Common Stock,$238.40,-1.09,-0.455%,268299898659.00,United States,,3683550,Telecommunications,Telecommunications Equipment
TOL,Toll Brothers Inc. Common Stock,$137.20,0.61,0.447%,13223747600.00,United States,,1098151,Consumer Discretionary,Homebuilding
TOST,Toast Inc. Class A Common Stock,$37.53,-0.43,-1.133%,21879990000.00,United States,2021,8506488,Technology,EDP Services
TPG,TPG Inc. Class A Common Stock,$60.50,-3.86,-5.998%,22861212259.00,United States,2022,1680811,Finance,Investment Managers
TPL,Texas Pacific Land Corporation Common Stock,$935.00,3.72,0.399%,21493149810.00,United States,,130686,Energy,Oil & Gas Production
TPR,Tapestry Inc. Common Stock,$113.42,-2.72,-2.342%,23605381888.00,United States,,3279072,Consumer Discretionary,Apparel
TRGP,Targa Resources Inc. Common Stock,$172.19,2.05,1.205%,37053884996.00,United States,2010,1164107,Utilities,Natural Gas Distribution
TRI,Thomson Reuters Corporation Common Shares,$157.71,-3.08,-1.916%,71076853986.00,United States,,1573669,Consumer Discretionary,Publishing
TRMB,Trimble Inc. Common Stock,$79.88,-2.16,-2.633%,19008971149.00,United States,1990,1462778,Industrials,Industrial Machinery/Components
TROW,T. Rowe Price Group Inc. Common Stock,$103.45,-1.21,-1.156%,22729541681.00,United States,1986,1353816,Finance,Investment Bankers/Brokers/Service
TRU,TransUnion Common Stock,$87.09,-1.14,-1.292%,16965132000.00,United States,2015,2032280,Finance,Finance: Consumer Services
TRV,The Travelers Companies Inc. Common Stock,$276.66,0.40,0.145%,62285528451.00,United States,,734372,Finance,Property-Casualty Insurers
TSCO,Tractor Supply Company Common Stock,$57.35,-1.21,-2.066%,30392728217.00,United States,1994,4808893,Consumer Discretionary,RETAIL: Building Materials
TSLA,Tesla Inc. Common Stock,$442.79,16.94,3.978%,1428196513560.00,United States,2010,92646643,Industrials,Auto Manufacturing
TSN,Tyson Foods Inc. Common Stock,$54.46,0.61,1.133%,19375200816.00,United States,,2243485,Consumer Staples,Meat/Poultry/Fish
TTD,The Trade Desk Inc. Class A Common Stock,$46.87,0.01,0.021%,22916752270.00,United States,2016,15375112,Technology,Computer Software: Programming Data Processing
TTWO,Take-Two Interactive Software Inc. Common Stock,$244.12,-7.16,-2.849%,45032868153.00,United States,1997,2075913,Consumer Discretionary,Services-Misc. Amusement & Recreation
TW,Tradeweb Markets Inc. Class A Common Stock,$110.72,-0.93,-0.833%,26179679118.00,United States,2019,997370,Finance,Investment Bankers/Brokers/Service
TWLO,Twilio Inc. Class A Common Stock,$103.24,-0.19,-0.184%,15840485483.00,United States,2016,1841939,Technology,Computer Software: Prepackaged Software
TXN,Texas Instruments Incorporated Common Stock,$184.435,2.395,1.316%,167676713765.00,United States,,5904524,Technology,Semiconductors
TXRH,Texas Roadhouse Inc. Common Stock,$161.75,2.11,1.322%,10748386491.00,United States,2004,1304206,Consumer Discretionary,Restaurants
TXT,Textron Inc. Common Stock,$82.76,-0.25,-0.301%,14748270214.00,United States,,1319352,Industrials,Aerospace
TYL,Tyler Technologies Inc. Common Stock,$522.89,-5.50,-1.041%,22621167831.00,United States,,383891,Technology,Computer Software: Prepackaged Software
U,Unity Software Inc. Common Stock,$44.45,-0.07,-0.157%,18780920122.00,United States,2020,6130509,Technology,Computer Software: Prepackaged Software
UAL,United Airlines Holdings Inc. Common Stock,$101.39,-2.74,-2.631%,32823197011.00,United States,,5796398,Consumer Discretionary,Air Freight/Delivery Services
UBER,Uber Technologies Inc. Common Stock,$97.78,-0.02,-0.02%,203912238139.00,United States,2019,12515320,Real Estate,Real Estate
UDR,UDR Inc. Common Stock,$37.07,-0.44,-1.173%,12283040482.00,United States,,1970053,Real Estate,Real Estate Investment Trusts
UHAL,U-Haul Holding Company Common Stock,$57.30,-0.38,-0.659%,11235262524.00,United States,2022,134857,Consumer Discretionary,Rental/Leasing Companies
UHS,Universal Health Services Inc. Common Stock,$199.70,4.98,2.558%,12708646393.00,United States,,776533,Health Care,Hospital/Nursing Management
UI,Ubiquiti Inc. Common Stock,$638.56,-17.13,-2.613%,38632058173.00,United States,,232650,Technology,Radio And Television Broadcasting And Communications Equipment
ULS,UL Solutions Inc. Class A Common Stock,$67.50,-1.33,-1.932%,13559588190.00,United States,2024,644785,Health Care,Precision Instruments
ULTA,Ulta Beauty Inc. Common Stock,$535.61,11.01,2.099%,24015876142.00,United States,2007,606827,Consumer Discretionary,Other Specialty Stores
UNH,UnitedHealth Group Incorporated Common Stock (DE),$351.81,4.12,1.185%,318625038011.00,United States,,8985336,Health Care,Medical Specialities
UNM,Unum Group Common Stock,$76.83,0.13,0.169%,13085166229.00,United States,,1546960,Finance,Accident &Health Insurance
UNP,Union Pacific Corporation Common Stock,$230.36,2.38,1.044%,136613538900.00,United States,,5910554,Industrials,Railroads
UPS,United Parcel Service Inc. Common Stock,$83.90,-0.51,-0.604%,71111092964.00,United States,1999,6984165,Industrials,Trucking Freight/Courier Services
URI,United Rentals Inc. Common Stock,$935.78,-19.44,-2.035%,60209228723.00,United States,1997,386560,Consumer Discretionary,Diversified Commercial Services
USB,U.S. Bancorp Common Stock,$49.18,-0.17,-0.344%,76533397299.00,United States,,6621081,Finance,Major Banks
USFD,US Foods Holding Corp. Common Stock,$77.17,-0.47,-0.605%,17376493607.00,United States,2016,2189410,Consumer Discretionary,Food Distributors
UTHR,United Therapeutics Corporation Common Stock,$438.75,4.69,1.08%,19843022453.00,United States,1999,1017599,Health Care,Biotechnology: Pharmaceutical Preparations
UWMC,UWM Holdings Corporation Class A Common Stock,$6.44,0.04,0.625%,10299606304.00,United States,,5815696,Finance,Finance: Consumer Services
V,Visa Inc.,$338.68,-0.02,-0.006%,657019521337.00,United States,,5206243,Real Estate,Real Estate
VEEV,Veeva Systems Inc. Class A Common Stock,$277.94,-0.90,-0.323%,45556593133.00,United States,2013,674289,Technology,Computer Software: Prepackaged Software
VICI,VICI Properties Inc. Common Stock,$31.89,-0.04,-0.125%,34006532220.00,United States,2018,12408960,Real Estate,Real Estate Investment Trusts
VIK,Viking Holdings Ltd Ordinary Shares,$60.21,-1.04,-1.698%,26670051652.00,United States,2024,1610412,Consumer Discretionary,Marine Transportation
VLO,Valero Energy Corporation Common Stock,$170.83,0.44,0.258%,53068637428.00,United States,,3521600,Energy,Integrated oil Companies
VLTO,Veralto Corp Common Stock ,$105.63,0.24,0.228%,26213230586.00,United States,2023,1548340,Industrials,Electrical Products
VLYPN,Valley National Bancorp 8.250% Fixed-Rate Reset Non-Cumulative Perpetual Preferred Stock Series C,$26.18,-0.07,-0.267%,14653495754.00,United States,,36075,Finance,Major Banks
VLYPO,Valley National Bancorp 5.50% Fixed-to-Floating Rate Non-Cumulative Perpetual Preferred Stock Series B,$25.12,-0.005,-0.02%,14060191495.00,United States,,2773,Finance,Major Banks
VLYPP,Valley National Bancorp 6.25% Fixed-to-Floating Rate Non-Cumulative Perpetual Preferred Stock Series A,$25.5593,0.00,0.00%,14306076930.00,United States,,42,Finance,Major Banks
VMC,Vulcan Materials Company (Holding Company) Common Stock,$293.81,-3.78,-1.27%,38819398862.00,United States,,759000,Industrials,Mining & Quarrying of Nonmetallic Minerals (No Fuels)
VNOM,Viper Energy Inc. Class A Common Stock,$39.60,1.11,2.884%,11426221818.00,United States,2014,1667466,Energy,Oil & Gas Production
VRSK,Verisk Analytics Inc. Common Stock,$242.95,0.65,0.268%,33943752204.00,United States,2009,1179609,Industrials,Diversified Commercial Services
VRSN,VeriSign Inc. Common Stock,$285.26,-1.38,-0.481%,26643284000.00,United States,1998,366204,Technology,EDP Services
VRT,Vertiv Holdings LLC Class A Common Stock,$141.62,-0.99,-0.694%,54079956956.00,United States,2018,5969007,Technology,Industrial Machinery/Components
VRTX,Vertex Pharmaceuticals Incorporated Common Stock,$376.62,-3.10,-0.816%,96561846980.00,United States,1991,1530649,Health Care,Biotechnology: Pharmaceutical Preparations
VST,Vistra Corp. Common Stock,$202.06,-2.18,-1.067%,68462034667.00,United States,,3841373,Utilities,Electric Utilities: Central
VTR,Ventas Inc. Common Stock,$68.48,-0.06,-0.088%,31122187228.00,United States,,3227457,Real Estate,Real Estate Investment Trusts
VTRS,Viatris Inc. Common Stock,$9.71,0.11,1.146%,11320618353.00,United States,,7632263,Health Care,Biotechnology: Pharmaceutical Preparations
VZ,Verizon Communications Inc. Common Stock,$43.18,-0.17,-0.392%,182060905209.00,United States,,21157346,Telecommunications,Telecommunications Equipment
W,Wayfair Inc. Class A Common Stock,$82.93,-0.12,-0.144%,10752781422.00,United States,2014,3219911,Consumer Discretionary,Catalog/Specialty Distribution
WAB,Westinghouse Air Brake Technologies Corporation Common Stock,$192.31,-2.20,-1.131%,32876005469.00,United States,,961961,Industrials,Railroads
WAT,Waters Corporation Common Stock,$292.65,-6.57,-2.196%,17419736645.00,United States,1995,702428,Industrials,Biotechnology: Laboratory Analytical Instruments
WBD,Warner Bros. Discovery Inc. Series A Common Stock ,$19.82,0.26,1.329%,49069806629.00,United States,,43270906,Consumer Discretionary,Services-Misc. Amusement & Recreation
WCC,WESCO International Inc. Common Stock,$207.70,-2.45,-1.166%,10107245906.00,United States,1999,552303,Consumer Discretionary,Telecommunications Equipment
WDAY,Workday Inc. Class A Common Stock,$241.51,1.19,0.495%,64483170000.00,United States,,2147008,Technology,EDP Services
WDC,Western Digital Corporation Common Stock,$109.69,-0.56,-0.508%,38053888001.00,United States,,8407000,Technology,Electronic Components
WEC,WEC Energy Group Inc. Common Stock,$112.02,0.26,0.233%,36055473568.00,United States,,1988000,Utilities,Power Generation
WELL,Welltower Inc. Common Stock,$170.97,-1.58,-0.916%,114349171304.00,United States,,3678761,Real Estate,Real Estate Investment Trusts
WES,Western Midstream Partners LP Common Units Representing Limited Partner Interests,$39.20,0.66,1.713%,14948081277.00,United States,2012,1144140,Utilities,Natural Gas Distribution
WFC,Wells Fargo & Company Common Stock,$84.11,-0.26,-0.308%,269441440089.00,United States,,9478727,Finance,Major Banks
WLK,Westlake Corporation Common Stock,$78.88,-0.82,-1.029%,10116065462.00,United States,2004,1022008,Industrials,Major Chemicals
WM,Waste Management Inc. Common Stock,$219.42,1.19,0.545%,88389027717.00,United States,,1557869,Utilities,Environmental Services
WMB,Williams Companies Inc. (The) Common Stock,$62.86,1.47,2.395%,76763213061.00,United States,,8889439,Utilities,Natural Gas Distribution
WMG,Warner Music Group Corp. Class A Common Stock,$33.435,0.125,0.375%,17428558099.00,United States,2020,1289805,Consumer Discretionary,Services-Misc. Amusement & Recreation
WMS,Advanced Drainage Systems Inc. Common Stock,$138.25,-6.08,-4.213%,10749298333.00,United States,2014,730380,Consumer Discretionary,Containers/Packaging
WMT,Walmart Inc. Common Stock,$102.73,0.21,0.205%,819050995763.00,United States,,11387444,Consumer Discretionary,Department/Specialty Retail Stores
WPC,W. P. Carey Inc. REIT,$67.32,-0.41,-0.605%,14742497817.00,United States,,1245992,Real Estate,Real Estate Investment Trusts
WRB,W.R. Berkley Corporation Common Stock,$74.81,0.67,0.904%,28374892348.00,United States,,1788481,Finance,Property-Casualty Insurers
WSM,Williams-Sonoma Inc. Common Stock (DE),$200.39,0.01,0.005%,24405564830.00,United States,,1117068,Consumer Discretionary,Home Furnishings
WSO,Watsco Inc. Common Stock,$390.65,-4.90,-1.239%,15839502726.00,United States,,398875,Consumer Discretionary,Industrial Machinery/Components
WST,West Pharmaceutical Services Inc. Common Stock,$259.94,9.14,3.644%,18691590061.00,United States,,1166250,Health Care,Medical/Dental Instruments
WTRG,Essential Utilities Inc. Common Stock,$37.80,0.27,0.719%,10601715688.00,United States,,2265276,Utilities,Water Supply
WWD,Woodward Inc. Common Stock,$237.54,-1.54,-0.644%,14244376136.00,United States,,370506,Energy,Industrial Machinery/Components
WY,Weyerhaeuser Company Common Stock,$24.61,0.23,0.943%,17756385710.00,United States,,4480935,Real Estate,Real Estate Investment Trusts
WYNN,Wynn Resorts Limited Common stock,$125.92,-1.59,-1.247%,13092724784.00,United States,2002,1119150,Consumer Discretionary,Hotels/Resorts
XEL,Xcel Energy Inc. Common Stock,$77.93,4.89,6.695%,46089841974.00,United States,,14055011,Utilities,Power Generation
XOM,Exxon Mobil Corporation Common Stock,$114.56,0.61,0.535%,488397578726.00,United States,,14753981,Energy,Integrated oil Companies
XPO,XPO Inc. Common Stock,$130.11,-3.17,-2.378%,15322024619.00,United States,,887365,Consumer Discretionary,Transportation Services
XYL,Xylem Inc. Common Stock New,$141.46,-1.65,-1.153%,34432734464.00,United States,2011,1065869,Industrials,Fluid Controls
XYZ,Block Inc. Class A Common Stock,$76.49,-0.05,-0.065%,46627080160.00,United States,2015,5065113,Technology,Computer Software: Prepackaged Software
YUM,Yum! Brands Inc.,$149.45,0.01,0.007%,41477709767.00,United States,,2808344,Consumer Discretionary,Restaurants
YUMC,Yum China Holdings Inc. Common Stock,$43.09,0.53,1.245%,15888065687.00,United States,2016,1222079,Consumer Discretionary,Restaurants
Z,Zillow Group Inc. Class C Capital Stock,$79.00,-0.23,-0.29%,19139500877.00,United States,,3021762,Real Estate,Real Estate
ZBH,Zimmer Biomet Holdings Inc. Common Stock,$98.98,-1.31,-1.306%,19607540496.00,United States,,1406807,Health Care,Industrial Specialties
ZBRA,Zebra Technologies Corporation Class A Common Stock,$308.48,-5.57,-1.774%,15684712180.00,United States,1991,282545,Industrials,Industrial Machinery/Components
ZG,Zillow Group Inc. Class A Common Stock,$76.49,0.025,0.033%,18531397748.00,United States,2011,790912,Real Estate,Real Estate
ZM,Zoom Communications Inc. Class A Common Stock,$83.01,0.43,0.521%,24844010106.00,United States,2019,1997655,Technology,Computer Software: Programming Data Processing
ZS,Zscaler Inc. Common Stock,$284.42,-4.87,-1.683%,45023920078.00,United States,2018,1031196,Technology,EDP Services
ZTS,Zoetis Inc. Class A Common Stock,$141.67,-0.94,-0.659%,62785802478.00,United States,2013,4224542,Health Care,Biotechnology: Pharmaceutical Preparations
